D,0.34884175658226013,0.7473524808883667,2.586025402706582e-07,0.3962180018424988,0.7006639838218689,-0.062414366751909256,0.41552722454071045,0.6184626817703247,-0.09676560014486313,0.37576010823249817,0.5359222888946533,-0.12684616446495056,0.3377578854560852,0.46252942085266113,-0.15328626334667206,0.44467684626579285,0.4390692114830017,-0.051442332565784454,0.4686410427093506,0.3000587224960327,-0.09473718702793121,0.4824238419532776,0.20824334025382996,-0.11908519268035889,0.4882567822933197,0.13357266783714294,-0.13525928556919098,0.385020911693573,0.44815006852149963,-0.047750383615493774,0.3768598437309265,0.36381015181541443,-0.11476694792509079,0.37864944338798523,0.46035850048065186,-0.13164803385734558,0.3882952034473419,0.5177181363105774,-0.126174196600914,0.33044978976249695,0.4785217046737671,-0.05127390846610069,0.3187920153141022,0.4432249963283539,-0.12083224952220917,0.3374338448047638,0.5401495099067688,-0.11600114405155182,0.35345256328582764,0.5824818015098572,-0.0941929966211319,0.2840679883956909,0.5235180258750916,-0.05991198122501373,0.2816953659057617,0.4991140365600586,-0.10933218151330948,0.3036019504070282,0.5682789087295532,-0.10340015590190887,0.32068848609924316,0.6005581617355347,-0.0861932560801506
D,0.49056681990623474,0.7125097513198853,1.0206672840240572e-07,0.5589393377304077,0.6969212293624878,-0.059148505330085754,0.6164512634277344,0.6373457908630371,-0.09554940462112427,0.5722714066505432,0.5792606472969055,-0.12589681148529053,0.5122994184494019,0.5362023115158081,-0.1521638184785843,0.6086798310279846,0.4213622212409973,-0.07435524463653564,0.6169532537460327,0.2697664201259613,-0.12538044154644012,0.6232738494873047,0.18015483021736145,-0.15335604548454285,0.6247643232345581,0.09995579719543457,-0.17285926640033722,0.5487133264541626,0.41484683752059937,-0.07522605359554291,0.5631274580955505,0.4165509343147278,-0.14122366905212402,0.5635626316070557,0.5266605019569397,-0.15463301539421082,0.5649131536483765,0.5610861778259277,-0.15104161202907562,0.49577024579048157,0.4389522671699524,-0.08268500119447708,0.5093165040016174,0.48821336030960083,-0.144621342420578,0.5232020020484924,0.584497332572937,-0.1354580819606781,0.5361309051513672,0.590942919254303,-0.1173691675066948,0.45117565989494324,0.48261559009552,-0.09617368876934052,0.46860989928245544,0.5411760807037354,-0.13399192690849304,0.49227041006088257,0.6125392913818359,-0.12242523580789566,0.5071601867675781,0.6194969415664673,-0.10566675662994385
D,0.45711052417755127,0.5618827939033508,6.500278715293462e-08,0.4820210039615631,0.5297585725784302,-0.04196560010313988,0.4842233657836914,0.4795425236225128,-0.05985865741968155,0.44188281893730164,0.44995439052581787,-0.07250641286373138,0.4061334431171417,0.42703548073768616,-0.08237221091985703,0.48797139525413513,0.3703760802745819,-0.0347396582365036,0.486272394657135,0.28545254468917847,-0.05986163392663002,0.4849962294101715,0.23027552664279938,-0.07527872174978256,0.4817523658275604,0.18611043691635132,-0.08520140498876572,0.45634886622428894,0.3852587342262268,-0.02798324078321457,0.43538734316825867,0.3623996675014496,-0.06437705457210541,0.44300577044487,0.41413313150405884,-0.07476077973842621,0.45610034465789795,0.4431724548339844,-0.07298971712589264,0.4293454587459564,0.4094795286655426,-0.02618592232465744,0.4116572439670563,0.4082430303096771,-0.06378310918807983,0.4269442856311798,0.45614397525787354,-0.06416034698486328,0.4417717456817627,0.4687567949295044,-0.05418936535716057,0.41012999415397644,0.4395451843738556,-0.027993157505989075,0.3945985734462738,0.43271976709365845,-0.053256966173648834,0.4101825952529907,0.46482545137405396,-0.050116635859012604,0.42467889189720154,0.4786235988140106,-0.040510453283786774
D,0.5501680374145508,0.5334466099739075,7.686948322316312e-08,0.5672594308853149,0.5102388262748718,-0.03503885120153427,0.5654325485229492,0.47090208530426025,-0.05209354683756828,0.530418872833252,0.44495493173599243,-0.06544284522533417,0.5000236630439758,0.4211136996746063,-0.07675261050462723,0.5740617513656616,0.3769800066947937,-0.030038733035326004,0.5713340640068054,0.3077586591243744,-0.05325494334101677,0.5695062875747681,0.26060357689857483,-0.06741460412740707,0.566876232624054,0.22286970913410187,-0.07645801454782486,0.5468947887420654,0.38636693358421326,-0.024159766733646393,0.525059700012207,0.36995694041252136,-0.05653804540634155,0.5332596898078918,0.4147428274154663,-0.06488645821809769,0.5484720468521118,0.4352341294288635,-0.06284783780574799,0.5237877368927002,0.40381157398223877,-0.02236878126859665,0.5037931203842163,0.4052116274833679,-0.05452461168169975,0.5162421464920044,0.44667842984199524,-0.05188768357038498,0.5319929718971252,0.4547143578529358,-0.041640397161245346,0.5066112875938416,0.4258234202861786,-0.02369428053498268,0.48839667439460754,0.423997700214386,-0.04531369358301163,0.5012185573577881,0.453885942697525,-0.04111696034669876,0.5170338153839111,0.4633077383041382,-0.03175466135144234
D,0.4402577579021454,0.9763307571411133,4.543984744032059e-07,0.5187811255455017,0.9618130326271057,-0.08759467303752899,0.5848828554153442,0.8885685205459595,-0.15117798745632172,0.5054928660392761,0.8274205327033997,-0.20932744443416595,0.4114694893360138,0.7849934697151184,-0.2649758458137512,0.5714607238769531,0.5783658623695374,-0.11650493741035461,0.5815978646278381,0.34267354011535645,-0.1886281818151474,0.5888540148735046,0.1990467607975006,-0.22494789958000183,0.5912673473358154,0.08058887720108032,-0.2507495582103729,0.48168039321899414,0.5663073658943176,-0.11696100234985352,0.4807285964488983,0.5771529078483582,-0.22017206251621246,0.48906823992729187,0.7433091402053833,-0.23860286176204681,0.5051127672195435,0.7989073991775513,-0.23074005544185638,0.4031171500682831,0.6096888184547424,-0.1254250556230545,0.4020874798297882,0.6822052001953125,-0.2223883718252182,0.42971235513687134,0.8166396021842957,-0.20551829040050507,0.45924270153045654,0.8373827338218689,-0.17570269107818604,0.33490556478500366,0.6780645847320557,-0.14204756915569305,0.3381477892398834,0.7750158309936523,-0.2114325612783432,0.38027864694595337,0.8820788860321045,-0.19828173518180847,0.41801053285598755,0.9047553539276123,-0.17271490395069122
D,0.4533689618110657,0.9310616254806519,1.7695636245207425e-07,0.5316163897514343,0.8815960884094238,-0.0643300861120224,0.5941358804702759,0.7727365493774414,-0.10516125708818436,0.5606633424758911,0.6766756176948547,-0.1421809196472168,0.4898855984210968,0.6126036643981934,-0.17392708361148834,0.5947474241256714,0.5174514055252075,-0.05980727821588516,0.6027153730392456,0.32983848452568054,-0.11060081422328949,0.6118789911270142,0.21636438369750977,-0.13439501821994781,0.6086876392364502,0.11857065558433533,-0.15156356990337372,0.5197377800941467,0.5264124274253845,-0.06506650149822235,0.5439251661300659,0.4384452998638153,-0.14008593559265137,0.5564106106758118,0.5830389857292175,-0.15133796632289886,0.5528796911239624,0.6337295770645142,-0.14031819999217987,0.45377370715141296,0.5651756525039673,-0.07840288430452347,0.4737060070037842,0.5497198104858398,-0.15660952031612396,0.5014761090278625,0.680532693862915,-0.14065949618816376,0.506703794002533,0.6990607976913452,-0.11181917041540146,0.3911675214767456,0.6245048642158508,-0.09782406687736511,0.4177355170249939,0.643245279788971,-0.1470426470041275,0.4471209943294525,0.7368518114089966,-0.13064579665660858,0.45105746388435364,0.7487329244613647,-0.10808143019676208
D,0.532832145690918,0.7298808097839355,-1.0109121717505332e-07,0.6010544300079346,0.694928765296936,-0.04600032791495323,0.6583371162414551,0.6092904806137085,-0.06682970374822617,0.6432204246520996,0.5105780363082886,-0.08867249637842178,0.6180177927017212,0.42516499757766724,-0.10907173901796341,0.6870465874671936,0.4317273795604706,-0.02695980854332447,0.7187416553497314,0.2814648747444153,-0.05732111632823944,0.7354703545570374,0.1931437849998474,-0.0743870809674263,0.7504236698150635,0.11762705445289612,-0.08450492471456528,0.6328909993171692,0.4164101481437683,-0.02724197693169117,0.6526954770088196,0.32999560236930847,-0.08872935175895691,0.6329920887947083,0.431336373090744,-0.11089616268873215,0.6200046539306641,0.5144006609916687,-0.10806926339864731,0.5789601802825928,0.4145759642124176,-0.03264583647251129,0.5927630066871643,0.3402661681175232,-0.09578176587820053,0.5853455662727356,0.44631290435791016,-0.0983026921749115,0.5775942802429199,0.5326973795890808,-0.07992479205131531,0.5244942307472229,0.42151618003845215,-0.04149290919303894,0.5370064377784729,0.3158499002456665,-0.08222351223230362,0.540418267250061,0.36331790685653687,-0.07704465091228485,0.5380856394767761,0.42563626170158386,-0.06063070893287659
D,0.5367082357406616,0.702365517616272,-7.384296907275711e-08,0.6037010550498962,0.6636226773262024,-0.04675525799393654,0.655862033367157,0.5787980556488037,-0.06896894425153732,0.6509785652160645,0.48007574677467346,-0.09243162721395493,0.6286666393280029,0.3911469876766205,-0.11491840332746506,0.6807418465614319,0.4095761179924011,-0.023557595908641815,0.7094388008117676,0.27293723821640015,-0.05241506174206734,0.7250540256500244,0.1889861673116684,-0.06952718645334244,0.739133358001709,0.11751097440719604,-0.0802174061536789,0.6285213232040405,0.39711013436317444,-0.02308264560997486,0.649258017539978,0.3074810206890106,-0.0820985808968544,0.6269633769989014,0.4084170460700989,-0.10483984649181366,0.6131824851036072,0.4895821213722229,-0.10306416451931,0.5761595964431763,0.39792054891586304,-0.02791917882859707,0.5909842848777771,0.3196988105773926,-0.08906537294387817,0.5830419659614563,0.4208076298236847,-0.09331969171762466,0.5753487944602966,0.5075230598449707,-0.07680480927228928,0.5246426463127136,0.40756645798683167,-0.03620919957756996,0.5361917018890381,0.3024747371673584,-0.07572312653064728,0.5402918457984924,0.3459060788154602,-0.07263433188199997,0.5393723249435425,0.4081697165966034,-0.058563414961099625
D,0.5452159643173218,0.7003472447395325,-5.7930058972033294e-08,0.6134973764419556,0.6662251353263855,-0.05188734829425812,0.6676132082939148,0.5850128531455994,-0.0759107768535614,0.6621798276901245,0.4855240285396576,-0.1003074124455452,0.6475868225097656,0.39270099997520447,-0.12310241162776947,0.6908286809921265,0.406546413898468,-0.028779905289411545,0.722102165222168,0.2639579772949219,-0.05903858318924904,0.7387807369232178,0.17779137194156647,-0.07655525952577591,0.7531792521476746,0.1045057475566864,-0.08726713061332703,0.6379114389419556,0.39438527822494507,-0.026223434135317802,0.656995415687561,0.2998916506767273,-0.08762530982494354,0.6360918283462524,0.40024417638778687,-0.11174768209457397,0.6238318085670471,0.48228466510772705,-0.11031670868396759,0.585944652557373,0.3946830630302429,-0.02945222333073616,0.5999688506126404,0.3131800591945648,-0.09101656824350357,0.5935014486312866,0.41060498356819153,-0.09737592935562134,0.5873335003852844,0.49647432565689087,-0.08227377384901047,0.5355713963508606,0.4034712314605713,-0.03674532100558281,0.5468687415122986,0.2993185222148895,-0.0761527419090271,0.5512956380844116,0.33772924542427063,-0.07564040273427963,0.5507845878601074,0.3953070640563965,-0.06358124315738678
D,0.3505763113498688,0.6973833441734314,-4.623697336114674e-08,0.3865611255168915,0.6771133542060852,-0.05044052004814148,0.41392087936401367,0.617058277130127,-0.0764029324054718,0.4019577205181122,0.5492620468139648,-0.09803822636604309,0.37061718106269836,0.49445509910583496,-0.11704563349485397,0.456974595785141,0.4777619242668152,-0.0489572212100029,0.477342426776886,0.3500801920890808,-0.08297138661146164,0.48420941829681396,0.27352839708328247,-0.10422543436288834,0.48947417736053467,0.20824003219604492,-0.11839567869901657,0.4130304455757141,0.46643975377082825,-0.043567363172769547,0.41493383049964905,0.4169815182685852,-0.09742309898138046,0.395095556974411,0.4977591633796692,-0.1127617359161377,0.3905376195907593,0.5510205626487732,-0.11076362431049347,0.3683493733406067,0.4618380069732666,-0.043345171958208084,0.363937646150589,0.42428314685821533,-0.09697740525007248,0.3561968505382538,0.5068599581718445,-0.09404198825359344,0.35765883326530457,0.5581718683242798,-0.07772452384233475,0.3260030448436737,0.4658764898777008,-0.04724457859992981,0.32643553614616394,0.4082116484642029,-0.08387787640094757,0.325385183095932,0.4662370979785919,-0.07688608020544052,0.3260565996170044,0.5161859393119812,-0.06169972941279411
D,0.4194726347923279,0.8295360207557678,-1.2428655793428334e-07,0.48487919569015503,0.812926709651947,-0.0637400671839714,0.5521425008773804,0.7333818674087524,-0.09818252921104431,0.5239600539207458,0.6311453580856323,-0.12844471633434296,0.4636619985103607,0.5630013346672058,-0.15683579444885254,0.5745028853416443,0.5163128972053528,-0.057018574327230453,0.598677396774292,0.3462354242801666,-0.09767264127731323,0.607903242111206,0.2456682324409485,-0.12167534977197647,0.6176925897598267,0.15736529231071472,-0.13799622654914856,0.5133019685745239,0.49931076169013977,-0.05202772468328476,0.5339868068695068,0.44088035821914673,-0.1252177506685257,0.5055884122848511,0.5626878142356873,-0.14698956906795502,0.48752978444099426,0.6477366089820862,-0.14287221431732178,0.4540853202342987,0.499298095703125,-0.05265204608440399,0.46548935770988464,0.45182672142982483,-0.125094935297966,0.45174315571784973,0.5721257328987122,-0.11987341195344925,0.4421261250972748,0.650581419467926,-0.09529944509267807,0.39398193359375,0.5131098031997681,-0.05794131010770798,0.4066927433013916,0.4305446743965149,-0.1050073653459549,0.4080336391925812,0.5112890601158142,-0.0925140455365181,0.40569281578063965,0.581386387348175,-0.06937937438488007
D,0.6206474304199219,0.8407273292541504,-3.540610009622469e-07,0.5262587070465088,0.7977256774902344,-0.0413501039147377,0.4439961910247803,0.7101583480834961,-0.07901687175035477,0.40569448471069336,0.6196469068527222,-0.12037087976932526,0.4476785659790039,0.5486302375793457,-0.16046978533267975,0.49042683839797974,0.4757404625415802,-0.049759477376937866,0.47013476490974426,0.3012241721153259,-0.10450799018144608,0.464919775724411,0.1963079869747162,-0.13397565484046936,0.4664248526096344,0.10813111066818237,-0.15352235734462738,0.5664091110229492,0.4693816006183624,-0.06065477430820465,0.482965350151062,0.4632081091403961,-0.15316620469093323,0.4759088158607483,0.612312912940979,-0.1669100970029831,0.4958362579345703,0.7044669985771179,-0.15214648842811584,0.6310573816299438,0.4955635368824005,-0.07781528681516647,0.5398701429367065,0.5440506935119629,-0.16117969155311584,0.5368207693099976,0.6787792444229126,-0.13991102576255798,0.5567148327827454,0.7475341558456421,-0.10120412707328796,0.6884333491325378,0.5413455367088318,-0.09938590973615646,0.608074426651001,0.5878814458847046,-0.1468278169631958,0.5964252948760986,0.681725800037384,-0.12946689128875732,0.6102473735809326,0.7251574397087097,-0.10118961334228516
D,0.626025378704071,0.8480751514434814,-3.5130648257108987e-07,0.5306084752082825,0.8079700469970703,-0.0427166149020195,0.4447234272956848,0.7235297560691833,-0.0802442729473114,0.4025006890296936,0.6343518495559692,-0.1212267056107521,0.4433428943157196,0.5628063678741455,-0.1607930213212967,0.48542115092277527,0.48262056708335876,-0.05181517079472542,0.46332332491874695,0.303439199924469,-0.10480648279190063,0.45707470178604126,0.19725322723388672,-0.13302643597126007,0.45703014731407166,0.10772404074668884,-0.1519358903169632,0.5649058818817139,0.4718618094921112,-0.061380401253700256,0.48365452885627747,0.47502875328063965,-0.15371578931808472,0.47699129581451416,0.6230374574661255,-0.16837671399116516,0.496925950050354,0.7186043858528137,-0.15410637855529785,0.6316532492637634,0.49676641821861267,-0.07687228918075562,0.5418077707290649,0.5577586889266968,-0.1594458967447281,0.5376847386360168,0.6911324262619019,-0.14065320789813995,0.5559595823287964,0.7642107009887695,-0.10352002829313278,0.6905863285064697,0.542229175567627,-0.09689193964004517,0.6127198338508606,0.6001794338226318,-0.14439521729946136,0.5986758470535278,0.6930935978889465,-0.12946805357933044,0.6082526445388794,0.7406526803970337,-0.1025502160191536
D,0.6191930770874023,0.869621217250824,-3.180819589942985e-07,0.5205385684967041,0.832959771156311,-0.04461149871349335,0.4348078668117523,0.7494665384292603,-0.0831507071852684,0.3895542621612549,0.6611385345458984,-0.12498316168785095,0.43187475204467773,0.5946028232574463,-0.16512325406074524,0.4759630560874939,0.5058311820030212,-0.051858920603990555,0.4508947730064392,0.32493022084236145,-0.10740862041711807,0.4432441294193268,0.21785449981689453,-0.13673831522464752,0.4427586793899536,0.12720859050750732,-0.15605157613754272,0.5541267991065979,0.49296706914901733,-0.0610787570476532,0.46751177310943604,0.4941862225532532,-0.15556706488132477,0.46244215965270996,0.6430376768112183,-0.17009399831295013,0.4854542315006256,0.7349468469619751,-0.15478289127349854,0.6199497580528259,0.516803503036499,-0.0767783373594284,0.527015209197998,0.5845050811767578,-0.16039924323558807,0.5251181721687317,0.7162995934486389,-0.1414957195520401,0.5463435649871826,0.7824516892433167,-0.10372141003608704,0.6777657866477966,0.5616981983184814,-0.09749026596546173,0.5996633768081665,0.6289928555488586,-0.14460454881191254,0.5867412686347961,0.7211093902587891,-0.12995673716068268,0.5970802903175354,0.7640499472618103,-0.10313215851783752
D,0.6297373175621033,0.8801931738853455,-3.0393127303796064e-07,0.5301734209060669,0.8449591994285583,-0.04551834613084793,0.4406784772872925,0.7621980905532837,-0.08586280047893524,0.39315804839134216,0.6714505553245544,-0.1294802725315094,0.4387785792350769,0.606813907623291,-0.17146329581737518,0.4780040383338928,0.5151637196540833,-0.057639461010694504,0.45140424370765686,0.32665514945983887,-0.11639536917209625,0.44267672300338745,0.21589073538780212,-0.14723695814609528,0.4413168430328369,0.12203702330589294,-0.167861208319664,0.560114860534668,0.49786582589149475,-0.06742510944604874,0.4733666777610779,0.505047082901001,-0.16525961458683014,0.47115033864974976,0.6565907597541809,-0.17954841256141663,0.49606946110725403,0.7458102107048035,-0.16375918686389923,0.6292873024940491,0.5201444625854492,-0.08369223028421402,0.5355331897735596,0.595285177230835,-0.16879813373088837,0.5369492173194885,0.7255510687828064,-0.14869938790798187,0.560808539390564,0.78495854139328,-0.11027628928422928,0.6896740198135376,0.5640916228294373,-0.1051945611834526,0.6100316047668457,0.638832151889801,-0.1526496857404709,0.6019289493560791,0.7280099391937256,-0.13767017424106598,0.6172969341278076,0.763070821762085,-0.11072573810815811
D,0.8166893124580383,0.5835641622543335,-2.3116838576697774e-07,0.7690655589103699,0.5520772933959961,-0.025896692648530006,0.73360276222229,0.4957638382911682,-0.04757431522011757,0.7268098592758179,0.44019296765327454,-0.07071274518966675,0.7520303130149841,0.39847204089164734,-0.09341465681791306,0.7627480626106262,0.36000150442123413,-0.03128684312105179,0.7539979815483093,0.26075178384780884,-0.06300730258226395,0.7542818784713745,0.1981848180294037,-0.0825088694691658,0.7566521763801575,0.14693912863731384,-0.09535996615886688,0.8065968751907349,0.35877078771591187,-0.03494342043995857,0.7703040242195129,0.36374616622924805,-0.08533672988414764,0.7624497413635254,0.4400715231895447,-0.09623873978853226,0.7647184133529663,0.49224644899368286,-0.09144575148820877,0.843440592288971,0.37736594676971436,-0.041823890060186386,0.7995445728302002,0.40510818362236023,-0.08629894256591797,0.7913527488708496,0.4763326048851013,-0.07658198475837708,0.792783796787262,0.5197468996047974,-0.05743788555264473,0.8744354248046875,0.4077867567539215,-0.051541805267333984,0.8349814414978027,0.42937225103378296,-0.07791507244110107,0.8233554363250732,0.4793970584869385,-0.06912072002887726,0.8234449028968811,0.5085601210594177,-0.05376224219799042
D,0.5251766443252563,0.6916909217834473,-2.992272243318439e-07,0.45865827798843384,0.6484546065330505,-0.026086298748850822,0.4118279814720154,0.5718408823013306,-0.04881046712398529,0.39825183153152466,0.5004311800003052,-0.07426129281520844,0.4316028952598572,0.4548417031764984,-0.09909133613109589,0.4601844847202301,0.4049524962902069,-0.027293512597680092,0.44847533106803894,0.2839522957801819,-0.06346775591373444,0.44798657298088074,0.2102469503879547,-0.08500061184167862,0.45174887776374817,0.14734801650047302,-0.10003288090229034,0.5136567950248718,0.4046317934989929,-0.03508502244949341,0.45395714044570923,0.3957926630973816,-0.09424666315317154,0.43988490104675293,0.4915320873260498,-0.10565291345119476,0.4465537667274475,0.5528739094734192,-0.0983760729432106,0.5555676817893982,0.42920443415641785,-0.046883948147296906,0.48396891355514526,0.4583354592323303,-0.09970316290855408,0.4744853079319,0.5499414801597595,-0.08616184443235397,0.4838593900203705,0.5975049734115601,-0.062007587403059006,0.587027370929718,0.4708203077316284,-0.06193283200263977,0.5227367281913757,0.5044130086898804,-0.09287136048078537,0.5123772621154785,0.5692370533943176,-0.08177793771028519,0.5219982862472534,0.5983861088752747,-0.06344229727983475
D,0.5258815884590149,0.6892589330673218,-2.906773488575709e-07,0.45778390765190125,0.6451750993728638,-0.02686673402786255,0.41164517402648926,0.5685888528823853,-0.050190649926662445,0.3970266580581665,0.49806201457977295,-0.07610225677490234,0.42863142490386963,0.4504189193248749,-0.10154879838228226,0.45803213119506836,0.400769978761673,-0.027820158749818802,0.4476761519908905,0.2829730212688446,-0.06474940478801727,0.44713789224624634,0.20934906601905823,-0.08748656511306763,0.4508954882621765,0.1455255150794983,-0.10342393815517426,0.5127790570259094,0.3999185264110565,-0.03533467277884483,0.4519270956516266,0.3913995027542114,-0.09426834434270859,0.43713244795799255,0.4873496890068054,-0.1060134768486023,0.4441724717617035,0.5488482713699341,-0.09933798760175705,0.5554940700531006,0.42508989572525024,-0.04698604345321655,0.482740193605423,0.452278733253479,-0.10003548115491867,0.47367364168167114,0.5445102453231812,-0.08642470091581345,0.4839923083782196,0.5931747555732727,-0.06231002137064934,0.5874330401420593,0.46771037578582764,-0.06183096021413803,0.5217607617378235,0.49512797594070435,-0.09327781945466995,0.5132516622543335,0.558696985244751,-0.08188249170780182,0.5248134732246399,0.5881120562553406,-0.06328179687261581
D,0.5234834551811218,0.6908811330795288,-3.091396649779199e-07,0.4567617177963257,0.648206353187561,-0.02542019635438919,0.41005778312683105,0.5713323354721069,-0.04807940497994423,0.3953031003475189,0.4998433589935303,-0.07365681231021881,0.42645394802093506,0.4509607255458832,-0.09866871684789658,0.456392377614975,0.40460723638534546,-0.025953534990549088,0.44549691677093506,0.2860942780971527,-0.0621161125600338,0.44441771507263184,0.21304336190223694,-0.08369269222021103,0.4470725953578949,0.15107887983322144,-0.09883533418178558,0.5093531012535095,0.4049529731273651,-0.034144774079322815,0.4511365294456482,0.39680153131484985,-0.09358834475278854,0.43714791536331177,0.49525880813598633,-0.10481545329093933,0.4438537657260895,0.5568917989730835,-0.09750192612409592,0.551025927066803,0.42950350046157837,-0.046437185257673264,0.4808719754219055,0.45616060495376587,-0.09979332238435745,0.47269827127456665,0.5491897463798523,-0.08578576892614365,0.4830498695373535,0.5949391722679138,-0.06143155321478844,0.5826782584190369,0.4705844819545746,-0.06174170598387718,0.5188089609146118,0.49908703565597534,-0.09301431477069855,0.5121518969535828,0.562709629535675,-0.08136243373155594,0.5251255035400391,0.5881413221359253,-0.06273230165243149
D,0.5084419846534729,0.7028130292892456,-3.08084764810701e-07,0.4392426311969757,0.6585478186607361,-0.024438323453068733,0.391094446182251,0.581911027431488,-0.04703329876065254,0.3731069266796112,0.5099716782569885,-0.07268604636192322,0.40528565645217896,0.46373677253723145,-0.09779263287782669,0.4400445520877838,0.4137214422225952,-0.02437819167971611,0.4297119975090027,0.2936795949935913,-0.058841027319431305,0.4297872483730316,0.22003032267093658,-0.07959973067045212,0.4345274567604065,0.15790250897407532,-0.09436676651239395,0.49218329787254333,0.4134015738964081,-0.03274628892540932,0.4311521053314209,0.407903254032135,-0.08961322903633118,0.41521960496902466,0.5050569176673889,-0.10020182281732559,0.4224458336830139,0.5659662485122681,-0.09334764629602432,0.5325536131858826,0.4384925961494446,-0.0451393648982048,0.46087104082107544,0.4667835533618927,-0.0965333804488182,0.4500225782394409,0.5583521723747253,-0.0826994851231575,0.46013134717941284,0.605629563331604,-0.05913250148296356,0.5621896386146545,0.4801446497440338,-0.060615576803684235,0.49736160039901733,0.507693886756897,-0.0912269875407219,0.48671525716781616,0.5726289749145508,-0.07984890788793564,0.49713021516799927,0.6035522818565369,-0.061587996780872345
D,0.507564127445221,0.7118066549301147,-3.1842873227105883e-07,0.4344587028026581,0.6715952157974243,-0.024972090497612953,0.38237982988357544,0.5945068001747131,-0.047262292355298996,0.36171382665634155,0.518879234790802,-0.07262920588254929,0.3941380977630615,0.4730374217033386,-0.09726518392562866,0.43206706643104553,0.4225710928440094,-0.023532865568995476,0.41860130429267883,0.30275988578796387,-0.05846206098794937,0.41708508133888245,0.22905738651752472,-0.0790921300649643,0.41903921961784363,0.16538509726524353,-0.0940685123205185,0.4840932786464691,0.42018309235572815,-0.03205073997378349,0.4163038432598114,0.42147329449653625,-0.08958473056554794,0.40557870268821716,0.5198056101799011,-0.09906681627035141,0.417308509349823,0.5755596160888672,-0.09131870418787003,0.5239117741584778,0.44391903281211853,-0.04492664337158203,0.44786399602890015,0.4793945550918579,-0.0975026935338974,0.4412557780742645,0.572622537612915,-0.0823957547545433,0.4549342393875122,0.6151883602142334,-0.05765930190682411,0.5535960793495178,0.48496243357658386,-0.061127860099077225,0.4867353141307831,0.5205422043800354,-0.0924505814909935,0.4794260263442993,0.586216151714325,-0.08109322190284729,0.49279674887657166,0.6128246784210205,-0.06272732466459274
D,0.5561968088150024,0.6304550766944885,-2.530446465698333e-07,0.4988361597061157,0.5957309603691101,-0.015044430270791054,0.4651711583137512,0.5447213053703308,-0.032774556428194046,0.44827139377593994,0.49935874342918396,-0.05375178903341293,0.4591069221496582,0.45725929737091064,-0.07423563301563263,0.5112760663032532,0.41644662618637085,-0.01426615845412016,0.5016706585884094,0.33030855655670166,-0.040610700845718384,0.5005732774734497,0.2751987874507904,-0.05651174858212471,0.5021369457244873,0.22825346887111664,-0.06784552335739136,0.5451215505599976,0.4174209237098694,-0.022799400612711906,0.4791069030761719,0.4154433012008667,-0.06397544592618942,0.4709776043891907,0.48716214299201965,-0.07163319736719131,0.4836459755897522,0.5239517092704773,-0.06726974993944168,0.5701111555099487,0.4348031282424927,-0.03435559570789337,0.5000426769256592,0.453499436378479,-0.07250041514635086,0.4977378845214844,0.5220977067947388,-0.060547955334186554,0.5112992525100708,0.5510473251342773,-0.042675890028476715,0.5876806378364563,0.4646293520927429,-0.04795525595545769,0.5269359946250916,0.48007333278656006,-0.0719180777668953,0.5247668623924255,0.52904212474823,-0.062204595655202866,0.5382314324378967,0.5488522052764893,-0.047646664083004
D,0.7730476260185242,0.8752985596656799,-2.9374467658271897e-07,0.7080390453338623,0.8334619998931885,-0.0376855693757534,0.6477012038230896,0.7151895761489868,-0.06130218133330345,0.6587511897087097,0.6057412624359131,-0.08725892752408981,0.718433678150177,0.5576333999633789,-0.11162860691547394,0.6751960515975952,0.5185363292694092,-0.03701207786798477,0.6645455360412598,0.3481515049934387,-0.07869750261306763,0.6673443913459778,0.24965444207191467,-0.1015852689743042,0.6727689504623413,0.16412705183029175,-0.11805003881454468,0.7400866150856018,0.5261817574501038,-0.042837657034397125,0.7257083058357239,0.474273145198822,-0.11922448128461838,0.7142649292945862,0.584872841835022,-0.13391715288162231,0.7099074721336365,0.6566706895828247,-0.1240052878856659,0.8004577159881592,0.551359236240387,-0.05372460559010506,0.7787963151931763,0.5474729537963867,-0.12346567213535309,0.75984787940979,0.6686603426933289,-0.11038368195295334,0.7511889934539795,0.7309052348136902,-0.08119992166757584,0.85719233751297,0.591467022895813,-0.06843192130327225,0.8312646150588989,0.5948690176010132,-0.10929152369499207,0.8078057765960693,0.6802432537078857,-0.09781093150377274,0.7989736795425415,0.7195264101028442,-0.07705185562372208
D,0.7723145484924316,0.8744778633117676,-3.579162068945152e-07,0.7056358456611633,0.8334732055664062,-0.03640230745077133,0.6443774104118347,0.7161574959754944,-0.060571134090423584,0.6555582880973816,0.6083100438117981,-0.0874374583363533,0.7127459049224854,0.5537428855895996,-0.11278589069843292,0.6718857884407043,0.5190145373344421,-0.03727518022060394,0.6603202223777771,0.3499361276626587,-0.08160916715860367,0.6624705791473389,0.25081321597099304,-0.10608161985874176,0.6681419014930725,0.16457465291023254,-0.1233033761382103,0.7369735240936279,0.5282686948776245,-0.04467121139168739,0.7245431542396545,0.481220543384552,-0.12384890019893646,0.711302638053894,0.6054688692092896,-0.13773925602436066,0.7073519229888916,0.6799339056015015,-0.12655262649059296,0.7976452112197876,0.5546802282333374,-0.05723027139902115,0.7791997790336609,0.5464395880699158,-0.1286536604166031,0.7583567500114441,0.672692596912384,-0.11197581142187119,0.7503774762153625,0.7321892380714417,-0.08016270399093628,0.8543205261230469,0.5958874821662903,-0.07350461184978485,0.8308667540550232,0.5933006405830383,-0.11419890820980072,0.8063743710517883,0.6817545890808105,-0.09915492683649063,0.7979671955108643,0.718540370464325,-0.07576598227024078
D,0.5909558534622192,0.7536880970001221,-2.1793312043882906e-07,0.5199443697929382,0.7167439460754395,-0.03588321432471275,0.4618568420410156,0.6230654716491699,-0.06160538271069527,0.45472151041030884,0.5300536751747131,-0.08953164517879486,0.49717095494270325,0.4697072207927704,-0.11652646958827972,0.4925452172756195,0.43619289994239807,-0.03425367549061775,0.48044389486312866,0.2926773130893707,-0.07458242028951645,0.4820496439933777,0.20636355876922607,-0.09767492115497589,0.4880110025405884,0.13013359904289246,-0.11299090087413788,0.5545398592948914,0.43295595049858093,-0.04022512212395668,0.5174829959869385,0.3946413993835449,-0.11099441349506378,0.5037989020347595,0.5003393888473511,-0.12747499346733093,0.504379153251648,0.5819852352142334,-0.1187756285071373,0.6089696288108826,0.45450371503829956,-0.05070541799068451,0.5603110790252686,0.4821798503398895,-0.11696132272481918,0.5470407605171204,0.595455527305603,-0.10730623453855515,0.5482485294342041,0.664910078048706,-0.07987361401319504,0.6551780104637146,0.4948403537273407,-0.06446115672588348,0.6060109734535217,0.5200789570808411,-0.10354078561067581,0.5920124053955078,0.601123571395874,-0.09267468750476837,0.5956558585166931,0.6468952298164368,-0.07145148515701294
D,0.4234468936920166,0.6570926308631897,-1.7832694254593662e-07,0.3496420681476593,0.6312898397445679,-0.012018953450024128,0.3019329905509949,0.5895868539810181,-0.03173903375864029,0.27309319376945496,0.5477948784828186,-0.05573450028896332,0.28314024209976196,0.5078805685043335,-0.07989169657230377,0.33779582381248474,0.4423792064189911,-0.017263680696487427,0.3155135214328766,0.3565146327018738,-0.04625201225280762,0.3077631890773773,0.2971327304840088,-0.06492623686790466,0.30561596155166626,0.24494673311710358,-0.07860235869884491,0.3739297688007355,0.4401825964450836,-0.028935130685567856,0.29644888639450073,0.45641300082206726,-0.07078104466199875,0.2958556115627289,0.5315629839897156,-0.07695117592811584,0.3161923587322235,0.5659671425819397,-0.07237204164266586,0.3995606303215027,0.4584410786628723,-0.04350471869111061,0.32119569182395935,0.4971415102481842,-0.07970549166202545,0.3270106613636017,0.562313437461853,-0.0646713376045227,0.3477708399295807,0.5880544185638428,-0.04582487419247627,0.41693687438964844,0.4922630190849304,-0.06035550311207771,0.3520231246948242,0.5251999497413635,-0.08243946731090546,0.3545166850090027,0.5685065388679504,-0.07151282578706741,0.3719961941242218,0.5839524269104004,-0.05693090334534645
D,0.4308241307735443,0.6575566530227661,-1.296146194817993e-07,0.35397228598594666,0.6221632361412048,-0.012350614182651043,0.3080112040042877,0.5762580633163452,-0.03427036479115486,0.2804781198501587,0.5325573682785034,-0.06051367148756981,0.29156768321990967,0.49455806612968445,-0.08653043955564499,0.355262815952301,0.43154847621917725,-0.01768815889954567,0.3405669331550598,0.34366798400878906,-0.04772017523646355,0.33593180775642395,0.2830258309841156,-0.06650226563215256,0.3368637263774872,0.23097436130046844,-0.08046550303697586,0.3920063376426697,0.43376436829566956,-0.03005017340183258,0.3095574378967285,0.44049614667892456,-0.0698605328798294,0.3060019612312317,0.515454888343811,-0.0727887898683548,0.3282971680164337,0.5437563061714172,-0.06694277375936508,0.4158784747123718,0.45539191365242004,-0.0458901971578598,0.3312498927116394,0.48353445529937744,-0.07962042093276978,0.3331005871295929,0.5467689037322998,-0.06094908341765404,0.3557259738445282,0.5665242671966553,-0.04115377366542816,0.4303728938102722,0.49229204654693604,-0.06440674513578415,0.3594467043876648,0.5150560736656189,-0.08507557958364487,0.358907014131546,0.5579248666763306,-0.0723053365945816,0.3774430453777313,0.5719168782234192,-0.05719456449151039
D,0.4442172050476074,0.6701740026473999,-1.3621030348076602e-07,0.36917078495025635,0.6335407495498657,-0.0155696552246809,0.3254042863845825,0.5872464179992676,-0.038547638803720474,0.2981754243373871,0.5416135191917419,-0.06545142829418182,0.31305891275405884,0.5130249857902527,-0.09199424088001251,0.37272030115127563,0.4443563222885132,-0.02058815024793148,0.361228346824646,0.3542023301124573,-0.05064380541443825,0.3600189685821533,0.29365217685699463,-0.0686803087592125,0.3622986078262329,0.24348695576190948,-0.08182168006896973,0.40944966673851013,0.44755515456199646,-0.03151779621839523,0.330126017332077,0.4600653052330017,-0.07256285846233368,0.3262787163257599,0.5341991782188416,-0.07595809549093246,0.34552279114723206,0.5633816719055176,-0.06961043179035187,0.43418657779693604,0.47148942947387695,-0.0459190234541893,0.3534746766090393,0.5069444179534912,-0.08127705007791519,0.3559752106666565,0.5681437253952026,-0.0644865408539772,0.37580883502960205,0.5876796245574951,-0.044805917888879776,0.4487408995628357,0.5102527737617493,-0.06314773112535477,0.38238802552223206,0.5378906726837158,-0.08338815718889236,0.3826594650745392,0.578981339931488,-0.0709720179438591,0.39934876561164856,0.5916127562522888,-0.05565237998962402
D,0.6154357194900513,0.8030478358268738,-2.388214568327385e-07,0.5487860441207886,0.758475661277771,-0.04858490824699402,0.5125025510787964,0.6588061451911926,-0.08209957182407379,0.5528791546821594,0.5755964517593384,-0.11507762223482132,0.6061973571777344,0.5168547630310059,-0.14532685279846191,0.5433911681175232,0.453294575214386,-0.059715379029512405,0.5516579151153564,0.2851303517818451,-0.10925248265266418,0.5644839406013489,0.1849653124809265,-0.13676398992538452,0.5788046717643738,0.0977204442024231,-0.1554429978132248,0.607668399810791,0.45824503898620605,-0.0610472597181797,0.6235089898109436,0.4565649926662445,-0.14098626375198364,0.6050676703453064,0.5715590715408325,-0.15700985491275787,0.5934814810752869,0.6339194774627686,-0.1501161903142929,0.6636748313903809,0.48680609464645386,-0.06753572076559067,0.6688709855079651,0.5254054069519043,-0.13642016053199768,0.6344963312149048,0.6311427354812622,-0.12286745756864548,0.6116035580635071,0.67438143491745,-0.09720443934202194,0.7118088006973267,0.5304374098777771,-0.07928060740232468,0.7088600993156433,0.5694389939308167,-0.12114351242780685,0.6722700595855713,0.6513110995292664,-0.1101682186126709,0.6456058025360107,0.6831139922142029,-0.09040991216897964
D,0.603437066078186,0.8048184514045715,-2.7929141310778505e-07,0.5305071473121643,0.7578747272491455,-0.04137329012155533,0.4885501563549042,0.6572898626327515,-0.07182813435792923,0.528907299041748,0.5734548568725586,-0.10315857082605362,0.580721914768219,0.5133122205734253,-0.1323327273130417,0.5198802351951599,0.4456471800804138,-0.05641404911875725,0.5244269371032715,0.2766839265823364,-0.10551614314317703,0.5382751226425171,0.17638200521469116,-0.13540217280387878,0.5508949756622314,0.0893828272819519,-0.15622422099113464,0.5845049023628235,0.4551371932029724,-0.06063118204474449,0.5963559746742249,0.45248693227767944,-0.13739824295043945,0.5788501501083374,0.56849205493927,-0.1542004644870758,0.5660519003868103,0.6325745582580566,-0.14956751465797424,0.6409598588943481,0.48719269037246704,-0.06924786418676376,0.6427812576293945,0.5230721831321716,-0.13350312411785126,0.6082287430763245,0.6291872262954712,-0.11946317553520203,0.5848362445831299,0.6773680448532104,-0.09488783031702042,0.6889500617980957,0.5342085957527161,-0.0827101469039917,0.6829715371131897,0.5676142573356628,-0.12061624228954315,0.6471077799797058,0.6474543809890747,-0.1077711433172226,0.6215502619743347,0.6823891997337341,-0.08742705732584
D,0.5983091592788696,0.7358948588371277,8.166712746060512e-07,0.5463169813156128,0.7040499448776245,-0.03383776545524597,0.5052566528320312,0.6399480104446411,-0.06119870766997337,0.5290842056274414,0.5864563584327698,-0.08973991125822067,0.5764951109886169,0.5448632836341858,-0.11601447314023972,0.5227583050727844,0.4868480861186981,-0.046044230461120605,0.5227311253547668,0.36442115902900696,-0.08421456068754196,0.5293983221054077,0.2895616888999939,-0.10558270663022995,0.5375767946243286,0.2228938341140747,-0.11664292961359024,0.5694411993026733,0.47834670543670654,-0.0519249327480793,0.5551394820213318,0.3569217324256897,-0.09038451313972473,0.5478485226631165,0.2801452577114105,-0.10752079635858536,0.5429185628890991,0.2091253399848938,-0.11208145320415497,0.6181504130363464,0.49448102712631226,-0.06105602905154228,0.5970357060432434,0.5139035582542419,-0.10363881289958954,0.5762501955032349,0.598629891872406,-0.10236513614654541,0.5645744204521179,0.6522623896598816,-0.08725753426551819,0.6622942686080933,0.5296689867973328,-0.07390271872282028,0.6367663741111755,0.5588507056236267,-0.09773503988981247,0.6153570413589478,0.6221252679824829,-0.0879073366522789,0.6033462285995483,0.6608883738517761,-0.07250010222196579
D,0.5783176422119141,0.6926003098487854,6.554510036949068e-07,0.5313173532485962,0.663689374923706,-0.031196413561701775,0.49545925855636597,0.6065925359725952,-0.056902989745140076,0.5142552256584167,0.5550282597541809,-0.08340711146593094,0.5522305965423584,0.5158529281616211,-0.10812073200941086,0.515064537525177,0.46409153938293457,-0.045609671622514725,0.5106528401374817,0.34993600845336914,-0.08174965530633926,0.5152788162231445,0.2800215482711792,-0.10242777317762375,0.5216789245605469,0.21913084387779236,-0.11343593895435333,0.5589507818222046,0.46475398540496826,-0.05038968101143837,0.5564128160476685,0.3677947521209717,-0.08845877647399902,0.5477011203765869,0.3103407025337219,-0.10333739221096039,0.5392107367515564,0.25937825441360474,-0.10655111819505692,0.6020260453224182,0.4843340516090393,-0.05808129906654358,0.5802836418151855,0.4924406111240387,-0.09893054515123367,0.5598355531692505,0.5623066425323486,-0.09552571177482605,0.5509140491485596,0.6096768379211426,-0.08010165393352509,0.639789342880249,0.5182377099990845,-0.06903643161058426,0.6169359087944031,0.5281108617782593,-0.09224384278059006,0.5964913368225098,0.5795599222183228,-0.08205751329660416,0.5879142880439758,0.6125099658966064,-0.06666909158229828
D,0.5244593620300293,0.6848517060279846,-1.9981939658464398e-07,0.482172429561615,0.6591706871986389,-0.023405006155371666,0.45133882761001587,0.60170978307724,-0.04312911257147789,0.45919859409332275,0.5489580631256104,-0.06461435556411743,0.4891424775123596,0.5143096446990967,-0.08600153774023056,0.4805971086025238,0.46538472175598145,-0.031383953988552094,0.48099586367607117,0.3633054792881012,-0.06123233586549759,0.4879966378211975,0.29970449209213257,-0.0807332769036293,0.49602243304252625,0.247855082154274,-0.09421953558921814,0.5248584151268005,0.466322124004364,-0.03614187613129616,0.5038634538650513,0.4678354561328888,-0.08358320593833923,0.49478235840797424,0.5399419665336609,-0.09522838890552521,0.49439454078674316,0.5878145694732666,-0.09205151349306107,0.5625938177108765,0.48700299859046936,-0.04336623102426529,0.528749406337738,0.5095174312591553,-0.08540920168161392,0.5160736441612244,0.5809972286224365,-0.07663080096244812,0.5146467089653015,0.6231766939163208,-0.059013914316892624,0.5967028141021729,0.5168372392654419,-0.05303220450878143,0.5632236003875732,0.5299400091171265,-0.07811848819255829,0.5490522384643555,0.577979564666748,-0.068631112575531,0.5471405386924744,0.6052530407905579,-0.05337735638022423
D,0.5122050046920776,0.7353150248527527,-2.218870776005133e-07,0.46601927280426025,0.7054185271263123,-0.030034780502319336,0.4312676191329956,0.6433712840080261,-0.054699670523405075,0.43688589334487915,0.5855867266654968,-0.08059821277856827,0.4712189733982086,0.5460712909698486,-0.10587814450263977,0.45977774262428284,0.4878852367401123,-0.03872702643275261,0.45943599939346313,0.37643176317214966,-0.07559631019830704,0.4667074978351593,0.3051711320877075,-0.09890909492969513,0.4753037691116333,0.24711894989013672,-0.11477809399366379,0.5081937909126282,0.48658373951911926,-0.04264463484287262,0.4791841208934784,0.4957630932331085,-0.09863755106925964,0.4718440771102905,0.583044171333313,-0.1103125736117363,0.4744788408279419,0.6345400214195251,-0.10510683059692383,0.5503855347633362,0.509408712387085,-0.050076279789209366,0.5124717950820923,0.5439404249191284,-0.09815713763237,0.5003970861434937,0.6213993430137634,-0.08658474683761597,0.5001355409622192,0.6602362990379333,-0.06562788039445877,0.5883090496063232,0.543466329574585,-0.060863833874464035,0.5511219501495361,0.5669101476669312,-0.08880078792572021,0.535157322883606,0.6181256175041199,-0.07794055342674255,0.532875657081604,0.6413536071777344,-0.06062482297420502
D,0.5100173950195312,0.7578005790710449,-2.4943309995251184e-07,0.456947386264801,0.7263404726982117,-0.02711785025894642,0.4140947461128235,0.6581649780273438,-0.050512026995420456,0.41704750061035156,0.597961962223053,-0.0760035589337349,0.45790812373161316,0.5657423138618469,-0.10133936256170273,0.4479769468307495,0.4882194399833679,-0.03976314887404442,0.4453895092010498,0.3687499761581421,-0.07742493599653244,0.452343225479126,0.2939405143260956,-0.10193992406129837,0.46166858077049255,0.23265302181243896,-0.11882724612951279,0.5007672905921936,0.48616230487823486,-0.04511090740561485,0.472332626581192,0.5012579560279846,-0.10129640996456146,0.4616558849811554,0.5887175798416138,-0.11320231854915619,0.4621022641658783,0.6418944001197815,-0.10800956934690475,0.5458592176437378,0.5116496086120605,-0.05344465374946594,0.5043521523475647,0.5608686208724976,-0.09978850930929184,0.48880401253700256,0.6374228596687317,-0.08848405629396439,0.48688948154449463,0.6772539019584656,-0.06775253266096115,0.5843028426170349,0.5500339865684509,-0.06525980681180954,0.5469704866409302,0.5825996994972229,-0.09174816310405731,0.5296972393989563,0.6348952054977417,-0.08082310855388641,0.5268259644508362,0.6608695983886719,-0.06325891613960266
D,0.5012809634208679,0.7646015286445618,-2.6060942559524847e-07,0.4419533610343933,0.7358963489532471,-0.03131794184446335,0.39489880204200745,0.6716970205307007,-0.05857283994555473,0.3992176949977875,0.6114406585693359,-0.08757480978965759,0.43917834758758545,0.5713116526603699,-0.11607883870601654,0.4280698001384735,0.49249473214149475,-0.04883098229765892,0.42783090472221375,0.3636540174484253,-0.08809036761522293,0.43582993745803833,0.2836573123931885,-0.11280424147844315,0.44567155838012695,0.21737420558929443,-0.12973690032958984,0.48532983660697937,0.48630490899086,-0.0536348782479763,0.4558072090148926,0.5179988145828247,-0.1132095456123352,0.44742143154144287,0.6101348400115967,-0.12585780024528503,0.45094212889671326,0.6674197316169739,-0.12075715512037277,0.5333300232887268,0.5119141936302185,-0.06133289635181427,0.49054330587387085,0.5741841197013855,-0.1107076108455658,0.4773828983306885,0.653407633304596,-0.098989337682724,0.47780370712280273,0.6963613629341125,-0.07737239450216293,0.5755124092102051,0.5498078465461731,-0.0728529542684555,0.5365962386131287,0.5873308777809143,-0.10118386894464493,0.5192732214927673,0.6421124935150146,-0.08953119069337845,0.5158443450927734,0.6715311408042908,-0.07067102193832397
D,0.496563196182251,0.7883539199829102,-1.6882117392924556e-07,0.43274208903312683,0.7653441429138184,-0.03235867619514465,0.3802390694618225,0.7069085836410522,-0.06078392639756203,0.3785516321659088,0.6489357352256775,-0.09090364724397659,0.4191412925720215,0.6075223088264465,-0.12044811248779297,0.4102226495742798,0.5157631635665894,-0.05310354754328728,0.4076342284679413,0.3775007128715515,-0.09576086699962616,0.4175536036491394,0.2891218960285187,-0.1241636648774147,0.42908942699432373,0.21827709674835205,-0.14344598352909088,0.4707888662815094,0.5046476721763611,-0.057151321321725845,0.4373420178890228,0.5368722081184387,-0.11581499129533768,0.42786306142807007,0.6187601685523987,-0.12891654670238495,0.42869725823402405,0.669120192527771,-0.12492292374372482,0.5221429467201233,0.5295289158821106,-0.06414664536714554,0.4748949706554413,0.6086238622665405,-0.11084551364183426,0.4635030925273895,0.6811197996139526,-0.09831462800502777,0.4653232991695404,0.7196613550186157,-0.07676585763692856,0.5653990507125854,0.5700100660324097,-0.07559423893690109,0.5259692668914795,0.6231195330619812,-0.1026713028550148,0.5082733035087585,0.6736429929733276,-0.09075897186994553,0.5037725567817688,0.7011709809303284,-0.07142438739538193
D,0.4926653504371643,0.8144627809524536,-2.103952851939539e-07,0.4267900586128235,0.7981479167938232,-0.03765222430229187,0.36672160029411316,0.742037832736969,-0.06984379142522812,0.3589305579662323,0.6834356784820557,-0.1026984304189682,0.40401801466941833,0.6388863325119019,-0.13454516232013702,0.39319270849227905,0.5314062237739563,-0.06129948049783707,0.39037492871284485,0.38654476404190063,-0.10848040133714676,0.39948931336402893,0.29437756538391113,-0.13911177217960358,0.4108653664588928,0.21946635842323303,-0.16050775349140167,0.45834270119667053,0.5173251628875732,-0.06434271484613419,0.4231012463569641,0.5667338967323303,-0.12907610833644867,0.41640084981918335,0.6618924140930176,-0.14201484620571136,0.4210146963596344,0.711247444152832,-0.13776569068431854,0.5126180648803711,0.5424128770828247,-0.07108063995838165,0.4651139974594116,0.6350083947181702,-0.12127187848091125,0.4528025686740875,0.7108400464057922,-0.1062135100364685,0.45437508821487427,0.738827109336853,-0.08399457484483719,0.5569491386413574,0.5840880274772644,-0.08312099426984787,0.5134442448616028,0.6585335731506348,-0.11301255226135254,0.4966871738433838,0.7161432504653931,-0.10119248181581497,0.49422013759613037,0.7376770973205566,-0.08230682462453842
D,0.4865822494029999,0.854999840259552,-1.3753660255133582e-07,0.4147458076477051,0.839730441570282,-0.042685411870479584,0.3487439751625061,0.7842947840690613,-0.07708956301212311,0.3402128517627716,0.7235041856765747,-0.11200788617134094,0.3891628384590149,0.6768686175346375,-0.1454613208770752,0.37093743681907654,0.5529419779777527,-0.06236901134252548,0.36752116680145264,0.39801228046417236,-0.11178499460220337,0.3739583492279053,0.29863688349723816,-0.14412686228752136,0.38236796855926514,0.21757465600967407,-0.16693681478500366,0.4416597783565521,0.5391005277633667,-0.06556405872106552,0.41081690788269043,0.5711690783500671,-0.1365489810705185,0.39824777841567993,0.6706458926200867,-0.1531832069158554,0.3979507088661194,0.729651689529419,-0.14948341250419617,0.5018287301063538,0.5636284351348877,-0.07301175594329834,0.4577445387840271,0.6520221829414368,-0.1286550611257553,0.43886107206344604,0.7383500337600708,-0.115574911236763,0.43439817428588867,0.7773667573928833,-0.09258528798818588,0.5519800186157227,0.6069677472114563,-0.08620811253786087,0.5114016532897949,0.6878598928451538,-0.11826402693986893,0.48927420377731323,0.7514860033988953,-0.10704421252012253,0.4805569648742676,0.7789007425308228,-0.08773173391819
D,0.4870094954967499,0.855652391910553,-1.7868221391381667e-07,0.4143994450569153,0.8404710292816162,-0.038730062544345856,0.3474409282207489,0.7832185626029968,-0.07175083458423615,0.3399863541126251,0.7240687012672424,-0.10589439421892166,0.39076709747314453,0.676703691482544,-0.13924063742160797,0.3672979176044464,0.5597479939460754,-0.06358625739812851,0.3623937666416168,0.40258586406707764,-0.11175545305013657,0.3690038323402405,0.30080440640449524,-0.1434781700372696,0.37684062123298645,0.21642297506332397,-0.16682852804660797,0.4395225942134857,0.5381215810775757,-0.06788041442632675,0.40197235345840454,0.6000051498413086,-0.1340646892786026,0.39698106050491333,0.6963596940040588,-0.14814358949661255,0.40247198939323425,0.7410959005355835,-0.14525073766708374,0.5006427764892578,0.562430202960968,-0.07578463852405548,0.4496769607067108,0.6698399782180786,-0.12666550278663635,0.4393322467803955,0.7481386661529541,-0.11068810522556305,0.4413190484046936,0.7739289999008179,-0.08831674605607986,0.5506740808486938,0.6055419445037842,-0.08940699696540833,0.5036778450012207,0.6942142248153687,-0.12107507139444351,0.4886873960494995,0.7539485096931458,-0.1087522879242897,0.48595520853996277,0.7745404839515686,-0.08921072632074356
D,0.4958719313144684,0.8205061554908752,-1.582008337663865e-07,0.4252663552761078,0.7984650731086731,-0.03543297201395035,0.3640105724334717,0.7437388300895691,-0.06607145071029663,0.3509940803050995,0.6929482221603394,-0.09865889698266983,0.4000943899154663,0.6560307145118713,-0.1308351308107376,0.3870115876197815,0.5360586643218994,-0.056134141981601715,0.3815990686416626,0.3864571154117584,-0.10031066089868546,0.3860434889793396,0.2929655611515045,-0.1281844973564148,0.39409923553466797,0.21677517890930176,-0.14698490500450134,0.4540554881095886,0.5229160785675049,-0.060693878680467606,0.4265790581703186,0.5494166016578674,-0.12353943288326263,0.40987494587898254,0.6368036270141602,-0.13728587329387665,0.40658751130104065,0.6934598684310913,-0.1327628344297409,0.5110510587692261,0.5477952361106873,-0.06855656206607819,0.46745210886001587,0.6249163150787354,-0.11818619817495346,0.44981735944747925,0.7033596038818359,-0.10717333108186722,0.4464733302593231,0.7460497617721558,-0.08609770983457565,0.5570313334465027,0.5904534459114075,-0.08114601671695709,0.5165596008300781,0.6599727869033813,-0.10833635181188583,0.4948364198207855,0.7167012691497803,-0.09709654003381729,0.48679569363594055,0.7484825253486633,-0.07836025953292847
D,0.5008774399757385,0.7488583922386169,-1.97973918147909e-07,0.4447175860404968,0.7223021388053894,-0.031034359708428383,0.40085795521736145,0.675564706325531,-0.059820808470249176,0.3891426920890808,0.636621356010437,-0.09031981229782104,0.4241287112236023,0.6024720668792725,-0.12013707309961319,0.4233569800853729,0.49991849064826965,-0.049168236553668976,0.4170730412006378,0.37743982672691345,-0.08884463459253311,0.422151654958725,0.29996317625045776,-0.11498679965734482,0.4309629499912262,0.236968994140625,-0.13209761679172516,0.47706952691078186,0.4924144148826599,-0.053184766322374344,0.45305898785591125,0.5144665241241455,-0.10995101183652878,0.438795268535614,0.5968326330184937,-0.12282882630825043,0.4372828006744385,0.6529656648635864,-0.11861804127693176,0.5231328010559082,0.5167405009269714,-0.06005436182022095,0.4895349144935608,0.5715376138687134,-0.10575667768716812,0.47079265117645264,0.6410384774208069,-0.09608078002929688,0.4667940139770508,0.6839835047721863,-0.07637223601341248,0.5619465708732605,0.5547463297843933,-0.0707244724035263,0.5365680456161499,0.5876069664955139,-0.09617772698402405,0.5144670009613037,0.6300124526023865,-0.08565986901521683,0.5045282244682312,0.6594061851501465,-0.06801094114780426
D,0.5212677717208862,0.7209681272506714,-2.2878661809500045e-07,0.4711724817752838,0.6980591416358948,-0.028447933495044708,0.43247318267822266,0.6543607711791992,-0.05265580117702484,0.42156705260276794,0.6128785610198975,-0.07781090587377548,0.45462584495544434,0.58134526014328,-0.10174289345741272,0.45549917221069336,0.4979976415634155,-0.03745467588305473,0.44690796732902527,0.39309191703796387,-0.07116307318210602,0.4488694965839386,0.3273833692073822,-0.0919988602399826,0.4551811218261719,0.27273130416870117,-0.10587108880281448,0.5024189949035645,0.48937734961509705,-0.03993130475282669,0.46986737847328186,0.5103448033332825,-0.08715666830539703,0.4601946175098419,0.5827085375785828,-0.09616703540086746,0.4621230959892273,0.6259577870368958,-0.09108699858188629,0.5422666072845459,0.5095959901809692,-0.045663438737392426,0.5003365874290466,0.5644049644470215,-0.08374127000570297,0.4897727966308594,0.6246443390846252,-0.07286521047353745,0.4918222427368164,0.6531146168708801,-0.0548793226480484,0.5754278898239136,0.5424734950065613,-0.055318284779787064,0.5382159352302551,0.5888234376907349,-0.0766766220331192,0.5250359773635864,0.6306048631668091,-0.0671231672167778,0.5243210196495056,0.6505013704299927,-0.05188332870602608
D,0.553179144859314,0.6923776865005493,-1.5737117564640357e-07,0.5057615041732788,0.672807514667511,-0.024699147790670395,0.4665049910545349,0.6345224976539612,-0.04840782284736633,0.45685040950775146,0.596169650554657,-0.0732073038816452,0.49151769280433655,0.571575939655304,-0.09755071252584457,0.48841291666030884,0.500024139881134,-0.04128829017281532,0.4814966917037964,0.40225550532341003,-0.07342202961444855,0.48464956879615784,0.3422738313674927,-0.09368599206209183,0.49039968848228455,0.29168394207954407,-0.10792674124240875,0.5316518545150757,0.4901849329471588,-0.044563181698322296,0.494564950466156,0.5234861969947815,-0.08771782368421555,0.4927957355976105,0.5906360745429993,-0.09555144608020782,0.5008154511451721,0.6255793571472168,-0.09210769832134247,0.5683832168579102,0.5083320736885071,-0.05019320547580719,0.5253925919532776,0.5650041699409485,-0.08485174924135208,0.5219036340713501,0.6211556792259216,-0.07356610894203186,0.5279657244682312,0.6456304788589478,-0.05724714696407318,0.5998328328132629,0.5375142693519592,-0.05921922251582146,0.5634835362434387,0.5767697095870972,-0.07927016168832779,0.556434690952301,0.6160970330238342,-0.06970206648111343,0.559817373752594,0.6339854001998901,-0.05566905438899994
D,0.5561423897743225,0.6793398857116699,-1.4026608141648467e-07,0.5130884647369385,0.6613098978996277,-0.024886656552553177,0.47490984201431274,0.6250573396682739,-0.048798151314258575,0.46332043409347534,0.585479199886322,-0.07396310567855835,0.4918577969074249,0.5574524998664856,-0.09874770045280457,0.4949035048484802,0.4902246296405792,-0.039713405072689056,0.488742470741272,0.391635000705719,-0.07175949215888977,0.49164819717407227,0.33220839500427246,-0.09111430495977402,0.4977220594882965,0.2820918560028076,-0.10444770008325577,0.537402868270874,0.48463132977485657,-0.04391094297170639,0.500917375087738,0.5057281255722046,-0.09174855798482895,0.4987952411174774,0.5777710676193237,-0.1014699786901474,0.5066502094268799,0.618181586265564,-0.09749504923820496,0.5735234618186951,0.5021002888679504,-0.05051356181502342,0.5292251110076904,0.5451776385307312,-0.09158869087696075,0.5278427600860596,0.6083974838256836,-0.08171817660331726,0.5349572896957397,0.6386365294456482,-0.06412027776241302,0.6050848364830017,0.528692364692688,-0.0599125474691391,0.565772533416748,0.5579079389572144,-0.08439349383115768,0.5604951977729797,0.6006004810333252,-0.075572170317173,0.5653183460235596,0.6199504733085632,-0.06104210764169693
D,0.5551165342330933,0.687677800655365,-1.3691312972241576e-07,0.5108689069747925,0.6667540669441223,-0.02726459689438343,0.47413143515586853,0.6327681541442871,-0.05292145535349846,0.4661638140678406,0.5950621962547302,-0.07949057966470718,0.49170395731925964,0.5623031854629517,-0.10549759119749069,0.4932831823825836,0.4914873540401459,-0.044112931936979294,0.4872925281524658,0.3911208510398865,-0.07677779346704483,0.49015071988105774,0.3295785188674927,-0.09664007276296616,0.4962729811668396,0.2782171964645386,-0.10965195298194885,0.5372031331062317,0.4861964285373688,-0.047340720891952515,0.5081732869148254,0.5067616105079651,-0.09530112892389297,0.5013428330421448,0.5753561854362488,-0.1063142791390419,0.5041284561157227,0.6193856596946716,-0.10305499285459518,0.574863612651825,0.5052024126052856,-0.052857656031847,0.5361284017562866,0.5538715720176697,-0.09355831891298294,0.5281854867935181,0.6141190528869629,-0.08565666526556015,0.5299643278121948,0.6479701995849609,-0.06909801065921783,0.6084492206573486,0.5330051779747009,-0.06130797043442726,0.5743743181228638,0.561890184879303,-0.08413770794868469,0.5638812780380249,0.601791501045227,-0.07514394074678421,0.5630399584770203,0.6249643564224243,-0.060366835445165634
D,0.5372790098190308,0.7250170707702637,-1.8881607388721022e-07,0.488386869430542,0.7007320523262024,-0.029570303857326508,0.4496917128562927,0.6539754867553711,-0.05604228377342224,0.44296029210090637,0.6110420227050781,-0.08352585881948471,0.4743126332759857,0.5760496854782104,-0.11002571880817413,0.47032853960990906,0.49414151906967163,-0.04660998284816742,0.4630351662635803,0.3785170912742615,-0.08487642556428909,0.4674234986305237,0.3068113625049591,-0.10921183228492737,0.47462034225463867,0.2485189139842987,-0.12506501376628876,0.5188906192779541,0.48888060450553894,-0.04948753863573074,0.49657395482063293,0.5023946166038513,-0.1039116308093071,0.4880397915840149,0.5847251415252686,-0.11408624053001404,0.4884624481201172,0.6397637724876404,-0.10824771970510483,0.5612917542457581,0.5112847089767456,-0.05541500821709633,0.5291779041290283,0.5593392252922058,-0.09976324439048767,0.516301691532135,0.6265700459480286,-0.08899334073066711,0.5143474340438843,0.6671203374862671,-0.0691843032836914,0.5984925627708435,0.5462109446525574,-0.06487706303596497,0.5735300779342651,0.5740267038345337,-0.09063475579023361,0.552866518497467,0.6182129383087158,-0.08074125647544861,0.5416253805160522,0.6476441025733948,-0.06410415470600128
D,0.5309001207351685,0.7419864535331726,-1.8437253856973257e-07,0.4795403778553009,0.7167277336120605,-0.0323638953268528,0.4395970106124878,0.6671561002731323,-0.061072710901498795,0.43232911825180054,0.620966374874115,-0.09051115810871124,0.4680435359477997,0.5856794714927673,-0.11908553540706635,0.46118268370628357,0.49994179606437683,-0.0495988130569458,0.4523937702178955,0.382357120513916,-0.09150075912475586,0.45507097244262695,0.3074510097503662,-0.11883239448070526,0.4613609313964844,0.24571073055267334,-0.13688553869724274,0.511653482913971,0.4916214942932129,-0.05198410525918007,0.4828859567642212,0.5113422274589539,-0.10577193647623062,0.4755733013153076,0.5917849540710449,-0.11515648663043976,0.4779101312160492,0.6383621692657471,-0.10980411618947983,0.5557289719581604,0.5148934125900269,-0.057981979101896286,0.5178847312927246,0.5695839524269104,-0.10100262612104416,0.507088303565979,0.6354705691337585,-0.0876634418964386,0.5080367922782898,0.6683607697486877,-0.0672941729426384,0.5938531160354614,0.5526423454284668,-0.06828448921442032,0.5619518160820007,0.5888687968254089,-0.0932636559009552,0.544386625289917,0.6359292268753052,-0.0817992314696312,0.53838711977005,0.6620661020278931,-0.06442638486623764
D,0.5387895703315735,0.7774263620376587,-1.3831346734605177e-07,0.4784071743488312,0.7541981935501099,-0.034644193947315216,0.43130433559417725,0.6943224668502808,-0.06280915439128876,0.42567187547683716,0.63966304063797,-0.0917372927069664,0.4680767357349396,0.605040431022644,-0.11958324164152145,0.4504975378513336,0.5129343867301941,-0.048609476536512375,0.44092050194740295,0.3833644986152649,-0.09220842272043228,0.4450983703136444,0.302786648273468,-0.11985474824905396,0.45401686429977417,0.23581188917160034,-0.13792504370212555,0.5057591795921326,0.5027348399162292,-0.051345083862543106,0.48233187198638916,0.5112687349319458,-0.10875511914491653,0.4734798073768616,0.5949274301528931,-0.1185145303606987,0.4746740460395813,0.641706645488739,-0.11162719875574112,0.5547394156455994,0.5251471996307373,-0.05824073404073715,0.5183810591697693,0.5864646434783936,-0.10390789806842804,0.5057111382484436,0.6587849855422974,-0.0907970666885376,0.5067237615585327,0.6877911686897278,-0.06933426856994629,0.5965297818183899,0.5637893080711365,-0.0698414221405983,0.5602925419807434,0.6188905835151672,-0.09431380033493042,0.5422804951667786,0.6741655468940735,-0.082091324031353,0.5385076999664307,0.6970916390419006,-0.06388290226459503
D,0.7727754712104797,0.7626333236694336,4.766687879964593e-07,0.7206713557243347,0.718142032623291,-0.04082659259438515,0.7033748626708984,0.6409990787506104,-0.0699358582496643,0.7576005458831787,0.5937990546226501,-0.09763286262750626,0.8110823631286621,0.5630090236663818,-0.12237440794706345,0.7274485230445862,0.4928089678287506,-0.05543128773570061,0.7330390214920044,0.3587644100189209,-0.09375380724668503,0.7421978712081909,0.27878618240356445,-0.11614395678043365,0.7513826489448547,0.21111661195755005,-0.13064348697662354,0.7785372734069824,0.49826374650001526,-0.054692186415195465,0.8156200051307678,0.4478902220726013,-0.0984545350074768,0.8317205905914307,0.4325397312641144,-0.1124340295791626,0.8402252197265625,0.4046873152256012,-0.11685524135828018,0.8220401406288147,0.5249454379081726,-0.05797244980931282,0.8369423151016235,0.5437096953392029,-0.10162976384162903,0.8089394569396973,0.6141189336776733,-0.09671927243471146,0.7822129726409912,0.6531378626823425,-0.08363714814186096,0.8587944507598877,0.5641636252403259,-0.06550653278827667,0.8628439903259277,0.580662190914154,-0.09619511663913727,0.8327146768569946,0.633491575717926,-0.09037279337644577,0.8023433089256287,0.6611520051956177,-0.07885121554136276
D,0.7853450775146484,0.7802929878234863,2.799817195864307e-07,0.7312163710594177,0.7306452989578247,-0.03812079131603241,0.7085158228874207,0.6538304686546326,-0.06707445532083511,0.7597988843917847,0.6017915606498718,-0.09461607038974762,0.813165545463562,0.5662131905555725,-0.1194109097123146,0.7341925501823425,0.5048502683639526,-0.05808311328291893,0.7437372803688049,0.3667495846748352,-0.09800111502408981,0.7565123438835144,0.2848864793777466,-0.12172866612672806,0.7666779160499573,0.2159704864025116,-0.13767023384571075,0.7836042046546936,0.5108306407928467,-0.05850272625684738,0.8077926635742188,0.46693113446235657,-0.10548877716064453,0.8137049674987793,0.47343167662620544,-0.11959469318389893,0.8151848316192627,0.46081244945526123,-0.12353105843067169,0.8267031311988831,0.5370804071426392,-0.06234077364206314,0.8348088264465332,0.5479354858398438,-0.10691015422344208,0.8112233877182007,0.611189603805542,-0.10215933620929718,0.7900047898292542,0.6455118656158447,-0.08984142541885376,0.8653430938720703,0.5741046071052551,-0.07016319036483765,0.8666723370552063,0.5847102403640747,-0.10165118426084518,0.8350061774253845,0.6303285360336304,-0.09764812141656876,0.8036706447601318,0.6528326869010925,-0.08761075139045715
D,0.6495274305343628,0.7736533284187317,-1.172438643948226e-07,0.5907823443412781,0.731112539768219,-0.025294505059719086,0.5584248900413513,0.6540071368217468,-0.047556813806295395,0.5915045738220215,0.6017314791679382,-0.07152299582958221,0.6410413980484009,0.5861510634422302,-0.09661006927490234,0.5891265273094177,0.5060470104217529,-0.04403787478804588,0.5950212478637695,0.37989240884780884,-0.07902093976736069,0.6043867468833923,0.298675000667572,-0.10478914529085159,0.6136109828948975,0.2309495210647583,-0.12527403235435486,0.6494529843330383,0.5081581473350525,-0.050474800169467926,0.6126916408538818,0.5223717093467712,-0.09786216169595718,0.605330765247345,0.5948007106781006,-0.10693139582872391,0.6110377311706543,0.636118471622467,-0.10597778111696243,0.6952570080757141,0.5398273468017578,-0.05961946025490761,0.6393179297447205,0.584125280380249,-0.09416216611862183,0.6241282224655151,0.6452257633209229,-0.07797957956790924,0.6234924793243408,0.67653489112854,-0.061760250478982925,0.7307592034339905,0.5841637253761292,-0.0731896162033081,0.6721898317337036,0.6280004978179932,-0.09381681680679321,0.6469686031341553,0.6781436800956726,-0.08121725171804428,0.6381485462188721,0.7052391171455383,-0.0671001598238945
D,0.5447484254837036,0.7611609697341919,-1.2951134920058394e-07,0.48756447434425354,0.7322824001312256,-0.03342268243432045,0.44029000401496887,0.66655433177948,-0.060541264712810516,0.4459384083747864,0.6117109060287476,-0.08763359487056732,0.49295923113822937,0.591479480266571,-0.11487874388694763,0.47712254524230957,0.501028835773468,-0.04914508014917374,0.4718051850795746,0.38128384947776794,-0.085535429418087,0.47394827008247375,0.3023776412010193,-0.10960577428340912,0.48218128085136414,0.2360878884792328,-0.12699060142040253,0.5306614637374878,0.49927639961242676,-0.052594006061553955,0.5169892907142639,0.4986575245857239,-0.10159138590097427,0.5000408291816711,0.5741339921951294,-0.11033111065626144,0.4965764582157135,0.6195501089096069,-0.10600848495960236,0.5761030912399292,0.5283380150794983,-0.05939996987581253,0.5501487255096436,0.555371880531311,-0.10066299140453339,0.5297490954399109,0.6223360896110535,-0.0881028100848198,0.5259970426559448,0.6553844809532166,-0.0699237659573555,0.6152639985084534,0.5730155110359192,-0.07024084776639938,0.5808892846107483,0.5998613834381104,-0.09400904178619385,0.5583710074424744,0.6537930965423584,-0.0813925564289093,0.552179217338562,0.6830676198005676,-0.06498652696609497
D,0.39234066009521484,0.7315521240234375,-1.3232845219590672e-07,0.32216718792915344,0.709013819694519,-0.027897808700799942,0.2665008306503296,0.6633682250976562,-0.05579036846756935,0.23807621002197266,0.6106685996055603,-0.08606173098087311,0.26884716749191284,0.58446204662323,-0.11582205444574356,0.2973010838031769,0.4910142719745636,-0.03722316026687622,0.2809072434902191,0.3779795169830322,-0.07296004891395569,0.2769835591316223,0.30525368452072144,-0.09538273513317108,0.2798723578453064,0.243519127368927,-0.11180446296930313,0.34883013367652893,0.48041391372680664,-0.04307860508561134,0.2802257835865021,0.5210803151130676,-0.0929049625992775,0.28150391578674316,0.5918686985969543,-0.10137612372636795,0.30208203196525574,0.6186642646789551,-0.09768131375312805,0.39179113507270813,0.5012558102607727,-0.05293119698762894,0.3202837109565735,0.5637280344963074,-0.09505102783441544,0.32204586267471313,0.6232081055641174,-0.08171011507511139,0.3386225402355194,0.640087902545929,-0.06314289569854736,0.4271145164966583,0.5370831489562988,-0.06698988378047943,0.3651944100856781,0.5834947824478149,-0.091649129986763,0.3569844663143158,0.6300309896469116,-0.08124849945306778,0.3635808825492859,0.6489236354827881,-0.06596270203590393
D,0.3025836646556854,0.7171069383621216,-2.0107385978462844e-07,0.22698141634464264,0.6930827498435974,-0.02237415686249733,0.17347702383995056,0.6519142985343933,-0.04905088245868683,0.13848167657852173,0.6110891699790955,-0.07909855991601944,0.15447936952114105,0.5739091634750366,-0.10847113281488419,0.20833143591880798,0.4783848524093628,-0.031139792874455452,0.1854325532913208,0.3720473051071167,-0.06684285402297974,0.17616699635982513,0.30461928248405457,-0.08852376788854599,0.1735825091600418,0.24362003803253174,-0.10487827658653259,0.256011426448822,0.4703793525695801,-0.04064770042896271,0.1672622263431549,0.5108922123908997,-0.09177780896425247,0.16942685842514038,0.5973178744316101,-0.09927204251289368,0.19490697979927063,0.6280452013015747,-0.09448011964559555,0.2936001420021057,0.49180153012275696,-0.053877830505371094,0.20592184364795685,0.5619511008262634,-0.09879441559314728,0.21261976659297943,0.6346484422683716,-0.08163274079561234,0.23551832139492035,0.6566896438598633,-0.059639107435941696,0.3230903148651123,0.5301439166069031,-0.07057356834411621,0.24968138337135315,0.5795987844467163,-0.09826294332742691,0.24584150314331055,0.6336517930030823,-0.08575552701950073,0.2585025727748871,0.6550956964492798,-0.06841446459293365
D,0.34172260761260986,0.7217528820037842,-1.8839507731627236e-07,0.26963865756988525,0.7016043066978455,-0.026997610926628113,0.21907444298267365,0.6602165102958679,-0.05534946918487549,0.18658314645290375,0.6151414513587952,-0.08672098070383072,0.20328769087791443,0.5741510987281799,-0.11738748848438263,0.2451159805059433,0.4920024275779724,-0.03410115838050842,0.22193819284439087,0.3822026252746582,-0.07427656650543213,0.21273259818553925,0.31100234389305115,-0.09754110872745514,0.21064047515392303,0.2500626742839813,-0.1134263351559639,0.29495400190353394,0.480051726102829,-0.04103797301650047,0.21663253009319305,0.509993314743042,-0.09420891106128693,0.21769307553768158,0.5964155197143555,-0.09992756694555283,0.24037179350852966,0.6226608753204346,-0.09235592931509018,0.3358866572380066,0.4965827465057373,-0.052698515355587006,0.25727587938308716,0.5561238527297974,-0.09907803684473038,0.2616105377674103,0.6264218091964722,-0.0802731066942215,0.2828523814678192,0.6437690854072571,-0.056039612740278244,0.3683396577835083,0.5309015512466431,-0.06840585172176361,0.3027675151824951,0.5771941542625427,-0.09591693431138992,0.2983558177947998,0.6288290619850159,-0.08230633288621902,0.3111916482448578,0.6471789479255676,-0.06358519196510315
D,0.40507763624191284,0.7426174879074097,-1.5077483794811997e-07,0.33628329634666443,0.7196764349937439,-0.027649713680148125,0.2847760319709778,0.6726641058921814,-0.055566564202308655,0.25825035572052,0.6205089092254639,-0.08582102507352829,0.2813214361667633,0.591639518737793,-0.11544894427061081,0.30905672907829285,0.5041054487228394,-0.036479149013757706,0.28765150904655457,0.3939680755138397,-0.07310348004102707,0.2807616591453552,0.3197360634803772,-0.09560095518827438,0.2803665101528168,0.2578003406524658,-0.11196577548980713,0.3609278202056885,0.491435706615448,-0.0432744175195694,0.29662078619003296,0.5293101668357849,-0.09373988956212997,0.29912105202674866,0.6092374324798584,-0.10083305090665817,0.3197110593318939,0.6373857855796814,-0.09520906955003738,0.40360623598098755,0.5112215280532837,-0.054092057049274445,0.33545932173728943,0.5724436640739441,-0.09673243761062622,0.3374449610710144,0.6376525163650513,-0.08043122291564941,0.354358434677124,0.6555252075195312,-0.0593663789331913,0.4373530149459839,0.5469290018081665,-0.06913787871599197,0.3787982761859894,0.5947157144546509,-0.09392160922288895,0.3736172318458557,0.6430773138999939,-0.08137152343988419,0.3836013078689575,0.6584162712097168,-0.06437905877828598
D,0.4932232201099396,0.7489758133888245,-3.152370879888622e-07,0.4347289800643921,0.7197948694229126,-0.023916885256767273,0.38668903708457947,0.6692106127738953,-0.04771542176604271,0.37887269258499146,0.6204050779342651,-0.07389264553785324,0.41578054428100586,0.5896986126899719,-0.10018500685691833,0.42023777961730957,0.5058372616767883,-0.042274124920368195,0.4067656397819519,0.38974452018737793,-0.0756894126534462,0.4066429138183594,0.3165135085582733,-0.09727395325899124,0.4094911217689514,0.25458306074142456,-0.11277200281620026,0.47348058223724365,0.49418818950653076,-0.048643674701452255,0.4297552704811096,0.5347268581390381,-0.09777730703353882,0.42528682947158813,0.6171844601631165,-0.10862752050161362,0.4329372048377991,0.6672289967536926,-0.10552147030830383,0.5184811949729919,0.5166347026824951,-0.05687956511974335,0.4653320908546448,0.5853625535964966,-0.09803370386362076,0.4589502811431885,0.6551754474639893,-0.08726035058498383,0.46413159370422363,0.6955156922340393,-0.06909255683422089,0.5578726530075073,0.5516610741615295,-0.06837666779756546,0.5131377577781677,0.5934943556785583,-0.09227056056261063,0.5005465745925903,0.6419383883476257,-0.0810990259051323,0.5000851154327393,0.6718810796737671,-0.06429926306009293
D,0.5616320371627808,0.7446602582931519,-2.318540310852768e-07,0.5036419034004211,0.7073391079902649,-0.02226700261235237,0.4605754017829895,0.6480217576026917,-0.045078497380018234,0.4639495611190796,0.5935027003288269,-0.07041588425636292,0.5013588070869446,0.561724066734314,-0.09581610560417175,0.4910677373409271,0.4891355037689209,-0.03659461438655853,0.4821088910102844,0.3741690516471863,-0.06807538866996765,0.48533374071121216,0.30227938294410706,-0.08824938535690308,0.49070435762405396,0.24163004755973816,-0.10235580801963806,0.543078601360321,0.4855356812477112,-0.04404957592487335,0.5261922478675842,0.4854850172996521,-0.09056033194065094,0.5131166577339172,0.5575200915336609,-0.10223005712032318,0.507412314414978,0.6120213866233826,-0.09945692121982574,0.5884513258934021,0.5101302862167358,-0.05340643972158432,0.5516124367713928,0.547561526298523,-0.09398061782121658,0.5375901460647583,0.6173939108848572,-0.08647210896015167,0.5335848331451416,0.6639341115951538,-0.0699649453163147,0.6287713050842285,0.5467603206634521,-0.06516838073730469,0.5910645723342896,0.5673664212226868,-0.08827874809503555,0.5736753940582275,0.61623615026474,-0.07782989740371704,0.5665168762207031,0.650117039680481,-0.06196306645870209
D,0.6310518383979797,0.7189160585403442,-2.5580987994544557e-07,0.5844266414642334,0.6917039155960083,-0.025506190955638885,0.5471094846725464,0.6280586123466492,-0.04881198704242706,0.5654081106185913,0.573447585105896,-0.07333580404520035,0.6051003932952881,0.544157087802887,-0.09814155101776123,0.5732247233390808,0.4821239113807678,-0.04711742326617241,0.5704154372215271,0.3589088022708893,-0.08045609295368195,0.576377272605896,0.28480252623558044,-0.10214485973119736,0.5814674496650696,0.22305729985237122,-0.1179705336689949,0.6236899495124817,0.4867076277732849,-0.05227299779653549,0.6152867078781128,0.4949660301208496,-0.10446356236934662,0.6081230044364929,0.5747538805007935,-0.11516331881284714,0.6039616465568542,0.6272393465042114,-0.1124080941081047,0.6682791709899902,0.5103342533111572,-0.05940696969628334,0.6503295302391052,0.5306193828582764,-0.102414570748806,0.6377302408218384,0.6019956469535828,-0.09031210094690323,0.6301232576370239,0.6454379558563232,-0.07251496613025665,0.7099452614784241,0.5422724485397339,-0.06945706903934479,0.6922234892845154,0.5486025810241699,-0.09626289457082748,0.6714231371879578,0.6049706339836121,-0.08516258746385574,0.658581554889679,0.6402921676635742,-0.06978573650121689
D,0.6877344846725464,0.724563479423523,-2.4120771513480577e-07,0.6406722664833069,0.6949760317802429,-0.026344861835241318,0.6084538698196411,0.6260188221931458,-0.04776536300778389,0.6351023316383362,0.5692322254180908,-0.07059866189956665,0.6758851408958435,0.5380473136901855,-0.09255566447973251,0.626083254814148,0.48303499817848206,-0.0425497330725193,0.626378059387207,0.35749584436416626,-0.07666049152612686,0.6354072093963623,0.2823275923728943,-0.09818272292613983,0.6427021622657776,0.22054952383041382,-0.11323846131563187,0.6731158494949341,0.48913517594337463,-0.046949874609708786,0.6755430698394775,0.4973846971988678,-0.10073846578598022,0.6683745384216309,0.5709789991378784,-0.11379243433475494,0.6606460809707642,0.61690753698349,-0.11187124997377396,0.7154261469841003,0.5099461674690247,-0.05368872359395027,0.7109498977661133,0.5336247682571411,-0.0977221429347992,0.6977280378341675,0.6029179096221924,-0.08770151436328888,0.6873908638954163,0.6396533846855164,-0.07063190639019012,0.754391610622406,0.5392773747444153,-0.06371667236089706,0.7480729818344116,0.5544326901435852,-0.0906582847237587,0.7267701625823975,0.6097762584686279,-0.08138654381036758,0.7103641629219055,0.6385173201560974,-0.06680408120155334
D,0.40572646260261536,0.8128035664558411,2.0637045849980495e-07,0.4574081003665924,0.7700235843658447,-0.03871656581759453,0.48921406269073486,0.7020271420478821,-0.06559734791517258,0.44505274295806885,0.6667084097862244,-0.09146888554096222,0.3937554955482483,0.6447729468345642,-0.11559521406888962,0.449439138174057,0.5390995144844055,-0.04361139237880707,0.4413192570209503,0.41245877742767334,-0.07997569441795349,0.440710186958313,0.33549022674560547,-0.1021149754524231,0.43403536081314087,0.27325424551963806,-0.1176852285861969,0.39884504675865173,0.560880184173584,-0.04827587306499481,0.4034782350063324,0.5177838206291199,-0.10552479326725006,0.4244290888309479,0.5889700055122375,-0.12377920746803284,0.4311937093734741,0.6330113410949707,-0.12403315305709839,0.36033928394317627,0.6016004085540771,-0.056729648262262344,0.3714568018913269,0.6004002690315247,-0.10925807058811188,0.40244054794311523,0.6643937826156616,-0.10618872195482254,0.4138701260089874,0.6872660517692566,-0.09200449287891388,0.33045580983161926,0.65445876121521,-0.06854118406772614,0.3511803448200226,0.6659020781517029,-0.10059170424938202,0.37884989380836487,0.70833420753479,-0.093448705971241,0.3898826539516449,0.7176589369773865,-0.08025439828634262
D,0.39889004826545715,0.8083131313323975,1.7946170771665493e-07,0.45028311014175415,0.7635810375213623,-0.039881668984889984,0.47858095169067383,0.6918045878410339,-0.06676211208105087,0.433881551027298,0.6558440923690796,-0.09211261570453644,0.3844834864139557,0.6327478885650635,-0.11560621857643127,0.4381103217601776,0.5277284383773804,-0.04283766448497772,0.430019348859787,0.40452516078948975,-0.07878671586513519,0.428996205329895,0.32825347781181335,-0.10092394053936005,0.4228823184967041,0.2661378085613251,-0.116656094789505,0.38922613859176636,0.5515817403793335,-0.04703005030751228,0.3934391438961029,0.5090405941009521,-0.10417857021093369,0.4135296940803528,0.583745539188385,-0.12233617901802063,0.4215281307697296,0.6287495493888855,-0.12250134348869324,0.35150983929634094,0.5948735475540161,-0.05519332364201546,0.3594805598258972,0.5912848114967346,-0.10867682099342346,0.3904414176940918,0.6590317487716675,-0.10451182723045349,0.40421921014785767,0.6826905012130737,-0.08916600048542023,0.32153579592704773,0.6498700976371765,-0.06668881326913834,0.334621787071228,0.6542277336120605,-0.09956083446741104,0.36253857612609863,0.6990779638290405,-0.09098818898200989,0.3763323724269867,0.7097145915031433,-0.07652634382247925
D,0.3990027904510498,0.8044967651367188,1.85648758588286e-07,0.4497620165348053,0.7598137855529785,-0.03987839072942734,0.47806593775749207,0.6890057921409607,-0.06667684763669968,0.4344930350780487,0.6514055132865906,-0.09194512665271759,0.38601961731910706,0.6249809265136719,-0.11507556587457657,0.4376254677772522,0.5236209034919739,-0.04217500984668732,0.42905816435813904,0.40147435665130615,-0.0782647579908371,0.4272533655166626,0.3260349631309509,-0.10026834905147552,0.42064809799194336,0.26410380005836487,-0.11592420190572739,0.38825735449790955,0.5487290024757385,-0.04668701812624931,0.39128369092941284,0.5016811490058899,-0.10382881760597229,0.4122532904148102,0.574766218662262,-0.12192259728908539,0.421622633934021,0.6199257373809814,-0.12190185487270355,0.35048606991767883,0.5929164886474609,-0.055262401700019836,0.3605404198169708,0.5895314812660217,-0.10917540639638901,0.3925907015800476,0.656279444694519,-0.1053687334060669,0.40663692355155945,0.6803788542747498,-0.09010688215494156,0.3211512565612793,0.6493680477142334,-0.06718432158231735,0.3378655016422272,0.655276358127594,-0.10047239065170288,0.3661406934261322,0.6994314789772034,-0.09255911409854889,0.37951794266700745,0.7094898223876953,-0.07858425378799438
D,0.4003143012523651,0.8045020699501038,1.958790392109222e-07,0.45062023401260376,0.7590101957321167,-0.03885262459516525,0.4786715805530548,0.6880534887313843,-0.06557876616716385,0.4334021806716919,0.6510909199714661,-0.090990349650383,0.3841431438922882,0.6263411045074463,-0.11423364281654358,0.43670040369033813,0.5236490964889526,-0.0416501984000206,0.4275592565536499,0.4018855094909668,-0.07789255678653717,0.42619964480400085,0.32698264718055725,-0.09956111013889313,0.4210301637649536,0.26628243923187256,-0.11484431475400925,0.38667216897010803,0.5478775501251221,-0.046596135944128036,0.3908165395259857,0.5043805837631226,-0.1040174663066864,0.41106563806533813,0.5772085785865784,-0.12188047170639038,0.4195615351200104,0.6217284798622131,-0.1216064989566803,0.34843698143959045,0.5916617512702942,-0.05558063089847565,0.36146706342697144,0.5915012955665588,-0.11034443974494934,0.39319485425949097,0.6587424278259277,-0.10711939632892609,0.40602347254753113,0.6824547052383423,-0.09202887117862701,0.3190006613731384,0.647609531879425,-0.06773548573255539,0.34028953313827515,0.6572921872138977,-0.10195619612932205,0.36834952235221863,0.7022631168365479,-0.09493318945169449,0.3801063597202301,0.711887001991272,-0.08133981376886368
D,0.39652466773986816,0.8112936019897461,2.1006238171139557e-07,0.4475170969963074,0.7674242258071899,-0.045060720294713974,0.47251373529434204,0.6967368125915527,-0.07302873581647873,0.42418670654296875,0.654317319393158,-0.0982133150100708,0.3750733733177185,0.6240371465682983,-0.12059123814105988,0.4345236122608185,0.5299012660980225,-0.04332704469561577,0.4258020520210266,0.4084997773170471,-0.08058492094278336,0.42322224378585815,0.3330862522125244,-0.10299766808748245,0.41701388359069824,0.27167925238609314,-0.11862212419509888,0.38500741124153137,0.55375736951828,-0.04546321928501129,0.3841952979564667,0.5026302933692932,-0.10283278673887253,0.40484026074409485,0.5729051828384399,-0.1209878921508789,0.41633346676826477,0.6173332929611206,-0.12032812833786011,0.3469138741493225,0.5982228517532349,-0.0523483045399189,0.3553585410118103,0.5968904495239258,-0.107571080327034,0.38610222935676575,0.6622475385665894,-0.10426533222198486,0.39968329668045044,0.685006856918335,-0.0884699746966362,0.3171221911907196,0.6551930904388428,-0.06300624459981918,0.3315887749195099,0.6625005006790161,-0.09772248566150665,0.3573286533355713,0.7063119411468506,-0.09030564874410629,0.36846110224723816,0.7160957455635071,-0.07600835710763931
D,0.4076744318008423,0.8471920490264893,1.7417941933217662e-07,0.45718705654144287,0.7951838374137878,-0.04385790228843689,0.4740352928638458,0.7117709517478943,-0.06844906508922577,0.4228769838809967,0.6569474935531616,-0.09021967649459839,0.3776923716068268,0.6114562749862671,-0.10884503275156021,0.4373140037059784,0.545935869216919,-0.03373756632208824,0.4247291684150696,0.42735007405281067,-0.06492604315280914,0.41767480969429016,0.3525366187095642,-0.08307546377182007,0.4074919521808624,0.2915169894695282,-0.0962747260928154,0.3879842162132263,0.5724173784255981,-0.03531373292207718,0.38270139694213867,0.4912148714065552,-0.08626802265644073,0.4075455069541931,0.5647055506706238,-0.10147459805011749,0.42043155431747437,0.6158472895622253,-0.09885726869106293,0.34904032945632935,0.6194438338279724,-0.041658591479063034,0.3533155024051666,0.5840675830841064,-0.09481296688318253,0.38718023896217346,0.6560813188552856,-0.08995544910430908,0.3997649550437927,0.6906896233558655,-0.07264290004968643,0.317059725522995,0.6813508868217468,-0.051401905715465546,0.3281439244747162,0.658929169178009,-0.0877642035484314,0.36058998107910156,0.7066237330436707,-0.08021344989538193,0.37511250376701355,0.7287540435791016,-0.06546883285045624
D,0.4136698246002197,0.8657051920890808,2.4704834800104436e-07,0.462820440530777,0.8047108054161072,-0.054375700652599335,0.4764500558376312,0.7168485522270203,-0.08390491455793381,0.4124849736690521,0.6648993492126465,-0.1090831533074379,0.3587663173675537,0.6186726689338684,-0.13038945198059082,0.4382804334163666,0.5297628045082092,-0.042437221854925156,0.42573922872543335,0.39708635210990906,-0.08034966140985489,0.4180358052253723,0.3129834532737732,-0.10234640538692474,0.4072168469429016,0.24561765789985657,-0.11766213923692703,0.38146698474884033,0.5630737543106079,-0.04194578528404236,0.3618864119052887,0.48392900824546814,-0.1038024052977562,0.3904134929180145,0.5634780526161194,-0.12196294963359833,0.4123319685459137,0.6195831894874573,-0.11803308129310608,0.33853620290756226,0.617514431476593,-0.047703638672828674,0.3345765173435211,0.5973539352416992,-0.11109083890914917,0.37512707710266113,0.675285279750824,-0.10873591154813766,0.39443811774253845,0.7064313292503357,-0.08976224064826965,0.30676576495170593,0.6839303970336914,-0.057736460119485855,0.312453031539917,0.676230251789093,-0.10072599351406097,0.34675031900405884,0.7307001352310181,-0.09550613164901733,0.3638174533843994,0.7479691505432129,-0.0802513137459755
D,0.4047013819217682,0.8345984220504761,2.0273333234399615e-07,0.4536329507827759,0.7524018883705139,-0.05707010254263878,0.45328977704048157,0.6497815251350403,-0.08794538676738739,0.38239213824272156,0.5858904123306274,-0.11547457426786423,0.3205243945121765,0.5304887294769287,-0.13963215053081512,0.41170790791511536,0.4487898647785187,-0.03261655569076538,0.3980364203453064,0.31142956018447876,-0.06597774475812912,0.38789695501327515,0.22207868099212646,-0.08783938735723495,0.375925749540329,0.15040400624275208,-0.10470983386039734,0.3532659709453583,0.4860551357269287,-0.03208727762103081,0.32301414012908936,0.38040876388549805,-0.08832243084907532,0.3507004380226135,0.46263387799263,-0.10946650803089142,0.37337154150009155,0.5177300572395325,-0.10918532311916351,0.3093348741531372,0.5478697419166565,-0.03798990324139595,0.2897816598415375,0.4928033947944641,-0.09764867275953293,0.3322094976902008,0.568912923336029,-0.09792375564575195,0.35544198751449585,0.6094132661819458,-0.08214648067951202,0.27772581577301025,0.626330554485321,-0.0484997034072876,0.26341474056243896,0.5869832038879395,-0.09115374088287354,0.3020063042640686,0.6364006996154785,-0.08712633699178696,0.327616810798645,0.6650009751319885,-0.07347982376813889
D,0.4013683497905731,0.8537213802337646,1.7696328313832055e-07,0.4489423632621765,0.7752081155776978,-0.05503500625491142,0.4517826437950134,0.6746249198913574,-0.08597072958946228,0.37916305661201477,0.6169291138648987,-0.11407511681318283,0.31744545698165894,0.5679035782814026,-0.13884682953357697,0.4051332473754883,0.4701845049858093,-0.03306527063250542,0.39168110489845276,0.32890111207962036,-0.06685293465852737,0.38175106048583984,0.2340284287929535,-0.08751649409532547,0.36847734451293945,0.1626669466495514,-0.10306700319051743,0.34771230816841125,0.5111831426620483,-0.032925400882959366,0.3166849911212921,0.41536059975624084,-0.08892744034528732,0.34674370288848877,0.5026431679725647,-0.1067342609167099,0.3695356845855713,0.5561990141868591,-0.10432948172092438,0.30490732192993164,0.5745694041252136,-0.0391995795071125,0.28187811374664307,0.5215575098991394,-0.0992504134774208,0.3259924650192261,0.5980395674705505,-0.09668241441249847,0.35008180141448975,0.6367631554603577,-0.07903194427490234,0.27462732791900635,0.6545422077178955,-0.04982949048280716,0.256256639957428,0.6153514385223389,-0.09261107444763184,0.2974376678466797,0.6627194285392761,-0.08665385842323303,0.32554757595062256,0.6882731914520264,-0.07136660814285278
D,0.40663474798202515,0.8537212610244751,2.168417694292657e-07,0.45498818159103394,0.779662013053894,-0.05998869240283966,0.46269887685775757,0.6821020245552063,-0.09278228878974915,0.3913169801235199,0.6225855350494385,-0.12159575521945953,0.3312393128871918,0.5725135207176208,-0.1465642750263214,0.41944271326065063,0.47522762417793274,-0.038368359208106995,0.40475139021873474,0.3342463970184326,-0.07544931769371033,0.39481332898139954,0.24079567193984985,-0.09940287470817566,0.38258081674575806,0.16925844550132751,-0.1169431284070015,0.3604053258895874,0.5161592364311218,-0.03664610907435417,0.3319401741027832,0.4234033226966858,-0.09734129905700684,0.3611776828765869,0.5056430697441101,-0.1184103935956955,0.38413339853286743,0.5611274838447571,-0.11746534705162048,0.3160541355609894,0.5786126852035522,-0.041806552559137344,0.29932650923728943,0.531164288520813,-0.10501198470592499,0.3413338363170624,0.6071324348449707,-0.10435246676206589,0.36363497376441956,0.647074282169342,-0.08721990138292313,0.28384360671043396,0.6560577154159546,-0.051898837089538574,0.27441707253456116,0.6254740953445435,-0.09718985110521317,0.31243714690208435,0.6750314831733704,-0.09316417574882507,0.335734099149704,0.7004663944244385,-0.07860817760229111
D,0.4142599403858185,0.8706847429275513,2.2108572750312305e-07,0.46408289670944214,0.7922307848930359,-0.05691704899072647,0.4671534299850464,0.688673198223114,-0.08594721555709839,0.39796358346939087,0.6267387270927429,-0.11116838455200195,0.34058550000190735,0.565650224685669,-0.13228249549865723,0.4262172281742096,0.48753297328948975,-0.0307758841663599,0.4090633988380432,0.3507906198501587,-0.06353994458913803,0.39827969670295715,0.26217320561408997,-0.08424410969018936,0.3856881260871887,0.19170722365379333,-0.09998399764299393,0.3678230941295624,0.5259352922439575,-0.02949625812470913,0.34004390239715576,0.42698436975479126,-0.08624452352523804,0.3698158264160156,0.5073520541191101,-0.10611400008201599,0.39310422539711,0.5638949871063232,-0.10429021716117859,0.3233715891838074,0.5879299640655518,-0.035114411264657974,0.31033438444137573,0.53824782371521,-0.09602256119251251,0.35446274280548096,0.6168987154960632,-0.09550236165523529,0.37648823857307434,0.6544082164764404,-0.07846643775701523,0.29063981771469116,0.6651622653007507,-0.045340605080127716,0.2870386242866516,0.6333693861961365,-0.08937530219554901,0.32658714056015015,0.6838511824607849,-0.08600910753011703,0.34992918372154236,0.7054177522659302,-0.07233862578868866
D,0.2348358929157257,0.7488347291946411,2.304829536114994e-07,0.2611862123012543,0.68851637840271,-0.04482939839363098,0.2513572871685028,0.6166778802871704,-0.06412765383720398,0.2035214751958847,0.5626198053359985,-0.08069340884685516,0.16492944955825806,0.5148688554763794,-0.09509081393480301,0.26170969009399414,0.47636643052101135,-0.01231016218662262,0.27215901017189026,0.38643115758895874,-0.03559776768088341,0.2785937786102295,0.3230054974555969,-0.05353274941444397,0.2810175120830536,0.2727140188217163,-0.06627226620912552,0.21373602747917175,0.49599403142929077,-0.0064885783940553665,0.18945099413394928,0.4232480227947235,-0.044621121138334274,0.20054952800273895,0.48187631368637085,-0.061366528272628784,0.21456889808177948,0.5220108032226562,-0.0616762675344944,0.17642958462238312,0.5336691737174988,-0.006753765977919102,0.1552422046661377,0.4978552460670471,-0.04848996177315712,0.1765611469745636,0.5518689155578613,-0.05327374115586281,0.19256432354450226,0.5801428556442261,-0.04392130300402641,0.14853329956531525,0.583782434463501,-0.01063296664506197,0.1285252571105957,0.5473446846008301,-0.04050290212035179,0.14730069041252136,0.5826313495635986,-0.039782386273145676,0.16688419878482819,0.6049878001213074,-0.030762456357479095
D,0.2534324824810028,0.7590416669845581,1.9899138692380802e-07,0.28526371717453003,0.7068795561790466,-0.05209149047732353,0.2814958393573761,0.6409571170806885,-0.07638933509588242,0.23197007179260254,0.5879665017127991,-0.09592721611261368,0.190390944480896,0.5402131080627441,-0.11293084174394608,0.28629356622695923,0.49355846643447876,-0.02645955979824066,0.2948209047317505,0.4012497365474701,-0.05248009413480759,0.3000747561454773,0.33639687299728394,-0.07019967585802078,0.30242064595222473,0.2844809591770172,-0.08302254974842072,0.23789361119270325,0.510048508644104,-0.01822805218398571,0.2098451852798462,0.44224196672439575,-0.058104127645492554,0.22071970999240875,0.5073035955429077,-0.07223214954137802,0.2367604821920395,0.5468367338180542,-0.07081805914640427,0.20000220835208893,0.5463190674781799,-0.016401587054133415,0.17858652770519257,0.5115737318992615,-0.06115482747554779,0.1993456780910492,0.571784496307373,-0.06358237564563751,0.2156258374452591,0.5990024209022522,-0.05268103629350662,0.1736789345741272,0.5956401824951172,-0.018677450716495514,0.15358009934425354,0.5634316802024841,-0.05248747020959854,0.17491088807582855,0.6032241582870483,-0.052117615938186646,0.196315735578537,0.6252434253692627,-0.04288403317332268
D,0.3140186667442322,0.7144218683242798,1.3658564057550393e-07,0.3495819568634033,0.6808804273605347,-0.03904082626104355,0.3602812886238098,0.6288756728172302,-0.06410976499319077,0.3165496289730072,0.5931637287139893,-0.08675415813922882,0.2750336825847626,0.5634498596191406,-0.10767734795808792,0.3469344675540924,0.4924744963645935,-0.040039703249931335,0.34997496008872986,0.390102744102478,-0.0718570426106453,0.3520713150501251,0.32529112696647644,-0.09061982482671738,0.35210922360420227,0.2748350501060486,-0.10291890054941177,0.30656304955482483,0.5100502371788025,-0.038479190319776535,0.29015249013900757,0.47049447894096375,-0.08509530872106552,0.30217328667640686,0.5309287309646606,-0.09789352118968964,0.31669098138809204,0.5664485692977905,-0.09608449786901474,0.27401676774024963,0.5419308543205261,-0.040836166590452194,0.2575168311595917,0.5367283821105957,-0.08437751233577728,0.27921465039253235,0.5886173248291016,-0.07866537570953369,0.29767322540283203,0.6069397926330566,-0.06395215541124344,0.24845115840435028,0.5822852849960327,-0.04647216945886612,0.2315777838230133,0.5752110481262207,-0.07352454960346222,0.25138425827026367,0.6122223138809204,-0.06454631686210632,0.2697921097278595,0.6269510984420776,-0.05035025626420975
D,0.36010587215423584,0.6770548820495605,1.2799969795196375e-07,0.39826056361198425,0.6571379899978638,-0.032516784965991974,0.42118021845817566,0.621541440486908,-0.05578579753637314,0.3943291902542114,0.5910415649414062,-0.07795033603906631,0.36505088210105896,0.5627427101135254,-0.09874609112739563,0.412509024143219,0.49167534708976746,-0.03752157837152481,0.4161511957645416,0.3991706669330597,-0.06820391863584518,0.41941115260124207,0.3411903381347656,-0.08647215366363525,0.4193476736545563,0.29623159766197205,-0.09782147407531738,0.3755568861961365,0.5012665390968323,-0.03849845007061958,0.3738401234149933,0.4732666015625,-0.0848415419459343,0.37759271264076233,0.5315240621566772,-0.09751488268375397,0.3834035396575928,0.5691996216773987,-0.09534723311662674,0.3441816568374634,0.5228833556175232,-0.04285765439271927,0.34447234869003296,0.5343899130821228,-0.0855739638209343,0.3577699065208435,0.5917855501174927,-0.08129464834928513,0.3685939311981201,0.6178675889968872,-0.06701011955738068,0.3169058561325073,0.552944540977478,-0.05006565898656845,0.3180946111679077,0.5598700642585754,-0.07623253762722015,0.33150729537010193,0.5998767018318176,-0.06928100436925888,0.34346804022789,0.6162171959877014,-0.056397195905447006
D,0.18642979860305786,0.7147035598754883,2.076835130537802e-07,0.20278596878051758,0.6625920534133911,-0.03638796880841255,0.18666543066501617,0.5974636077880859,-0.05326118320226669,0.14190751314163208,0.5559051036834717,-0.06802475452423096,0.10691162198781967,0.5198720693588257,-0.08052758872509003,0.2053719162940979,0.479338675737381,-0.01569214276969433,0.21539261937141418,0.39344266057014465,-0.040628641843795776,0.22276648879051208,0.33289432525634766,-0.057682763785123825,0.22762270271778107,0.286443829536438,-0.06867019832134247,0.166201651096344,0.49749526381492615,-0.012015480548143387,0.13242751359939575,0.4417438507080078,-0.05087818577885628,0.14166855812072754,0.49602073431015015,-0.06400622427463531,0.15860730409622192,0.5315181612968445,-0.061865273863077164,0.13424327969551086,0.5306640267372131,-0.013419191353023052,0.10576164722442627,0.503471314907074,-0.05282783880829811,0.12257102131843567,0.5509722232818604,-0.05191061273217201,0.1392248272895813,0.5708662867546082,-0.03931811824440956,0.11139453947544098,0.5721685886383057,-0.01787136308848858,0.0862220972776413,0.5446422100067139,-0.04467582330107689,0.10152885317802429,0.5775259137153625,-0.040349528193473816,0.11933507025241852,0.594418466091156,-0.028783509507775307
D,0.2852120101451874,0.7758306264877319,1.6843263495047722e-07,0.33002614974975586,0.7241754531860352,-0.049694787710905075,0.3357466161251068,0.6421080827713013,-0.07673634588718414,0.28620246052742004,0.5801907181739807,-0.10083800554275513,0.24255187809467316,0.5213219523429871,-0.12209302932024002,0.3355255126953125,0.4721482992172241,-0.0318438857793808,0.3381038308143616,0.35515180230140686,-0.06360366195440292,0.3419550657272339,0.2765670418739319,-0.0853014811873436,0.34174954891204834,0.216017484664917,-0.10158013552427292,0.281453400850296,0.4903101325035095,-0.03028220869600773,0.25976744294166565,0.41158872842788696,-0.08358030021190643,0.27160879969596863,0.4873308539390564,-0.10374632477760315,0.284495085477829,0.5406290888786316,-0.10483954846858978,0.23549766838550568,0.5313795804977417,-0.034291453659534454,0.21372124552726746,0.4770050048828125,-0.08899027109146118,0.23907411098480225,0.550296425819397,-0.09032468497753143,0.25637149810791016,0.5924873352050781,-0.07780677825212479,0.20109987258911133,0.5896828770637512,-0.04219956323504448,0.18778952956199646,0.5593752861022949,-0.08414388447999954,0.21354180574417114,0.611335277557373,-0.08383827656507492,0.23335672914981842,0.6412366628646851,-0.07386605441570282
D,0.26265960931777954,0.8022475242614746,2.2547065725575521e-07,0.3080422282218933,0.7435745596885681,-0.05374239385128021,0.31014394760131836,0.6571580171585083,-0.08122489601373672,0.2558888792991638,0.5903279185295105,-0.10498311370611191,0.20730841159820557,0.5323274731636047,-0.12554630637168884,0.30265524983406067,0.4759775400161743,-0.036642469465732574,0.31122836470603943,0.3453786373138428,-0.07181336730718613,0.3149210810661316,0.26045048236846924,-0.09408225119113922,0.31369107961654663,0.19415241479873657,-0.10970443487167358,0.24666117131710052,0.49914222955703735,-0.033769991248846054,0.21701031923294067,0.41566962003707886,-0.08971234411001205,0.2317701280117035,0.4878843128681183,-0.10801593214273453,0.24934445321559906,0.5415375828742981,-0.10622790455818176,0.2010200321674347,0.5474855899810791,-0.037108100950717926,0.17805644869804382,0.5128567218780518,-0.09609386324882507,0.20804277062416077,0.5842640995979309,-0.09579615294933319,0.22916533052921295,0.6193727254867554,-0.07964004576206207,0.16781392693519592,0.6097216010093689,-0.04462587460875511,0.1503395140171051,0.5835481882095337,-0.08673617988824844,0.17787155508995056,0.6339473724365234,-0.08287268131971359,0.20024536550045013,0.6605391502380371,-0.06887394934892654
D,0.21401742100715637,0.9064782857894897,3.2253271342597145e-07,0.24864788353443146,0.8435922265052795,-0.0620373860001564,0.24174678325653076,0.7534958720207214,-0.09501395374536514,0.1682475507259369,0.6930861473083496,-0.12330134958028793,0.10906437039375305,0.6381887197494507,-0.14708641171455383,0.23686836659908295,0.5484446287155151,-0.04144749045372009,0.24108830094337463,0.40188688039779663,-0.08283925801515579,0.24081945419311523,0.306945264339447,-0.10728166997432709,0.2394222617149353,0.2340945303440094,-0.12353701144456863,0.1727626770734787,0.5769879817962646,-0.036301981657743454,0.13216786086559296,0.4917392134666443,-0.10068749636411667,0.15347939729690552,0.5799171328544617,-0.11826606839895248,0.18010161817073822,0.6400829553604126,-0.11251170188188553,0.12349763512611389,0.6322458982467651,-0.038791704922914505,0.08604690432548523,0.6051453351974487,-0.10303506255149841,0.12051091343164444,0.6812281012535095,-0.09832396358251572,0.14881806075572968,0.7129924297332764,-0.07667084038257599,0.08846259117126465,0.7028126120567322,-0.04647552967071533,0.05372539162635803,0.6878643035888672,-0.09000968933105469,0.08246500045061111,0.7369365692138672,-0.08322994410991669,0.10959848761558533,0.7555110454559326,-0.06538846343755722
D,0.38261404633522034,0.7959067821502686,1.7150996711734479e-07,0.4317197799682617,0.7462457418441772,-0.036245882511138916,0.4488902986049652,0.6704806089401245,-0.054657429456710815,0.41776174306869507,0.6132742762565613,-0.07185399532318115,0.39125001430511475,0.5617606043815613,-0.08642981201410294,0.43308061361312866,0.514413058757782,-0.02422264963388443,0.43142420053482056,0.40336981415748596,-0.05228906869888306,0.4301909804344177,0.332783043384552,-0.06923243403434753,0.4255238175392151,0.27486473321914673,-0.08064004778862,0.3839573264122009,0.5322174429893494,-0.02657809853553772,0.37543347477912903,0.4499618113040924,-0.07120923697948456,0.38931670784950256,0.5010865926742554,-0.0866689458489418,0.3998604416847229,0.5490507483482361,-0.08506213873624802,0.34335580468177795,0.5700730085372925,-0.033270031213760376,0.3474246561527252,0.5448111891746521,-0.0784095749258995,0.36940544843673706,0.6089391112327576,-0.07671840488910675,0.3801611363887787,0.6440160274505615,-0.06280993670225143,0.3125383257865906,0.6208844780921936,-0.04344913363456726,0.32465875148773193,0.6174335479736328,-0.0734926387667656,0.34475040435791016,0.6642953753471375,-0.06938215345144272,0.35537225008010864,0.685560405254364,-0.05808442458510399
D,0.39979615807533264,0.7757264375686646,1.803850864234846e-07,0.4533298909664154,0.7323851585388184,-0.0355132594704628,0.4744974374771118,0.6578965187072754,-0.0541420504450798,0.45096448063850403,0.5973184108734131,-0.0711342841386795,0.4339238703250885,0.541939377784729,-0.08510835468769073,0.4602765142917633,0.5070004463195801,-0.025951631367206573,0.46617624163627625,0.3969497084617615,-0.051242388784885406,0.4697473347187042,0.32911449670791626,-0.06562523543834686,0.46763530373573303,0.2727563679218292,-0.07562091946601868,0.4156334400177002,0.5229421854019165,-0.02828841656446457,0.4176381826400757,0.4379529356956482,-0.07105285674333572,0.4375501871109009,0.49380624294281006,-0.08419875055551529,0.4470852017402649,0.5420504808425903,-0.08160366117954254,0.3762733042240143,0.5573388338088989,-0.03456486389040947,0.3869701325893402,0.5235089063644409,-0.08012333512306213,0.4071876108646393,0.5960843563079834,-0.07597512006759644,0.41127824783325195,0.6324833035469055,-0.06014144420623779,0.34220069646835327,0.6037283539772034,-0.043734800070524216,0.35679617524147034,0.579585075378418,-0.07389862090349197,0.37650734186172485,0.6311590075492859,-0.06667576730251312,0.38200628757476807,0.6564748883247375,-0.05329716205596924
D,0.3396056592464447,0.7788614630699158,1.5845250800339272e-07,0.3848801851272583,0.730503261089325,-0.03961434215307236,0.3949838876724243,0.6561525464057922,-0.059220682829618454,0.3567150831222534,0.5996936559677124,-0.07634136080741882,0.3229810893535614,0.5501986742019653,-0.09090402722358704,0.3845149576663971,0.5093804001808167,-0.026168016716837883,0.3868694007396698,0.3994695544242859,-0.05289291962981224,0.3881339430809021,0.33074378967285156,-0.06993824988603592,0.38620343804359436,0.27448770403862,-0.08188138902187347,0.34008949995040894,0.5282444953918457,-0.025968261063098907,0.329154372215271,0.44938260316848755,-0.07138511538505554,0.3402054011821747,0.507574737071991,-0.08735840022563934,0.3506928086280823,0.5561056137084961,-0.0860050767660141,0.30162450671195984,0.5662263631820679,-0.03013172559440136,0.2944907248020172,0.533621609210968,-0.0781359076499939,0.3166523873806,0.6015947461128235,-0.07702330499887466,0.3298376500606537,0.6368126273155212,-0.06239781528711319,0.27067601680755615,0.6146469712257385,-0.037238940596580505,0.2668781578540802,0.5875711441040039,-0.0700652077794075,0.28805798292160034,0.6358867287635803,-0.06444968283176422,0.3021935820579529,0.6619888544082642,-0.05126752331852913
D,0.3315519094467163,0.7890721559524536,1.6296790761316515e-07,0.3735310137271881,0.7374873161315918,-0.038611024618148804,0.3800317645072937,0.6679707765579224,-0.06089979410171509,0.34044140577316284,0.6144243478775024,-0.08173728734254837,0.3073217570781708,0.5622625946998596,-0.10016447305679321,0.3747594356536865,0.5179443359375,-0.028403906151652336,0.3758753538131714,0.40724170207977295,-0.05711349844932556,0.3758159577846527,0.33660799264907837,-0.07462995499372482,0.37338772416114807,0.27952855825424194,-0.086752749979496,0.3299664556980133,0.5379254221916199,-0.029813839122653008,0.3147837221622467,0.45796138048171997,-0.07688361406326294,0.32303547859191895,0.5167545080184937,-0.0929490476846695,0.33359748125076294,0.562275230884552,-0.09180951863527298,0.29091233015060425,0.5760726928710938,-0.03549273684620857,0.2796533703804016,0.5389791131019592,-0.08371495455503464,0.30229058861732483,0.6064861416816711,-0.08150745928287506,0.3176852762699127,0.641883373260498,-0.06666191667318344,0.25974056124687195,0.6257939338684082,-0.04428442567586899,0.2509583830833435,0.600874662399292,-0.07709930092096329,0.273741215467453,0.6458958387374878,-0.07174347341060638,0.291136771440506,0.6689056754112244,-0.05898035317659378
D,0.33807045221328735,0.7922691106796265,1.71905497836633e-07,0.381691038608551,0.7458681464195251,-0.04460719972848892,0.39133262634277344,0.6745822429656982,-0.06885751336812973,0.34969794750213623,0.6198412775993347,-0.09020137041807175,0.314517080783844,0.566274881362915,-0.1086706668138504,0.38389116525650024,0.5191763043403625,-0.03270837292075157,0.38446179032325745,0.4060569107532501,-0.06204831972718239,0.38479816913604736,0.333249568939209,-0.07955595850944519,0.3825083374977112,0.2758527994155884,-0.09191873669624329,0.33734259009361267,0.5397931933403015,-0.03178996592760086,0.3251917362213135,0.46250414848327637,-0.08039670437574387,0.3359793722629547,0.5299932360649109,-0.09538350254297256,0.3476734757423401,0.5784637928009033,-0.09301050752401352,0.2979327142238617,0.5788752436637878,-0.03589312359690666,0.2896100878715515,0.5394815802574158,-0.085504449903965,0.31164586544036865,0.6093494892120361,-0.08263208717107773,0.3249427378177643,0.6437608599662781,-0.06731102615594864,0.26683560013771057,0.6296374797821045,-0.0436314232647419,0.2626083195209503,0.604367733001709,-0.07815360277891159,0.2840089499950409,0.651678204536438,-0.0732583999633789,0.2981181740760803,0.6733719706535339,-0.06083781272172928
D,0.3377476930618286,0.7933869361877441,1.6288304038880597e-07,0.38102665543556213,0.7472230792045593,-0.04344456270337105,0.39256107807159424,0.6796386241912842,-0.06800784915685654,0.35276901721954346,0.6272100210189819,-0.08998287469148636,0.3189180791378021,0.5737637281417847,-0.10903627425432205,0.3822799324989319,0.5178114175796509,-0.031656414270401,0.3832778334617615,0.40621447563171387,-0.06122913211584091,0.3838184177875519,0.33428114652633667,-0.07861783355474472,0.3819001317024231,0.2771560549736023,-0.09071110188961029,0.33590438961982727,0.5393862724304199,-0.03129652142524719,0.32542821764945984,0.46618014574050903,-0.0801941305398941,0.3365362584590912,0.5365418791770935,-0.09490448236465454,0.34784477949142456,0.5858634114265442,-0.09204145520925522,0.2967888414859772,0.5792161822319031,-0.035888127982616425,0.2896699905395508,0.5453200936317444,-0.08619843423366547,0.31217238306999207,0.6170701384544373,-0.08275576680898666,0.32552099227905273,0.6504505276679993,-0.06663411110639572,0.26590821146965027,0.6306093335151672,-0.04392031952738762,0.2619650363922119,0.6082262992858887,-0.07867728173732758,0.2848265767097473,0.6576878428459167,-0.07296579331159592,0.3001558482646942,0.6786563396453857,-0.05954751372337341
D,0.33701780438423157,0.792163074016571,1.599029246790451e-07,0.3791707158088684,0.7472490072250366,-0.046127475798130035,0.3901452422142029,0.6790325045585632,-0.07135358452796936,0.35088232159614563,0.6244362592697144,-0.09350734204053879,0.31723517179489136,0.5702841877937317,-0.11270885914564133,0.3811033070087433,0.5164437890052795,-0.03371192887425423,0.3817140758037567,0.40407437086105347,-0.06451302021741867,0.3821603059768677,0.3315180242061615,-0.08256907016038895,0.37977373600006104,0.27427923679351807,-0.09485524147748947,0.335087388753891,0.5369476675987244,-0.03194078058004379,0.3214287757873535,0.46310290694236755,-0.08218835294246674,0.33119094371795654,0.5346236824989319,-0.09718693792819977,0.3431626856327057,0.5828953981399536,-0.09393835812807083,0.2960364818572998,0.5752098560333252,-0.03547019511461258,0.2856799364089966,0.5435821413993835,-0.08722129464149475,0.30664458870887756,0.6152815222740173,-0.08501582592725754,0.3210299611091614,0.6474604606628418,-0.06911108642816544,0.2653037905693054,0.6248959302902222,-0.04262356087565422,0.25904202461242676,0.605242908000946,-0.07851456850767136,0.28156670928001404,0.6535618305206299,-0.07417142391204834,0.2985149025917053,0.6733028292655945,-0.06132054701447487
D,0.3360665440559387,0.7918795943260193,1.461932157553747e-07,0.3788561224937439,0.7446760535240173,-0.04085701331496239,0.388212114572525,0.675039529800415,-0.06440921127796173,0.3483518064022064,0.6233862638473511,-0.08599195629358292,0.31369104981422424,0.5721076130867004,-0.10492026805877686,0.37931492924690247,0.5186181664466858,-0.03181847184896469,0.37929847836494446,0.4033999741077423,-0.06173868477344513,0.3800637125968933,0.33021989464759827,-0.07900424301624298,0.3771715760231018,0.27264493703842163,-0.09056876599788666,0.33358263969421387,0.5402911901473999,-0.03234529867768288,0.3222797214984894,0.4660385251045227,-0.08134901523590088,0.3338235318660736,0.5365889668464661,-0.09503389894962311,0.3448878824710846,0.5852606296539307,-0.09136994183063507,0.29454606771469116,0.578835666179657,-0.03747771680355072,0.2863009572029114,0.5415586829185486,-0.08703229576349258,0.30918756127357483,0.6137561202049255,-0.08177119493484497,0.32251235842704773,0.6485471129417419,-0.06435120105743408,0.2628800868988037,0.6288217902183533,-0.04587986320257187,0.25785407423973083,0.6016038656234741,-0.0792161226272583,0.28126007318496704,0.6498087644577026,-0.07152993232011795,0.29652512073516846,0.6720811724662781,-0.056627728044986725
D,0.33609017729759216,0.7934293746948242,1.6862271934314776e-07,0.3784981966018677,0.7487179040908813,-0.04500333219766617,0.3896002173423767,0.6781295537948608,-0.06944289058446884,0.3476408123970032,0.6221154928207397,-0.091014564037323,0.3100157678127289,0.5684940814971924,-0.10973495990037918,0.3828919231891632,0.5206974148750305,-0.03131121024489403,0.3847599923610687,0.4072211980819702,-0.06024370342493057,0.38614988327026367,0.333662211894989,-0.07713460177183151,0.38423869013786316,0.2759534418582916,-0.0888255387544632,0.33652594685554504,0.5407013297080994,-0.02980837970972061,0.32440969347953796,0.46443697810173035,-0.07820447534322739,0.3352963328361511,0.5338608026504517,-0.09295644611120224,0.3461960554122925,0.5825425982475281,-0.08993921428918839,0.2969943583011627,0.5789154767990112,-0.033319782465696335,0.28753575682640076,0.5404850244522095,-0.08384138345718384,0.30949729681015015,0.6117271184921265,-0.08116358518600464,0.32164403796195984,0.6460506916046143,-0.0652095153927803,0.2653319835662842,0.6282767653465271,-0.040259670466184616,0.26059019565582275,0.6006380915641785,-0.07523025572299957,0.2823060154914856,0.6491931080818176,-0.06981012225151062,0.2957017123699188,0.6714608073234558,-0.05645189806818962
D,0.3352770209312439,0.7899717688560486,1.6589807216860208e-07,0.3783278465270996,0.7454171776771545,-0.044416267424821854,0.39014488458633423,0.6752904057502747,-0.06926367431879044,0.3484039306640625,0.6213952898979187,-0.09130792319774628,0.31206178665161133,0.5692548751831055,-0.11039894819259644,0.38166648149490356,0.517419695854187,-0.0338703878223896,0.3831774890422821,0.4015910029411316,-0.06479291617870331,0.38542574644088745,0.3285481333732605,-0.08253727108240128,0.38446998596191406,0.27114245295524597,-0.09459234774112701,0.3355405330657959,0.5371371507644653,-0.03306964784860611,0.3248082101345062,0.46314820647239685,-0.08392999321222305,0.33419927954673767,0.5354275703430176,-0.09866015613079071,0.34440892934799194,0.5855168104171753,-0.09531830251216888,0.29603224992752075,0.5746853947639465,-0.03729793429374695,0.2871275246143341,0.5416412353515625,-0.08907061070203781,0.3084920644760132,0.613889753818512,-0.08570505678653717,0.3219502866268158,0.6474352478981018,-0.06920934468507767,0.2641456425189972,0.6235388517379761,-0.04495139420032501,0.25915318727493286,0.6032914519309998,-0.08022549003362656,0.2819042205810547,0.6512846350669861,-0.07463216036558151,0.2976677715778351,0.6709824800491333,-0.06107275187969208
D,0.33936548233032227,0.7932227849960327,1.6067210140136012e-07,0.3809235692024231,0.7466902732849121,-0.043966446071863174,0.39110952615737915,0.6784260272979736,-0.06911230832338333,0.3502712845802307,0.6246998906135559,-0.0914880782365799,0.31496840715408325,0.5719473958015442,-0.11114680022001266,0.38282567262649536,0.5200953483581543,-0.034498050808906555,0.3839596211910248,0.4060216248035431,-0.06511840969324112,0.38543832302093506,0.3329753875732422,-0.08335775136947632,0.3833281099796295,0.27465933561325073,-0.09598035365343094,0.33634084463119507,0.540075421333313,-0.03390161320567131,0.3269062042236328,0.46730953454971313,-0.08410927653312683,0.3376573920249939,0.5393062233924866,-0.09900695085525513,0.34707480669021606,0.5905090570449829,-0.09622737020254135,0.29675453901290894,0.5785521864891052,-0.038099370896816254,0.2889631390571594,0.5456681251525879,-0.08889465034008026,0.31022900342941284,0.6176465153694153,-0.0852094367146492,0.3222363591194153,0.6530933380126953,-0.06898453086614609,0.264945387840271,0.628375768661499,-0.04576215147972107,0.259794145822525,0.608884871006012,-0.08075379580259323,0.28165748715400696,0.6588100790977478,-0.07488394528627396,0.2957227826118469,0.6818143725395203,-0.061284374445676804
D,0.3430507779121399,0.8759167790412903,1.4512148993617302e-07,0.408922404050827,0.7913323044776917,-0.049267303198575974,0.42194801568984985,0.6706670522689819,-0.07194285094738007,0.3769582509994507,0.5706200003623962,-0.0927034392952919,0.3398634195327759,0.4837271273136139,-0.10996986925601959,0.4120810329914093,0.479663223028183,-0.02006315067410469,0.41286441683769226,0.32584282755851746,-0.04886583611369133,0.413457453250885,0.2291908860206604,-0.06547537446022034,0.4097003936767578,0.15133550763130188,-0.07730396091938019,0.349200040102005,0.49783778190612793,-0.02064814232289791,0.34646251797676086,0.3641742467880249,-0.0732729583978653,0.35886988043785095,0.4576875567436218,-0.08953874558210373,0.3664731979370117,0.5292104482650757,-0.08373182266950607,0.29285046458244324,0.5430777668952942,-0.027357961982488632,0.28833916783332825,0.4680178165435791,-0.08744679391384125,0.31463780999183655,0.5705510377883911,-0.08334878832101822,0.32600167393684387,0.627956211566925,-0.06175725534558296,0.24171698093414307,0.6058462262153625,-0.0375472828745842,0.23310628533363342,0.5366085767745972,-0.07968774437904358,0.2651134133338928,0.605004608631134,-0.069568932056427,0.28596362471580505,0.652030348777771,-0.049951959401369095
D,0.34214115142822266,0.8760132789611816,2.0121201771416963e-07,0.4061586856842041,0.7891595959663391,-0.051438622176647186,0.4179661273956299,0.671352207660675,-0.07515730708837509,0.37049323320388794,0.5754806399345398,-0.09619641304016113,0.333816260099411,0.48824185132980347,-0.11322803795337677,0.41162052750587463,0.4764195382595062,-0.020981859415769577,0.41141924262046814,0.3231092691421509,-0.051256243139505386,0.41063961386680603,0.22507897019386292,-0.06895586848258972,0.40577468276023865,0.14662224054336548,-0.08105921000242233,0.34834685921669006,0.4945703148841858,-0.02062099799513817,0.347426176071167,0.36047932505607605,-0.07533256709575653,0.35809943079948425,0.45440083742141724,-0.09159897267818451,0.36487534642219543,0.529022216796875,-0.08461148291826248,0.29042306542396545,0.5395961999893188,-0.02683466114103794,0.2848533093929291,0.47097247838974,-0.0889509990811348,0.31000787019729614,0.5777800679206848,-0.08444032818078995,0.3215714991092682,0.634788990020752,-0.061551399528980255,0.23780691623687744,0.6015264987945557,-0.036699987947940826,0.23490968346595764,0.541163444519043,-0.07961167395114899,0.26474326848983765,0.6156097650527954,-0.06885433942079544,0.2825305163860321,0.6606099009513855,-0.0482296347618103
D,0.33606916666030884,0.8803753852844238,1.5148170007250883e-07,0.4014398455619812,0.7948439121246338,-0.0504937581717968,0.4130696654319763,0.6752377152442932,-0.07317684590816498,0.3634166121482849,0.5766474008560181,-0.0934494361281395,0.3257148563861847,0.49059632420539856,-0.10993565618991852,0.40924954414367676,0.48033517599105835,-0.020438026636838913,0.41032901406288147,0.3250465989112854,-0.05051499977707863,0.41043102741241455,0.22702118754386902,-0.06855906546115875,0.4065006971359253,0.14807328581809998,-0.08138877153396606,0.34601715207099915,0.49791279435157776,-0.020502423867583275,0.34102779626846313,0.36487215757369995,-0.07471587508916855,0.35083287954330444,0.4565311074256897,-0.09160918742418289,0.3588506579399109,0.5286576747894287,-0.08602960407733917,0.2887726128101349,0.5436001420021057,-0.026948081329464912,0.27926966547966003,0.47068944573402405,-0.08852263540029526,0.3047350347042084,0.5749731063842773,-0.08407671004533768,0.31811073422431946,0.63234943151474,-0.06209949776530266,0.2371388077735901,0.6076053380966187,-0.037043604999780655,0.229891836643219,0.5427460074424744,-0.08088096976280212,0.2596436142921448,0.6162914633750916,-0.07073009014129639,0.27948540449142456,0.6631108522415161,-0.05072292685508728
D,0.3292233943939209,0.8914138078689575,1.2563612017402193e-07,0.39366501569747925,0.8087202310562134,-0.049516163766384125,0.4057125747203827,0.6874971389770508,-0.06991570442914963,0.35675737261772156,0.5880094170570374,-0.0879422128200531,0.32255783677101135,0.5009708404541016,-0.1019519567489624,0.4020073711872101,0.4932868778705597,-0.018376586958765984,0.4042966067790985,0.33574050664901733,-0.04745827615261078,0.40429776906967163,0.23778727650642395,-0.06409116834402084,0.40089040994644165,0.1587618589401245,-0.07572437822818756,0.3395525813102722,0.5097546577453613,-0.018456904217600822,0.33471256494522095,0.37287867069244385,-0.07351161539554596,0.34389054775238037,0.4663757383823395,-0.09007439762353897,0.35235291719436646,0.5424636602401733,-0.08321532607078552,0.2822144329547882,0.5541499853134155,-0.024830125272274017,0.2749577760696411,0.4782213270664215,-0.08724309504032135,0.2986942231655121,0.5864510536193848,-0.08271650224924088,0.3110901415348053,0.6469848155975342,-0.05961620435118675,0.22980329394340515,0.617196798324585,-0.03467569127678871,0.22324475646018982,0.5510794520378113,-0.07876903563737869,0.25210040807724,0.6255446672439575,-0.06877587735652924,0.27133068442344666,0.6729815602302551,-0.048383425921201706
D,0.32499703764915466,0.8971229791641235,1.502581028489658e-07,0.38671183586120605,0.8147508502006531,-0.05309304967522621,0.3957940936088562,0.6949430704116821,-0.07761318981647491,0.33984997868537903,0.5984452962875366,-0.09919250011444092,0.3001743257045746,0.5097976922988892,-0.11626716703176498,0.39183342456817627,0.49112385511398315,-0.021815290674567223,0.391475111246109,0.3336365222930908,-0.054179683327674866,0.3901865780353546,0.2347412109375,-0.07252124696969986,0.3844781517982483,0.15508529543876648,-0.0853671208024025,0.3274119198322296,0.5096298456192017,-0.021957797929644585,0.32343047857284546,0.3744503855705261,-0.07990996539592743,0.3332684636116028,0.47620585560798645,-0.09698013961315155,0.34024643898010254,0.5480019450187683,-0.08998094499111176,0.26956847310066223,0.5565037131309509,-0.028838669881224632,0.25848203897476196,0.48565104603767395,-0.09530703723430634,0.28432708978652954,0.5973554849624634,-0.09017153084278107,0.2967997193336487,0.650830864906311,-0.0659983679652214,0.21858805418014526,0.6235589981079102,-0.039228592067956924,0.2098093330860138,0.5585541129112244,-0.08541299402713776,0.2393656075000763,0.6378135681152344,-0.07349776476621628,0.2576267421245575,0.6824935674667358,-0.051425106823444366
D,0.31576430797576904,0.9009323716163635,6.875944080775298e-08,0.37712156772613525,0.807321310043335,-0.03633459284901619,0.38778549432754517,0.6623162031173706,-0.05267738178372383,0.33298274874687195,0.5544762015342712,-0.07066736370325089,0.278839647769928,0.47374778985977173,-0.0854913741350174,0.3933764398097992,0.4800877869129181,-0.0019431295804679394,0.3945583403110504,0.32331588864326477,-0.029205458238720894,0.3940761685371399,0.22246184945106506,-0.04338495805859566,0.3872143030166626,0.1400059461593628,-0.053630586713552475,0.32375359535217285,0.4901483654975891,-0.008124137297272682,0.3289445638656616,0.36380571126937866,-0.06056490167975426,0.3483929932117462,0.47760847210884094,-0.07149408757686615,0.35508424043655396,0.549682080745697,-0.061290349811315536,0.25989487767219543,0.5275633335113525,-0.019901467487215996,0.25364524126052856,0.4367617666721344,-0.08232031017541885,0.28701722621917725,0.5573842525482178,-0.06903618574142456,0.2967034578323364,0.6255446672439575,-0.040495261549949646,0.19917264580726624,0.5857670307159424,-0.03404027596116066,0.1980566680431366,0.5035527944564819,-0.07741909474134445,0.23141822218894958,0.5862360000610352,-0.059325747191905975,0.243824765086174,0.6426936388015747,-0.033208392560482025
D,0.31078988313674927,0.9038271307945251,4.557607269362052e-08,0.37382736802101135,0.8091959953308105,-0.03926520049571991,0.385080486536026,0.6653593182563782,-0.05603697896003723,0.3292432129383087,0.5551547408103943,-0.07389285415410995,0.2753033936023712,0.47225263714790344,-0.08849958330392838,0.38955575227737427,0.48156583309173584,-0.004010149743407965,0.3904852867126465,0.32091188430786133,-0.031119059771299362,0.3879660665988922,0.22108417749404907,-0.04582594707608223,0.3798748850822449,0.13714107871055603,-0.05634640157222748,0.3203355371952057,0.49289193749427795,-0.00864982046186924,0.3234351873397827,0.3629908561706543,-0.06250226497650146,0.34114164113998413,0.47459834814071655,-0.07559666782617569,0.34800001978874207,0.5499480962753296,-0.06648845225572586,0.2560333013534546,0.5303212404251099,-0.0188364926725626,0.24821865558624268,0.43527650833129883,-0.082476906478405,0.28063544631004333,0.5577248930931091,-0.07088794559240341,0.2918566167354584,0.6311459541320801,-0.042621031403541565,0.19541439414024353,0.5869670510292053,-0.031516410410404205,0.19221270084381104,0.49803197383880615,-0.07544688880443573,0.22556047141551971,0.5799924731254578,-0.05775358900427818,0.24064002931118011,0.6416177749633789,-0.03132489323616028
D,0.3036689758300781,0.9095509052276611,8.954454244758381e-08,0.36347073316574097,0.8184468746185303,-0.04054095596075058,0.37337246537208557,0.6696692109107971,-0.057260118424892426,0.3114156126976013,0.562693178653717,-0.0742802545428276,0.25580185651779175,0.48153752088546753,-0.0878901556134224,0.37599411606788635,0.48583459854125977,-0.005599289666861296,0.3783527612686157,0.3266833424568176,-0.03300737589597702,0.3782518804073334,0.2272619605064392,-0.047208793461322784,0.37165942788124084,0.1450514793395996,-0.057252559810876846,0.306316614151001,0.49871745705604553,-0.009931765496730804,0.3117593824863434,0.36690831184387207,-0.06346309930086136,0.33429983258247375,0.47863826155662537,-0.07585292309522629,0.34402474761009216,0.5518226027488708,-0.06599041819572449,0.24235662817955017,0.5390517115592957,-0.019962932914495468,0.23702451586723328,0.4508954584598541,-0.08498141169548035,0.27400413155555725,0.5725909471511841,-0.07491401582956314,0.28605446219444275,0.6408393383026123,-0.04740312695503235,0.18250995874404907,0.6005287766456604,-0.03227247670292854,0.1829593926668167,0.5164659023284912,-0.07769593596458435,0.2190355509519577,0.6022182703018188,-0.06087455898523331,0.23379255831241608,0.6617499589920044,-0.03499792143702507
D,0.29241853952407837,0.9157323837280273,1.041435098159127e-07,0.35320571064949036,0.8258164525032043,-0.04448019340634346,0.3630908131599426,0.6770539879798889,-0.06310845166444778,0.30079221725463867,0.5666958689689636,-0.08134070038795471,0.2425340712070465,0.48666977882385254,-0.09553417563438416,0.3717429041862488,0.4925678074359894,-0.0074699497781693935,0.37406885623931885,0.33072441816329956,-0.036170732229948044,0.37342560291290283,0.2302706241607666,-0.05058901384472847,0.3662853538990021,0.14872559905052185,-0.0606180839240551,0.3011745512485504,0.5043593645095825,-0.01032589003443718,0.3044315576553345,0.37179434299468994,-0.06494259089231491,0.32719749212265015,0.48304256796836853,-0.07659687846899033,0.33873093128204346,0.5517607927322388,-0.0659182146191597,0.23640894889831543,0.5433496236801147,-0.019570784643292427,0.22908370196819305,0.4552464485168457,-0.0867534726858139,0.2648777961730957,0.5764163732528687,-0.07640000432729721,0.2770664393901825,0.6407928466796875,-0.0481371209025383,0.1756904125213623,0.6016274690628052,-0.03140408918261528,0.17358475923538208,0.517490029335022,-0.07838039845228195,0.20807388424873352,0.6046921014785767,-0.061499349772930145,0.22233448922634125,0.6630821824073792,-0.03525847569108009
D,0.2913059890270233,0.9233113527297974,3.4599683118585745e-08,0.3492087125778198,0.8254286050796509,-0.04001042619347572,0.356453537940979,0.6796552538871765,-0.05618676915764809,0.29417601227760315,0.5721323490142822,-0.07275684922933578,0.23527419567108154,0.49529504776000977,-0.0856754258275032,0.3647744059562683,0.4932290017604828,-0.0035081179812550545,0.3678455352783203,0.3314065933227539,-0.030454132705926895,0.36740195751190186,0.2321760356426239,-0.04451178014278412,0.3591330945491791,0.1503009796142578,-0.05487137287855148,0.29325470328330994,0.5055562853813171,-0.008537840098142624,0.29680588841438293,0.37806588411331177,-0.058732472360134125,0.31922635436058044,0.4968261122703552,-0.06908442825078964,0.3288004696369171,0.561644434928894,-0.058959268033504486,0.2288808673620224,0.5459859371185303,-0.019662698730826378,0.22110414505004883,0.458595335483551,-0.08285856246948242,0.2591986060142517,0.5834386348724365,-0.07185467332601547,0.2698970437049866,0.6440013647079468,-0.04489699378609657,0.17032983899116516,0.6107344627380371,-0.03318678215146065,0.1683925837278366,0.5262709259986877,-0.07749959826469421,0.20612233877182007,0.6154535412788391,-0.05933566763997078,0.2204945981502533,0.6724988222122192,-0.033169642090797424
D,0.284310519695282,0.9318557381629944,9.930957389769901e-08,0.3416312038898468,0.8355085849761963,-0.0437387190759182,0.34793493151664734,0.688477098941803,-0.06301067769527435,0.2839678227901459,0.5808650851249695,-0.08214472979307175,0.2221183180809021,0.5021315217018127,-0.09717784821987152,0.3564281463623047,0.4962400197982788,-0.006309474818408489,0.35792556405067444,0.3367418050765991,-0.035712532699108124,0.3559309244155884,0.2354908287525177,-0.051196128129959106,0.34742966294288635,0.15277999639511108,-0.0623348131775856,0.2849745452404022,0.5098415017127991,-0.010181008838117123,0.2845214009284973,0.3891115188598633,-0.06261561065912247,0.3071040213108063,0.5043035745620728,-0.07367962598800659,0.32077717781066895,0.5638956427574158,-0.06395867466926575,0.2198416143655777,0.5514720678329468,-0.020719632506370544,0.21026289463043213,0.4690409302711487,-0.08616158366203308,0.24818745255470276,0.5917629599571228,-0.07513202726840973,0.2621951401233673,0.6486336588859558,-0.04793340340256691,0.16040118038654327,0.6148695349693298,-0.034048084169626236,0.15756849944591522,0.5378875732421875,-0.07982458174228668,0.19406691193580627,0.6252837181091309,-0.06247885152697563,0.20984694361686707,0.6772893667221069,-0.03663286566734314
D,0.2806943655014038,0.9325867891311646,8.564872899796683e-08,0.3381996154785156,0.843809962272644,-0.0471758209168911,0.34643521904945374,0.6943457126617432,-0.06749852001667023,0.2804543673992157,0.5851349830627441,-0.08673150837421417,0.21995624899864197,0.5063415169715881,-0.10159222781658173,0.3535012900829315,0.49960651993751526,-0.011075764894485474,0.35486239194869995,0.3388102650642395,-0.040810007601976395,0.35250726342201233,0.2388516068458557,-0.05587285757064819,0.3444201946258545,0.1567114293575287,-0.0667475238442421,0.2819327116012573,0.5136595964431763,-0.013140964321792126,0.2802412807941437,0.3870624899864197,-0.06890996545553207,0.3037148714065552,0.5008954405784607,-0.0807017982006073,0.31781303882598877,0.568505585193634,-0.07041238993406296,0.21728448569774628,0.5555822849273682,-0.02178029902279377,0.20738433301448822,0.47005000710487366,-0.0905647948384285,0.24564608931541443,0.5933886170387268,-0.08033595234155655,0.2597145438194275,0.6571112871170044,-0.052385538816452026,0.1579771637916565,0.6180136203765869,-0.03327440470457077,0.15759322047233582,0.5414478182792664,-0.08340758085250854,0.19364002346992493,0.6317920088768005,-0.06840062141418457,0.2076692283153534,0.6885096430778503,-0.043115418404340744
D,0.277840793132782,0.9309937953948975,1.1560427282120145e-07,0.3364822268486023,0.8422946929931641,-0.046995118260383606,0.34513747692108154,0.6932159066200256,-0.06703773140907288,0.2794911861419678,0.5863574147224426,-0.08582725375890732,0.22029493749141693,0.506891667842865,-0.10023049265146255,0.34702831506729126,0.49865639209747314,-0.012515835464000702,0.3487284779548645,0.33551785349845886,-0.04309049993753433,0.3466733396053314,0.23335301876068115,-0.05852988362312317,0.33927860856056213,0.149772047996521,-0.06933803856372833,0.2771361768245697,0.5111235976219177,-0.014192388392984867,0.2779577076435089,0.3873717188835144,-0.07076938450336456,0.30081531405448914,0.4990316331386566,-0.08300952613353729,0.3142557144165039,0.5673240423202515,-0.07299225777387619,0.21327446401119232,0.5517911314964294,-0.022345878183841705,0.2051686942577362,0.4699845314025879,-0.08993032574653625,0.24079839885234833,0.5907294750213623,-0.07931150496006012,0.25420916080474854,0.6536291837692261,-0.051454875618219376,0.15397565066814423,0.6118557453155518,-0.03342699632048607,0.15194588899612427,0.5372002124786377,-0.08051542192697525,0.18624499440193176,0.6239871382713318,-0.06438979506492615,0.20042726397514343,0.6776589155197144,-0.038835231214761734
D,0.5167895555496216,0.9292426705360413,-3.4206837540295965e-07,0.39903244376182556,0.9166126847267151,-0.05083031579852104,0.29474937915802,0.8288761973381042,-0.09144945442676544,0.2546667158603668,0.7176624536514282,-0.13529838621616364,0.31122973561286926,0.6478571891784668,-0.1772061586380005,0.31788843870162964,0.5277429223060608,-0.048225317150354385,0.2856251001358032,0.3447875380516052,-0.10343374311923981,0.2773311138153076,0.22798356413841248,-0.1359492540359497,0.2753848135471344,0.12360930442810059,-0.15929308533668518,0.3956063687801361,0.4904373586177826,-0.05692979320883751,0.30228790640830994,0.5659210085868835,-0.14688876271247864,0.3154659569263458,0.7090225219726562,-0.1640201359987259,0.34911105036735535,0.7757865190505981,-0.15378443896770477,0.4605003297328949,0.5070422291755676,-0.07306317985057831,0.36800190806388855,0.6382561922073364,-0.154913529753685,0.38668227195739746,0.7709999680519104,-0.13749821484088898,0.41933250427246094,0.8189970254898071,-0.10278916358947754,0.5127623081207275,0.5524336099624634,-0.09579455107450485,0.42816492915153503,0.6624289751052856,-0.1455828696489334,0.4364619851112366,0.7627207636833191,-0.13248300552368164,0.46195143461227417,0.7987140417098999,-0.10604790598154068
D,0.5073057413101196,0.9475870728492737,-2.938647583050624e-07,0.3911764919757843,0.9307409524917603,-0.05046714097261429,0.2901345193386078,0.8525673747062683,-0.09176050126552582,0.24712800979614258,0.7496330738067627,-0.1357027143239975,0.3009757697582245,0.6806265115737915,-0.17772288620471954,0.31456175446510315,0.5530164837837219,-0.05126895383000374,0.27983200550079346,0.3712034225463867,-0.10734441131353378,0.26830190420150757,0.2555016577243805,-0.14068065583705902,0.2628191411495209,0.15384814143180847,-0.16404268145561218,0.3903590142726898,0.5191055536270142,-0.05907217785716057,0.2890750765800476,0.586060643196106,-0.14705398678779602,0.29786670207977295,0.7159086465835571,-0.16613197326660156,0.3269733786582947,0.7788515090942383,-0.15781544148921967,0.45431065559387207,0.5360113978385925,-0.073697030544281,0.3580942451953888,0.6737823486328125,-0.15334254503250122,0.3790881633758545,0.793681263923645,-0.13837040960788727,0.41126716136932373,0.8370301723480225,-0.10547196865081787,0.5050451755523682,0.5816534161567688,-0.09478572010993958,0.41896292567253113,0.6978642344474792,-0.14232613146305084,0.4282679259777069,0.7920084595680237,-0.12954847514629364,0.45193931460380554,0.8280449509620667,-0.10345331579446793
D,0.485812783241272,0.9799929857254028,-3.035833060494042e-07,0.37059760093688965,0.9670499563217163,-0.05302434042096138,0.2707921862602234,0.9024068117141724,-0.09963716566562653,0.22439584136009216,0.8152115345001221,-0.148716539144516,0.2735080122947693,0.7360760569572449,-0.19524480402469635,0.2981722056865692,0.5944275259971619,-0.05712413042783737,0.26011544466018677,0.41804641485214233,-0.1163533553481102,0.24657824635505676,0.3054405748844147,-0.1509048044681549,0.24182531237602234,0.20488518476486206,-0.17485694587230682,0.3745538890361786,0.5614957809448242,-0.06544230878353119,0.26532313227653503,0.6402706503868103,-0.15726794302463531,0.2730881869792938,0.7790152430534363,-0.1763368397951126,0.30698415637016296,0.8402775526046753,-0.16742801666259766,0.4376281201839447,0.582281768321991,-0.08087083697319031,0.33198362588882446,0.729202389717102,-0.16414359211921692,0.352428138256073,0.8532015085220337,-0.1467144787311554,0.38920000195503235,0.8909041881561279,-0.11173269897699356,0.48666417598724365,0.6312277317047119,-0.10279607772827148,0.391192227602005,0.7513264417648315,-0.15227697789669037,0.3996211290359497,0.8463440537452698,-0.13703109323978424,0.4264044761657715,0.8766640424728394,-0.1088247150182724
D,0.4717302620410919,1.0107808113098145,-3.4672351034714666e-07,0.35974210500717163,0.9852078557014465,-0.04840528964996338,0.26562848687171936,0.9093044400215149,-0.0917855054140091,0.2284906804561615,0.8182107210159302,-0.1383306086063385,0.2799651026725769,0.7430943250656128,-0.1827607899904251,0.2949971556663513,0.6124075651168823,-0.05107926204800606,0.2607874274253845,0.43927592039108276,-0.10906708985567093,0.24953171610832214,0.325629323720932,-0.14435312151908875,0.2467668354511261,0.22655436396598816,-0.16931980848312378,0.3706090450286865,0.5808981657028198,-0.061039358377456665,0.2661585211753845,0.6630367040634155,-0.152122363448143,0.27685248851776123,0.8081833124160767,-0.17057235538959503,0.31305310130119324,0.8736167550086975,-0.16159619390964508,0.4326760768890381,0.6026870012283325,-0.07797911018133163,0.3284319043159485,0.7381638288497925,-0.1576119065284729,0.3456476032733917,0.8643089532852173,-0.1374434232711792,0.37973836064338684,0.9065493941307068,-0.10212432593107224,0.48185163736343384,0.6535940766334534,-0.10147672891616821,0.3877953886985779,0.768287181854248,-0.14803677797317505,0.39249664545059204,0.8631311655044556,-0.1311688870191574,0.4161908030509949,0.8942768573760986,-0.10276057571172714
D,0.46607568860054016,1.0216073989868164,-3.64172478839464e-07,0.349063903093338,0.9924894571304321,-0.04642423987388611,0.25941503047943115,0.9165500402450562,-0.09010230749845505,0.2243715524673462,0.8328153491020203,-0.13752640783786774,0.2720324993133545,0.7593270540237427,-0.18263812363147736,0.2971469759941101,0.6179479956626892,-0.050401221960783005,0.2647620439529419,0.4481300115585327,-0.109211266040802,0.2555469274520874,0.3352338373661041,-0.1456974446773529,0.25436824560165405,0.23730194568634033,-0.17166748642921448,0.37111473083496094,0.5920318961143494,-0.061938438564538956,0.2629450857639313,0.6677538156509399,-0.153529554605484,0.27004361152648926,0.8129906058311462,-0.17284426093101501,0.3054344058036804,0.8766688108444214,-0.1648942232131958,0.43237751722335815,0.6158666610717773,-0.08027645200490952,0.32360607385635376,0.7389538884162903,-0.1593032032251358,0.337573766708374,0.8627415299415588,-0.1378379911184311,0.37022972106933594,0.9003764986991882,-0.10248435288667679,0.48139846324920654,0.6680997014045715,-0.10500975698232651,0.385238915681839,0.7733336687088013,-0.14984169602394104,0.39029309153556824,0.8627111315727234,-0.13081525266170502,0.41580525040626526,0.8856645822525024,-0.10150466114282608
D,0.45068562030792236,1.051848292350769,-3.4169184459642565e-07,0.3320534825325012,1.0115047693252563,-0.04527363181114197,0.24393507838249207,0.9356210827827454,-0.09146466106176376,0.1979178488254547,0.8469868898391724,-0.1423177421092987,0.23267924785614014,0.7650474905967712,-0.19010040163993835,0.28911668062210083,0.6310521364212036,-0.04360537230968475,0.2517378628253937,0.4636858105659485,-0.10243818163871765,0.24023018777370453,0.35341447591781616,-0.13764113187789917,0.2386610060930252,0.2597547471523285,-0.1621154397726059,0.3599725067615509,0.6085850596427917,-0.05594542622566223,0.23487740755081177,0.6650541424751282,-0.14724017679691315,0.24143394827842712,0.8121686577796936,-0.1645318567752838,0.27978432178497314,0.87624192237854,-0.15348245203495026,0.4169999957084656,0.630641520023346,-0.07570670545101166,0.29402366280555725,0.7519525289535522,-0.14987289905548096,0.3130034804344177,0.8706495761871338,-0.12573200464248657,0.35162055492401123,0.902336597442627,-0.08895766735076904,0.46120211482048035,0.6841427683830261,-0.10249874740839005,0.3548862636089325,0.7928967475891113,-0.1410110890865326,0.36382898688316345,0.8762634992599487,-0.12102624773979187,0.3945869505405426,0.8921194076538086,-0.09181046485900879
E,0.42381200194358826,0.5297529697418213,-3.6324647112451203e-07,0.48483607172966003,0.5101226568222046,-0.03539685532450676,0.5192117691040039,0.43774011731147766,-0.055927909910678864,0.4692307412624359,0.38520288467407227,-0.07609768211841583,0.41605859994888306,0.3507797122001648,-0.09257622063159943,0.5066835284233093,0.3121455907821655,-0.03180374205112457,0.5266313552856445,0.20669612288475037,-0.0715884193778038,0.5102052092552185,0.27601808309555054,-0.09594020992517471,0.4974791407585144,0.3373275101184845,-0.1066000759601593,0.4599003195762634,0.30005547404289246,-0.03185785561800003,0.47464415431022644,0.17499902844429016,-0.07000961154699326,0.46384739875793457,0.2533670663833618,-0.08785510808229446,0.45995375514030457,0.3170595169067383,-0.0922786295413971,0.4178836941719055,0.2982315719127655,-0.03739871457219124,0.42004936933517456,0.16785702109336853,-0.06988096982240677,0.4195571541786194,0.2443193793296814,-0.07315739244222641,0.42126497626304626,0.3135857880115509,-0.0676535964012146,0.37603557109832764,0.3107336461544037,-0.04591938853263855,0.3786015212535858,0.22719988226890564,-0.06696329265832901,0.3861089050769806,0.2734675407409668,-0.06576941907405853,0.3915008008480072,0.32779914140701294,-0.060664139688014984
E,0.42514529824256897,0.5273165106773376,-3.705067683767993e-07,0.4878624975681305,0.504591166973114,-0.03297431766986847,0.5215116739273071,0.42864057421684265,-0.05078014358878136,0.47841915488243103,0.37642163038253784,-0.06843924522399902,0.4279777407646179,0.34416472911834717,-0.08240369707345963,0.5074818730354309,0.3059448003768921,-0.027979370206594467,0.5266199111938477,0.2005026638507843,-0.06686865538358688,0.5102048516273499,0.26634642481803894,-0.09111656993627548,0.49637940526008606,0.32884183526039124,-0.10146193951368332,0.4603070914745331,0.29440146684646606,-0.028780104592442513,0.47329065203666687,0.1685938537120819,-0.06563080847263336,0.46344292163848877,0.24561527371406555,-0.08241326361894608,0.45962387323379517,0.3109024465084076,-0.08581741899251938,0.41752374172210693,0.292965292930603,-0.03514121100306511,0.4177660346031189,0.16244880855083466,-0.06623362004756927,0.41883066296577454,0.23860204219818115,-0.068650022149086,0.42123332619667053,0.30712059140205383,-0.06252163648605347,0.37524551153182983,0.307331919670105,-0.044457003474235535,0.3762006163597107,0.22430071234703064,-0.06380587071180344,0.38384634256362915,0.268906831741333,-0.06138122081756592,0.3884676992893219,0.32175329327583313,-0.05550527945160866
E,0.4339735507965088,0.5293200016021729,-3.462982931523584e-07,0.4976368546485901,0.5062744617462158,-0.03283241391181946,0.5348830223083496,0.4375494718551636,-0.05207745358347893,0.49907052516937256,0.3821799159049988,-0.07179640233516693,0.4518309235572815,0.34434983134269714,-0.08802876621484756,0.5154381394386292,0.3082461357116699,-0.02799881622195244,0.5347046852111816,0.2017100751399994,-0.06714437901973724,0.5209790468215942,0.2630695104598999,-0.09204210340976715,0.5077016353607178,0.3245488107204437,-0.10284310579299927,0.46892064809799194,0.2971626818180084,-0.02921086549758911,0.4826997220516205,0.1715323030948639,-0.06594640016555786,0.47488000988960266,0.2455318421125412,-0.08336468786001205,0.47140204906463623,0.3100491464138031,-0.0877159833908081,0.42676812410354614,0.2968142032623291,-0.03591231629252434,0.4281538724899292,0.1664283126592636,-0.0670873299241066,0.43071675300598145,0.23754964768886566,-0.06994548439979553,0.43331125378608704,0.3067406415939331,-0.0644354596734047,0.38477709889411926,0.3117563724517822,-0.045613113790750504,0.3882502317428589,0.22753894329071045,-0.06578578799962997,0.39711931347846985,0.26769566535949707,-0.06408331543207169,0.40207165479660034,0.32115817070007324,-0.05860169604420662
E,0.35561099648475647,0.690959095954895,-4.51231443321376e-07,0.44629499316215515,0.6360265016555786,-0.06051716208457947,0.5041667222976685,0.5019775629043579,-0.09764336794614792,0.43707403540611267,0.4135868549346924,-0.1341550201177597,0.3425731360912323,0.3569992184638977,-0.16384556889533997,0.4579474925994873,0.2872946560382843,-0.05243900045752525,0.4849547743797302,0.10261526703834534,-0.12096325308084488,0.47401368618011475,0.20585530996322632,-0.16655752062797546,0.46094292402267456,0.3137763738632202,-0.18757791817188263,0.3755205273628235,0.27834007143974304,-0.0543932281434536,0.38839030265808105,0.0612739622592926,-0.1195446252822876,0.39249187707901,0.1850949376821518,-0.15233899652957916,0.3979944586753845,0.2987803816795349,-0.16185835003852844,0.30075472593307495,0.29190120100975037,-0.06549299508333206,0.29566851258277893,0.0695900171995163,-0.12251713126897812,0.31829530000686646,0.18901100754737854,-0.1267542541027069,0.33454328775405884,0.3086758852005005,-0.11670359969139099,0.22955989837646484,0.3325834572315216,-0.08201594650745392,0.24211834371089935,0.19998176395893097,-0.12287171185016632,0.26853489875793457,0.26905062794685364,-0.12047772854566574,0.28407567739486694,0.35638588666915894,-0.11020810157060623
E,0.35360023379325867,0.6918656826019287,-4.6914050244595273e-07,0.4420236051082611,0.6293007135391235,-0.055458445101976395,0.49544328451156616,0.5000498294830322,-0.08976061642169952,0.42581793665885925,0.4184805452823639,-0.12440432608127594,0.3356878161430359,0.37287360429763794,-0.15239833295345306,0.44835564494132996,0.29147812724113464,-0.04628806561231613,0.4701460599899292,0.10880059003829956,-0.1116688996553421,0.46321454644203186,0.21273595094680786,-0.15523917973041534,0.4526795744895935,0.3194310963153839,-0.17502522468566895,0.36899706721305847,0.28420257568359375,-0.04943158105015755,0.3767946660518646,0.07271522283554077,-0.10980542749166489,0.3840799629688263,0.1953335553407669,-0.1393764466047287,0.3894531726837158,0.30327242612838745,-0.1479477435350418,0.29567450284957886,0.2982669472694397,-0.061636995524168015,0.2879195213317871,0.0821390151977539,-0.11187433451414108,0.30984342098236084,0.19721589982509613,-0.111770860850811,0.3224741518497467,0.31055447459220886,-0.1001768559217453,0.2239561527967453,0.33915865421295166,-0.07941534370183945,0.23158083856105804,0.20056208968162537,-0.1112927719950676,0.2572095990180969,0.2634645104408264,-0.10404423624277115,0.2701628804206848,0.34506940841674805,-0.09203499555587769
E,0.34401360154151917,0.6998391151428223,-4.963340529684501e-07,0.432470440864563,0.6422703266143799,-0.053322020918130875,0.4854782223701477,0.5121095180511475,-0.08488906919956207,0.417096346616745,0.43363797664642334,-0.1159847155213356,0.32977378368377686,0.38677164912223816,-0.14026793837547302,0.44030559062957764,0.303991436958313,-0.046676747500896454,0.46251195669174194,0.12250080704689026,-0.10963884741067886,0.454740434885025,0.22497594356536865,-0.15013930201530457,0.44676724076271057,0.3293333947658539,-0.16832870244979858,0.3586443364620209,0.2940984070301056,-0.0493830069899559,0.3694338798522949,0.08311048150062561,-0.10801254957914352,0.3724551796913147,0.20813323557376862,-0.13471946120262146,0.37626633048057556,0.31744417548179626,-0.14117947220802307,0.283458411693573,0.3079787790775299,-0.060510922223329544,0.27618488669395447,0.0939793735742569,-0.11098077148199081,0.2971600890159607,0.21329066157341003,-0.10940376669168472,0.31082212924957275,0.32636335492134094,-0.09663312882184982,0.2110259085893631,0.35054272413253784,-0.07651673257350922,0.2180379033088684,0.21861034631729126,-0.11046289652585983,0.24447521567344666,0.2874232828617096,-0.10261420160531998,0.25939229130744934,0.3684271574020386,-0.08948591351509094
E,0.331475168466568,0.7014578580856323,-5.437577215161582e-07,0.41844505071640015,0.6466327905654907,-0.0584346242249012,0.47476857900619507,0.5232362747192383,-0.09438804537057877,0.4149393141269684,0.43950164318084717,-0.12998031079769135,0.3274020254611969,0.3900953531265259,-0.15807992219924927,0.4290345013141632,0.3014053702354431,-0.046470269560813904,0.4453633427619934,0.12557946145534515,-0.11373271048069,0.4377037286758423,0.23800283670425415,-0.15742146968841553,0.43173304200172424,0.3438694179058075,-0.17708265781402588,0.3487918972969055,0.2936488687992096,-0.04837353527545929,0.3555064797401428,0.0901658833026886,-0.11095000058412552,0.3588405251502991,0.22309072315692902,-0.13923139870166779,0.3649417459964752,0.3290012776851654,-0.1457930952310562,0.2740054726600647,0.30903398990631104,-0.05995739996433258,0.2657047510147095,0.09582722187042236,-0.1124754250049591,0.2844022512435913,0.2144865244626999,-0.10955404490232468,0.29838618636131287,0.32515397667884827,-0.09531319886445999,0.2015596628189087,0.3537413775920868,-0.07722608000040054,0.20415093004703522,0.22120939195156097,-0.1107652485370636,0.22504585981369019,0.2880775034427643,-0.10211978852748871,0.23744432628154755,0.36806824803352356,-0.0883314311504364
E,0.3223187327384949,0.7045175433158875,-5.587699547504599e-07,0.40693917870521545,0.6386913061141968,-0.056032296270132065,0.4545382857322693,0.4976891577243805,-0.087413489818573,0.37358358502388,0.4195934534072876,-0.11771520227193832,0.28218910098075867,0.3808439373970032,-0.13940560817718506,0.4081367254257202,0.28997838497161865,-0.03573490306735039,0.42297863960266113,0.126214861869812,-0.09789784997701645,0.4106634855270386,0.24547666311264038,-0.13868603110313416,0.40565815567970276,0.35189706087112427,-0.1576252430677414,0.3270913064479828,0.28511151671409607,-0.03732079267501831,0.3328872323036194,0.09071427583694458,-0.09862374514341354,0.3314209282398224,0.22574105858802795,-0.1250002235174179,0.3382154107093811,0.33251455426216125,-0.12898680567741394,0.25224870443344116,0.3048339784145355,-0.04883747547864914,0.24403272569179535,0.0984470546245575,-0.10319136828184128,0.2596087157726288,0.22304010391235352,-0.1005157008767128,0.2743471562862396,0.3348117172718048,-0.08509227633476257,0.18188607692718506,0.35373371839523315,-0.06561461091041565,0.18831424415111542,0.2368530035018921,-0.10353385657072067,0.21011173725128174,0.3122585415840149,-0.09697026014328003,0.22560256719589233,0.39129024744033813,-0.08321797847747803
E,0.31387075781822205,0.7170471549034119,-5.358169801183976e-07,0.40038156509399414,0.6438114047050476,-0.0553877130150795,0.4458637237548828,0.5113166570663452,-0.08742492645978928,0.36506718397140503,0.43714791536331177,-0.11908428370952606,0.2730168104171753,0.40705183148384094,-0.143454447388649,0.3980468809604645,0.3045545518398285,-0.03727147355675697,0.411496102809906,0.13804107904434204,-0.10034476965665817,0.400161474943161,0.2566048502922058,-0.14229653775691986,0.39390048384666443,0.36464184522628784,-0.16194111108779907,0.31743407249450684,0.2984115183353424,-0.04002737998962402,0.3199339807033539,0.09942930936813354,-0.10237357765436172,0.3179057240486145,0.23480890691280365,-0.13107739388942719,0.32224681973457336,0.3438268005847931,-0.1364704966545105,0.24202445149421692,0.31860655546188354,-0.052349623292684555,0.23146772384643555,0.12091778218746185,-0.10554517060518265,0.24481059610843658,0.24253743886947632,-0.1048855409026146,0.2564678192138672,0.35467973351478577,-0.09071846306324005,0.1710081696510315,0.3686494827270508,-0.069933220744133,0.17238228023052216,0.24988342821598053,-0.10378843545913696,0.1929660439491272,0.31982505321502686,-0.0961216539144516,0.20726698637008667,0.39837419986724854,-0.08235125988721848
E,0.33845630288124084,0.602719247341156,-2.79820483228832e-07,0.3972671329975128,0.5618290901184082,-0.03968789055943489,0.421777606010437,0.4790826737880707,-0.06081218272447586,0.36400672793388367,0.4412013590335846,-0.08105865120887756,0.3053392469882965,0.42313772439956665,-0.09783550351858139,0.3968244791030884,0.3740459680557251,-0.027631638571619987,0.4084445834159851,0.2724940776824951,-0.06795617938041687,0.39883285760879517,0.337675005197525,-0.09567533433437347,0.3908374607563019,0.3992564082145691,-0.10903691500425339,0.35140177607536316,0.3727337121963501,-0.026115242391824722,0.35759514570236206,0.25089481472969055,-0.06576409190893173,0.3549483120441437,0.32540106773376465,-0.08911695331335068,0.3559436500072479,0.3878822326660156,-0.0978139191865921,0.30922824144363403,0.37901344895362854,-0.030963048338890076,0.30575627088546753,0.24981912970542908,-0.06541157513856888,0.31225740909576416,0.320587158203125,-0.07318471372127533,0.31827113032341003,0.3899478018283844,-0.07078442722558975,0.26705417037010193,0.39892908930778503,-0.039239831268787384,0.2690509259700775,0.3169030547142029,-0.06119971722364426,0.2785176634788513,0.35776472091674805,-0.06224929168820381,0.28431105613708496,0.40919479727745056,-0.05934328958392143
E,0.33378010988235474,0.5987110137939453,-3.0701446007697086e-07,0.39160633087158203,0.5622774958610535,-0.039255738258361816,0.41880661249160767,0.484033465385437,-0.06049196794629097,0.3709483742713928,0.44062474370002747,-0.08047342300415039,0.3163101375102997,0.4164544343948364,-0.09705649316310883,0.39259105920791626,0.37658965587615967,-0.033030521124601364,0.404634565114975,0.27295050024986267,-0.07364559173583984,0.39377838373184204,0.337204247713089,-0.10020709037780762,0.3859315514564514,0.399218887090683,-0.11217808723449707,0.3474219739437103,0.3751181960105896,-0.030868569388985634,0.3524000644683838,0.2516293525695801,-0.06952715665102005,0.34770527482032776,0.32445967197418213,-0.09052785485982895,0.349841445684433,0.3856622576713562,-0.09775619953870773,0.30597981810569763,0.38068243861198425,-0.034606754779815674,0.3013664782047272,0.2536936402320862,-0.06742880493402481,0.3055523931980133,0.32039526104927063,-0.07387728989124298,0.3123270869255066,0.3865744471549988,-0.07087086141109467,0.2648774981498718,0.398821622133255,-0.04170037806034088,0.26433855295181274,0.3144659101963043,-0.06192147359251976,0.27266544103622437,0.35120928287506104,-0.062084320932626724,0.2792174816131592,0.40151578187942505,-0.05859753116965294
E,0.3283853530883789,0.520638644695282,-2.6687501986089046e-07,0.3701034188270569,0.494374543428421,-0.0288790762424469,0.385890930891037,0.43936291337013245,-0.04398597776889801,0.3487597703933716,0.40993648767471313,-0.05770901218056679,0.3095689117908478,0.3930859863758087,-0.06872282922267914,0.376193106174469,0.35670727491378784,-0.02417409047484398,0.38201290369033813,0.282558798789978,-0.05355324223637581,0.3690151572227478,0.3336823582649231,-0.07260256260633469,0.36138904094696045,0.3784277141094208,-0.08141735196113586,0.34103596210479736,0.3518029451370239,-0.021631188690662384,0.34449657797813416,0.26391398906707764,-0.050430551171302795,0.3370985686779022,0.3236864507198334,-0.06466998159885406,0.3366650342941284,0.3695949912071228,-0.06863698363304138,0.3086533546447754,0.35321953892707825,-0.023374199867248535,0.3054574131965637,0.2609376013278961,-0.04734033718705177,0.30587682127952576,0.3180930018424988,-0.050108034163713455,0.30968740582466125,0.36749067902565,-0.04631536081433296,0.2772446870803833,0.3664122521877289,-0.027552125975489616,0.27573925256729126,0.30735647678375244,-0.04208994284272194,0.28016358613967896,0.34246131777763367,-0.040774572640657425,0.2853185534477234,0.38098564743995667,-0.03690636530518532
E,0.33055171370506287,0.5183806419372559,-2.6643124328984413e-07,0.3728735148906708,0.49366283416748047,-0.028290027752518654,0.3894168734550476,0.443400502204895,-0.043744783848524094,0.34965428709983826,0.4174728989601135,-0.05803520232439041,0.3086550235748291,0.4029737710952759,-0.06977121531963348,0.3794238567352295,0.3574061393737793,-0.0234058927744627,0.3852333724498749,0.2844671308994293,-0.05300353094935417,0.373224139213562,0.3341292142868042,-0.07267292588949203,0.3665017783641815,0.3764897584915161,-0.08216086775064468,0.3451887369155884,0.3526187837123871,-0.021614637225866318,0.3492356240749359,0.26463356614112854,-0.05073505640029907,0.3410860300064087,0.32312995195388794,-0.06597673892974854,0.34051501750946045,0.3686152398586273,-0.07085812091827393,0.313472718000412,0.3536619544029236,-0.024055663496255875,0.31111016869544983,0.26055699586868286,-0.048266734927892685,0.309535950422287,0.3166540861129761,-0.051426663994789124,0.3128373622894287,0.3663847744464874,-0.04797207564115524,0.2826136350631714,0.36598679423332214,-0.02888590656220913,0.28052735328674316,0.3083583116531372,-0.04350427910685539,0.28351372480392456,0.3439125120639801,-0.042182642966508865,0.28876152634620667,0.38333892822265625,-0.038384851068258286
E,0.33312904834747314,0.522022008895874,-2.3803468707228603e-07,0.3756954073905945,0.49071240425109863,-0.02764049358665943,0.39016640186309814,0.43439149856567383,-0.04174811393022537,0.35146528482437134,0.4076347053050995,-0.05495071783661842,0.3109605014324188,0.3953086733818054,-0.06566623598337173,0.38136690855026245,0.35636192560195923,-0.01805272325873375,0.3878033459186554,0.28503844141960144,-0.046924836933612823,0.37402471899986267,0.33329281210899353,-0.06686725467443466,0.3666195273399353,0.3775089979171753,-0.07645120471715927,0.3466023802757263,0.3520089089870453,-0.01604023389518261,0.3505679965019226,0.26423394680023193,-0.044545307755470276,0.3419067859649658,0.3217780590057373,-0.06025683879852295,0.34174448251724243,0.3681393265724182,-0.06503493338823318,0.3138304054737091,0.3537154495716095,-0.018548278138041496,0.31100133061408997,0.2621530294418335,-0.04264107719063759,0.3105902075767517,0.3185945153236389,-0.04672963172197342,0.31473374366760254,0.3688879907131195,-0.04356243833899498,0.2823808193206787,0.36724144220352173,-0.023457810282707214,0.2809370756149292,0.31197649240493774,-0.03815567493438721,0.28537121415138245,0.34662961959838867,-0.037482958287000656,0.2911365032196045,0.3838571012020111,-0.033948905766010284
E,0.33312860131263733,0.5228537321090698,-2.4541702714486746e-07,0.3767329752445221,0.49591243267059326,-0.030457263812422752,0.3937113583087921,0.44102850556373596,-0.04641524702310562,0.35575658082962036,0.4138970673084259,-0.06094876304268837,0.31487274169921875,0.40126949548721313,-0.0727635845541954,0.38349294662475586,0.35671424865722656,-0.023635447025299072,0.3887040913105011,0.2846362590789795,-0.05462241917848587,0.37600940465927124,0.3355097770690918,-0.07572866231203079,0.36930426955223083,0.3802858293056488,-0.08586375415325165,0.34876811504364014,0.3532569110393524,-0.020982256159186363,0.3516767919063568,0.26570573449134827,-0.051207203418016434,0.3431859612464905,0.32441896200180054,-0.06769800186157227,0.3425174057483673,0.37034380435943604,-0.07326924055814743,0.3159542679786682,0.3553449809551239,-0.02297321707010269,0.3126334846019745,0.26381367444992065,-0.04814811423420906,0.3118436932563782,0.31988584995269775,-0.0525285080075264,0.3156053423881531,0.37016648054122925,-0.04969468340277672,0.2846711575984955,0.3681364953517914,-0.02759927324950695,0.2826175391674042,0.31176403164863586,-0.04228822514414787,0.286535382270813,0.3452410101890564,-0.041637081652879715,0.29174870252609253,0.3830193877220154,-0.03842788562178612
E,0.2665414810180664,0.5141164660453796,-2.8325905532256e-07,0.33508774638175964,0.5061022639274597,-0.033636223524808884,0.3972809910774231,0.4498123526573181,-0.05711338296532631,0.38033580780029297,0.41131505370140076,-0.08076420426368713,0.3202652633190155,0.3874802887439728,-0.10019145160913467,0.38948744535446167,0.2659120261669159,-0.031939130276441574,0.41683804988861084,0.1857028305530548,-0.0831587091088295,0.40570175647735596,0.2744053900241852,-0.11750270426273346,0.3873518407344818,0.34426912665367126,-0.1331605613231659,0.32985031604766846,0.24896439909934998,-0.03745219111442566,0.35622987151145935,0.14108872413635254,-0.08684495091438293,0.3558498024940491,0.24782174825668335,-0.10874918103218079,0.34610065817832947,0.33005020022392273,-0.11343535780906677,0.2716136574745178,0.24827218055725098,-0.0488472580909729,0.28787553310394287,0.13123944401741028,-0.09296699613332748,0.30038484930992126,0.24257948994636536,-0.09363432228565216,0.30003562569618225,0.3255637288093567,-0.08356013894081116,0.21263545751571655,0.2687219977378845,-0.06300225853919983,0.2331344187259674,0.21156400442123413,-0.09508545696735382,0.2533668279647827,0.2888633906841278,-0.09168671816587448,0.2599583864212036,0.35119661688804626,-0.08186735957860947
E,0.2542969286441803,0.5049497485160828,-2.713054527703207e-07,0.32344624400138855,0.4969865381717682,-0.039952583611011505,0.38519200682640076,0.4413852393627167,-0.06866729259490967,0.38170868158340454,0.4064847528934479,-0.0973781943321228,0.3256085515022278,0.37741124629974365,-0.12178368121385574,0.37118595838546753,0.25356999039649963,-0.03909479081630707,0.4003189206123352,0.17110063135623932,-0.0939103290438652,0.389141708612442,0.26343125104904175,-0.13006079196929932,0.373096227645874,0.3348354697227478,-0.14673994481563568,0.3136928081512451,0.2393597960472107,-0.04264185205101967,0.34046968817710876,0.12900742888450623,-0.09688713401556015,0.3402814567089081,0.23815521597862244,-0.12150464951992035,0.33348557353019714,0.31843143701553345,-0.1274975836277008,0.256998747587204,0.24014019966125488,-0.05250471085309982,0.27173054218292236,0.12087583541870117,-0.10066799074411392,0.28641632199287415,0.23220303654670715,-0.10328210145235062,0.29008015990257263,0.31703150272369385,-0.09390189498662949,0.20099228620529175,0.2608659565448761,-0.06554895639419556,0.22149109840393066,0.2006225883960724,-0.10064513981342316,0.24076080322265625,0.27796024084091187,-0.09960155189037323,0.24843059480190277,0.3433368504047394,-0.09132418781518936
E,0.2516808807849884,0.5047019124031067,-2.4788937480479944e-07,0.3231372833251953,0.49493852257728577,-0.04539347067475319,0.3845614790916443,0.4253801107406616,-0.07343962788581848,0.3588341474533081,0.3888612389564514,-0.0996289998292923,0.2949582040309906,0.3681364357471466,-0.12121132761240005,0.3672303557395935,0.24505934119224548,-0.03978734835982323,0.39674270153045654,0.16573229432106018,-0.092940554022789,0.38246607780456543,0.26028427481651306,-0.1284874826669693,0.36366400122642517,0.33437415957450867,-0.1454031765460968,0.308162659406662,0.23048947751522064,-0.040385983884334564,0.33315619826316833,0.1232774406671524,-0.09346099942922592,0.33337870240211487,0.23103074729442596,-0.11945725977420807,0.32647669315338135,0.3131111264228821,-0.12660036981105804,0.2508101165294647,0.23137928545475006,-0.04789610579609871,0.26341181993484497,0.11347684264183044,-0.09622102975845337,0.27953609824180603,0.22474801540374756,-0.1022336408495903,0.28279709815979004,0.30835315585136414,-0.09539636224508286,0.19330957531929016,0.25397104024887085,-0.058921460062265396,0.212296724319458,0.20261573791503906,-0.09487313032150269,0.23519212007522583,0.28027182817459106,-0.09630587697029114,0.24362877011299133,0.342072993516922,-0.09011472761631012
E,0.24959230422973633,0.5121452212333679,-3.4254446745762834e-07,0.32151249051094055,0.5020082592964172,-0.04040040075778961,0.3825716972351074,0.4327072501182556,-0.06530530750751495,0.3600471317768097,0.3905669152736664,-0.0890054777264595,0.29886358976364136,0.36107349395751953,-0.1078932136297226,0.36428922414779663,0.2499845176935196,-0.03520672395825386,0.39016956090927124,0.16556227207183838,-0.0862882137298584,0.37664684653282166,0.25918349623680115,-0.12004373222589493,0.36012592911720276,0.33224794268608093,-0.13575375080108643,0.30540749430656433,0.23533417284488678,-0.03712678700685501,0.32707223296165466,0.12545602023601532,-0.08787490427494049,0.327057808637619,0.23210757970809937,-0.11098132282495499,0.32211408019065857,0.31417572498321533,-0.11637251824140549,0.24869543313980103,0.2370646744966507,-0.045584872364997864,0.2581751346588135,0.11607441306114197,-0.09217123687267303,0.2735079824924469,0.22584062814712524,-0.09515463560819626,0.2786121964454651,0.3111966848373413,-0.08642319589853287,0.19231651723384857,0.2607674300670624,-0.057187531143426895,0.20887857675552368,0.2025475800037384,-0.09315372258424759,0.23037901520729065,0.28028416633605957,-0.09296958893537521,0.2401578724384308,0.34572404623031616,-0.0850987508893013
E,0.24844016134738922,0.5183219909667969,-3.688514027544443e-07,0.3219054639339447,0.5030431747436523,-0.033490002155303955,0.38329261541366577,0.4485248327255249,-0.05731929838657379,0.37206798791885376,0.4118799567222595,-0.08140416443347931,0.31168967485427856,0.39553600549697876,-0.1013655886054039,0.3661811947822571,0.26686131954193115,-0.032420601695775986,0.38894063234329224,0.18891184031963348,-0.08245409280061722,0.373062402009964,0.2859242856502533,-0.11541526764631271,0.3585197329521179,0.354908287525177,-0.13115933537483215,0.30693238973617554,0.2510291039943695,-0.03752398118376732,0.327543705701828,0.1467488706111908,-0.08765317499637604,0.3225567042827606,0.2598036229610443,-0.1084294319152832,0.3174145221710205,0.33733069896698,-0.11252133548259735,0.2500132918357849,0.25369006395339966,-0.04809308052062988,0.25851377844810486,0.1428513079881668,-0.09183578938245773,0.26841580867767334,0.25669002532958984,-0.0903865396976471,0.2729965150356293,0.33871737122535706,-0.07932446897029877,0.19334161281585693,0.2805219292640686,-0.061259981244802475,0.20304934680461884,0.22606462240219116,-0.09190749377012253,0.2216188907623291,0.30556821823120117,-0.08693109452724457,0.23469972610473633,0.36827877163887024,-0.07648587226867676
E,0.40078234672546387,0.3383462429046631,-2.2158350532208715e-07,0.43815910816192627,0.3385463058948517,-0.03663572296500206,0.47530844807624817,0.31777098774909973,-0.06276421248912811,0.47617533802986145,0.30488288402557373,-0.08618168532848358,0.45328590273857117,0.2928576171398163,-0.10664951801300049,0.47358939051628113,0.1818424016237259,-0.04147558659315109,0.4859514832496643,0.15450817346572876,-0.08185555785894394,0.47064727544784546,0.2197858989238739,-0.10672353208065033,0.45808422565460205,0.26738283038139343,-0.11822369694709778,0.4320545196533203,0.17225369811058044,-0.040233880281448364,0.43492400646209717,0.12846191227436066,-0.08405906707048416,0.43161970376968384,0.20920318365097046,-0.0997759997844696,0.43243607878685,0.2639238238334656,-0.10107874125242233,0.3937267065048218,0.17745853960514069,-0.043501753360033035,0.3889080882072449,0.13082587718963623,-0.08366112411022186,0.3963238596916199,0.2071668654680252,-0.08411289751529694,0.40249261260032654,0.2609490156173706,-0.07455848157405853,0.35944458842277527,0.1988058090209961,-0.049147237092256546,0.3528864085674286,0.17880879342556,-0.07905242592096329,0.3656121790409088,0.23227548599243164,-0.07856255024671555,0.3768928647041321,0.27048492431640625,-0.07082200050354004
E,0.40167248249053955,0.34481269121170044,-2.131250056436329e-07,0.44155555963516235,0.3384849429130554,-0.031716641038656235,0.4774680435657501,0.31749987602233887,-0.05447716265916824,0.4769695997238159,0.30281776189804077,-0.07506207376718521,0.44960275292396545,0.2942066788673401,-0.09235329180955887,0.47216448187828064,0.18306519091129303,-0.03623107820749283,0.48240312933921814,0.15306028723716736,-0.07472626864910126,0.46938708424568176,0.2219090610742569,-0.09913571178913116,0.4593084752559662,0.26961132884025574,-0.11075793206691742,0.4309411346912384,0.17449191212654114,-0.0361749641597271,0.4320129454135895,0.129551500082016,-0.07959528267383575,0.4302978813648224,0.21279039978981018,-0.09703408926725388,0.4317711889743805,0.2649344205856323,-0.10030803084373474,0.3926538825035095,0.18096663057804108,-0.039733998477458954,0.38512617349624634,0.1376393437385559,-0.07683833688497543,0.39385560154914856,0.21249383687973022,-0.07724246382713318,0.4008297324180603,0.2633754014968872,-0.06874554604291916,0.35835960507392883,0.20475709438323975,-0.045340120792388916,0.35048824548721313,0.18203914165496826,-0.06952501088380814,0.36454474925994873,0.23254245519638062,-0.06692510098218918,0.3770124614238739,0.2674146294593811,-0.0591130331158638
E,0.39822620153427124,0.34127455949783325,-2.1122215798641264e-07,0.4375413656234741,0.33864545822143555,-0.0351652055978775,0.4739903211593628,0.31655895709991455,-0.05977688357234001,0.477054625749588,0.3050389885902405,-0.08208080381155014,0.4560413360595703,0.29700806736946106,-0.10121670365333557,0.472054123878479,0.1835404634475708,-0.03646481782197952,0.48457828164100647,0.15160851180553436,-0.07570865005254745,0.46937236189842224,0.21697473526000977,-0.100186787545681,0.45832008123397827,0.2650027275085449,-0.11130174249410629,0.43254274129867554,0.17297843098640442,-0.034950703382492065,0.43794751167297363,0.1291477084159851,-0.07793794572353363,0.4325419068336487,0.21002350747585297,-0.0937606692314148,0.432239830493927,0.26436737179756165,-0.09502627700567245,0.3951784670352936,0.17569249868392944,-0.03800816088914871,0.39314302802085876,0.12721170485019684,-0.07662932574748993,0.39806249737739563,0.20461687445640564,-0.07678383588790894,0.40228456258773804,0.25900980830192566,-0.067070871591568,0.3602815270423889,0.19430360198020935,-0.04348400980234146,0.3554173409938812,0.17276474833488464,-0.07193148136138916,0.3677077889442444,0.22725646197795868,-0.07095782458782196,0.3786291480064392,0.266507089138031,-0.0628717765212059
E,0.4316551089286804,0.40689799189567566,-2.5502171752123104e-07,0.48801925778388977,0.3793651759624481,-0.020284239202737808,0.5274370908737183,0.3184196352958679,-0.035480014979839325,0.49689894914627075,0.2759321331977844,-0.05243275314569473,0.44852185249328613,0.25342267751693726,-0.06606605648994446,0.507673978805542,0.19948258996009827,-0.01822402887046337,0.5353381633758545,0.11967537552118301,-0.05129478499293327,0.5318273901939392,0.18632735311985016,-0.0732489749789238,0.518263578414917,0.23998337984085083,-0.08273301273584366,0.46829167008399963,0.19170747697353363,-0.02344243973493576,0.49215227365493774,0.09515073895454407,-0.053400829434394836,0.49830836057662964,0.17075033485889435,-0.06727247685194016,0.4924126863479614,0.22906827926635742,-0.07068172842264175,0.4304768741130829,0.19367170333862305,-0.03257566690444946,0.44121092557907104,0.08578194677829742,-0.05710194259881973,0.4582241475582123,0.15798644721508026,-0.05648912861943245,0.4587317407131195,0.22046533226966858,-0.05025166645646095,0.39061570167541504,0.20908516645431519,-0.04372929781675339,0.408608078956604,0.1396908313035965,-0.058922480791807175,0.42793306708335876,0.18448913097381592,-0.053720731288194656,0.4309823215007782,0.23330999910831451,-0.046380214393138885
E,0.4305402338504791,0.40913793444633484,-2.3827438155876735e-07,0.4862474501132965,0.38399502635002136,-0.022847335785627365,0.5270886421203613,0.3198350965976715,-0.038814667612314224,0.49730902910232544,0.2777702510356903,-0.05603502690792084,0.45005935430526733,0.2508121728897095,-0.06955375522375107,0.5058755874633789,0.2007530927658081,-0.01952945627272129,0.5343874096870422,0.12210672348737717,-0.05358221009373665,0.5305098295211792,0.1890595704317093,-0.07572022825479507,0.5171256065368652,0.24322329461574554,-0.0851934403181076,0.46621987223625183,0.19323895871639252,-0.023776467889547348,0.4902217984199524,0.09769812971353531,-0.05636877939105034,0.49671682715415955,0.1731504201889038,-0.0711098164319992,0.49125945568084717,0.23283852636814117,-0.07422056794166565,0.42753487825393677,0.19482409954071045,-0.032367631793022156,0.4389722943305969,0.08603166043758392,-0.06052650511264801,0.4567941129207611,0.1586863249540329,-0.061474643647670746,0.45845597982406616,0.22197841107845306,-0.055233802646398544,0.387594610452652,0.20949363708496094,-0.04304426908493042,0.40647009015083313,0.14451280236244202,-0.06200364604592323,0.42577898502349854,0.19018924236297607,-0.05938122048974037,0.4290910065174103,0.237770676612854,-0.05319475010037422
E,0.42759793996810913,0.41645973920822144,-2.54414260325575e-07,0.48365217447280884,0.3924868702888489,-0.024713626131415367,0.5237908959388733,0.33072996139526367,-0.04208030924201012,0.49489492177963257,0.29093223810195923,-0.060332849621772766,0.4460891783237457,0.26488012075424194,-0.07507571578025818,0.5037219524383545,0.20755383372306824,-0.023251257836818695,0.5319546461105347,0.1298193335533142,-0.05788875371217728,0.5283392667770386,0.19866430759429932,-0.08087974786758423,0.5152202844619751,0.2524871826171875,-0.09094475209712982,0.4642002582550049,0.20047414302825928,-0.02666080743074417,0.48848724365234375,0.10434018075466156,-0.05879833921790123,0.49504226446151733,0.18147796392440796,-0.074256531894207,0.4896336793899536,0.24094586074352264,-0.07826848328113556,0.4260149896144867,0.20239032804965973,-0.03422407805919647,0.4365876615047455,0.09432482719421387,-0.06056443974375725,0.45436954498291016,0.1672210693359375,-0.061889536678791046,0.4561866223812103,0.23015718162059784,-0.05668417364358902,0.38634854555130005,0.21771986782550812,-0.0440557487308979,0.40396130084991455,0.1503649204969406,-0.061028528958559036,0.4229760766029358,0.19678355753421783,-0.05768170580267906,0.42627328634262085,0.24659304320812225,-0.0515395887196064
E,0.312219500541687,0.4273117184638977,-2.3869841925261426e-07,0.370105504989624,0.41801732778549194,-0.04654022678732872,0.41339123249053955,0.36303210258483887,-0.07642624527215958,0.38079607486724854,0.33373403549194336,-0.10244244337081909,0.3240967392921448,0.3150412440299988,-0.12461477518081665,0.39618903398513794,0.2121751755475998,-0.05274300277233124,0.42024850845336914,0.14307162165641785,-0.1009262427687645,0.4094790816307068,0.22568853199481964,-0.13201825320720673,0.3958304524421692,0.2867327928543091,-0.14684006571769714,0.3500639498233795,0.20667396485805511,-0.04919375851750374,0.3694063127040863,0.11463555693626404,-0.09691771119832993,0.3708474934101105,0.20525288581848145,-0.12000127881765366,0.3686201274394989,0.2726188898086548,-0.12757934629917145,0.30525559186935425,0.21075884997844696,-0.05114288628101349,0.31243178248405457,0.10438600182533264,-0.09234379976987839,0.3281145691871643,0.1912764310836792,-0.09918608516454697,0.3354361057281494,0.26207435131073,-0.0957699567079544,0.2592647075653076,0.23015575110912323,-0.05635717883706093,0.2695675492286682,0.17963318526744843,-0.08658650517463684,0.2903677225112915,0.23965081572532654,-0.08948833495378494,0.3008549213409424,0.29450592398643494,-0.08638186007738113
E,0.32677972316741943,0.4133344292640686,-2.2244279307415127e-07,0.3855850398540497,0.3996325731277466,-0.0413440465927124,0.42875924706459045,0.3487281799316406,-0.06994837522506714,0.3944815993309021,0.3161347806453705,-0.09648927301168442,0.3374296724796295,0.29538390040397644,-0.11952310800552368,0.4161966145038605,0.19497011601924896,-0.04568711295723915,0.44148778915405273,0.12681147456169128,-0.09335222095251083,0.43119823932647705,0.2048787921667099,-0.12563423812389374,0.41645753383636475,0.26364725828170776,-0.14165516197681427,0.37001699209213257,0.18829825520515442,-0.04541187360882759,0.3911904990673065,0.09871628880500793,-0.09283864498138428,0.39323890209198,0.1868726760149002,-0.11759915947914124,0.3905995488166809,0.25288888812065125,-0.1268605887889862,0.32523491978645325,0.19225293397903442,-0.05042233318090439,0.33516156673431396,0.0867682546377182,-0.09055597335100174,0.35127633810043335,0.17164206504821777,-0.09814508259296417,0.3572413921356201,0.24161717295646667,-0.09573084861040115,0.27847230434417725,0.21244236826896667,-0.05851152166724205,0.29458799958229065,0.16023001074790955,-0.08716921508312225,0.3149985671043396,0.21721212565898895,-0.08961464464664459,0.3237922191619873,0.2709164023399353,-0.08654475212097168
E,0.32512545585632324,0.42513057589530945,-2.2882035466409434e-07,0.382641464471817,0.4149059057235718,-0.041115887463092804,0.4273022413253784,0.36344560980796814,-0.06840706616640091,0.3967285454273224,0.3295329809188843,-0.09305280447006226,0.33995264768600464,0.30912935733795166,-0.11423634737730026,0.41391247510910034,0.20899784564971924,-0.04827878624200821,0.4415850043296814,0.14325246214866638,-0.09623680263757706,0.4312688112258911,0.2235599160194397,-0.12846308946609497,0.4166982173919678,0.28342384099960327,-0.14409339427947998,0.3684875965118408,0.20279958844184875,-0.04754379391670227,0.3926619589328766,0.11304967850446701,-0.0938386395573616,0.39449647068977356,0.2012540102005005,-0.11744489520788193,0.3913271427154541,0.267924964427948,-0.12606555223464966,0.32465070486068726,0.20651037991046906,-0.051897406578063965,0.33555343747138977,0.1026938259601593,-0.09041868150234222,0.35181617736816406,0.18743222951889038,-0.09723220020532608,0.35850033164024353,0.25761646032333374,-0.09467566758394241,0.27853167057037354,0.2263956069946289,-0.059304919093847275,0.29493963718414307,0.1735590398311615,-0.08636190742254257,0.3157288432121277,0.23057503998279572,-0.08799287676811218,0.3248675465583801,0.28516215085983276,-0.08465587347745895
E,0.22021201252937317,0.5363315343856812,-2.662786471319123e-07,0.29941821098327637,0.5279316902160645,-0.06486781686544418,0.36495712399482727,0.46776995062828064,-0.10968530178070068,0.3451417088508606,0.43574655055999756,-0.15008825063705444,0.2810300588607788,0.4232066869735718,-0.18574577569961548,0.3359947204589844,0.24370643496513367,-0.07190299034118652,0.3608773946762085,0.17465639114379883,-0.14352232217788696,0.35192620754241943,0.29411375522613525,-0.18907926976680756,0.3414343297481537,0.3829217553138733,-0.2109036147594452,0.27028119564056396,0.22999675571918488,-0.07033495604991913,0.28655004501342773,0.1191115528345108,-0.14538529515266418,0.2905019223690033,0.2517766058444977,-0.17836137115955353,0.29417920112609863,0.34961116313934326,-0.18672043085098267,0.2065332531929016,0.23830410838127136,-0.0769842118024826,0.20646286010742188,0.12495934963226318,-0.1438349038362503,0.2292330414056778,0.25119075179100037,-0.1530286818742752,0.24476924538612366,0.3485918343067169,-0.14479872584342957,0.14730700850486755,0.2732454836368561,-0.08807157725095749,0.15162616968154907,0.22611424326896667,-0.13508924841880798,0.1817966103553772,0.31315281987190247,-0.13941730558872223,0.20403560996055603,0.3827560544013977,-0.13370327651500702
E,0.2255154848098755,0.5371338129043579,-3.498508363009023e-07,0.3044663071632385,0.5265611410140991,-0.05524507537484169,0.36900439858436584,0.46333980560302734,-0.09335360676050186,0.3487326502799988,0.43062007427215576,-0.12857748568058014,0.28939348459243774,0.41076603531837463,-0.15870268642902374,0.3441827893257141,0.24496999382972717,-0.05610041320323944,0.3646452724933624,0.17120684683322906,-0.12296000123023987,0.3556707501411438,0.288327693939209,-0.16655413806438446,0.3429797887802124,0.3761935234069824,-0.18715114891529083,0.2789417505264282,0.23143664002418518,-0.057381775230169296,0.28931570053100586,0.11591513454914093,-0.12711505591869354,0.29466357827186584,0.24639898538589478,-0.15861713886260986,0.2975737154483795,0.3416140079498291,-0.16632676124572754,0.21576325595378876,0.23897528648376465,-0.0665036290884018,0.21123330295085907,0.12353385984897614,-0.12867048382759094,0.2336392104625702,0.24647217988967896,-0.13633865118026733,0.24758006632328033,0.3391103744506836,-0.12745584547519684,0.15631341934204102,0.2731236219406128,-0.07949181646108627,0.15893597900867462,0.2189202606678009,-0.1227506697177887,0.18862299621105194,0.30419600009918213,-0.1247071847319603,0.20957599580287933,0.37207716703414917,-0.11740579456090927
E,0.22980087995529175,0.5306953191757202,-3.0392268968171265e-07,0.3094370663166046,0.5196564197540283,-0.06205400079488754,0.37360110878944397,0.46016308665275574,-0.1045602411031723,0.3484519422054291,0.42533421516418457,-0.14302735030651093,0.285297691822052,0.4125027060508728,-0.17662061750888824,0.34690314531326294,0.2374572455883026,-0.06350799649953842,0.3688931167125702,0.1694517731666565,-0.13086694478988647,0.36012178659439087,0.2857106029987335,-0.17512568831443787,0.3474106788635254,0.37456560134887695,-0.1960677057504654,0.2820914089679718,0.22322669625282288,-0.06157225742936134,0.29286083579063416,0.11231735348701477,-0.13113947212696075,0.29853901267051697,0.24305188655853271,-0.1622108817100525,0.3018444776535034,0.33945390582084656,-0.16960543394088745,0.22011041641235352,0.23195964097976685,-0.067648746073246,0.21678031980991364,0.1203201413154602,-0.12922556698322296,0.23831556737422943,0.2428380846977234,-0.1359989494085312,0.25042933225631714,0.3385903239250183,-0.12635785341262817,0.16148948669433594,0.2683347165584564,-0.0782102644443512,0.16321776807308197,0.2090364694595337,-0.11997729539871216,0.18973958492279053,0.2917333245277405,-0.1203489750623703,0.20704612135887146,0.3625679612159729,-0.11191876232624054
E,0.2291695475578308,0.5281649827957153,-3.970855004808982e-07,0.3102172017097473,0.5160014629364014,-0.05403503403067589,0.37189191579818726,0.4533917307853699,-0.09011946618556976,0.34415310621261597,0.4156959652900696,-0.12306465208530426,0.27970126271247864,0.3948104977607727,-0.15101538598537445,0.346550315618515,0.23456571996212006,-0.05644238367676735,0.3668484091758728,0.16657724976539612,-0.12033957988023758,0.35586613416671753,0.2847394049167633,-0.16316112875938416,0.3436658978462219,0.3699004352092743,-0.18443520367145538,0.2808791697025299,0.22184069454669952,-0.057259123772382736,0.29318639636039734,0.11190620064735413,-0.12219579517841339,0.29723483324050903,0.24098676443099976,-0.15192396938800812,0.3004976212978363,0.33379340171813965,-0.16035977005958557,0.21772119402885437,0.23118457198143005,-0.06547583639621735,0.21383893489837646,0.11305244266986847,-0.12292801588773727,0.2364080548286438,0.23468519747257233,-0.1291704922914505,0.2509455978870392,0.32821646332740784,-0.12116513401269913,0.15819285809993744,0.27007198333740234,-0.07754521816968918,0.16073977947235107,0.21196168661117554,-0.11798145622015,0.19042637944221497,0.29408517479896545,-0.11885647475719452,0.211105078458786,0.36261802911758423,-0.11173391342163086
E,0.34329670667648315,0.529443621635437,-1.8797396705849678e-07,0.38791534304618835,0.5134847164154053,-0.015030914917588234,0.4210953712463379,0.4728267192840576,-0.027914682403206825,0.4038166105747223,0.44449809193611145,-0.04264221712946892,0.36938825249671936,0.42306381464004517,-0.055135294795036316,0.41001710295677185,0.37699660658836365,-0.01672292686998844,0.43702811002731323,0.32298052310943604,-0.04511142894625664,0.43618690967559814,0.3761994540691376,-0.06395651400089264,0.4264570474624634,0.41765740513801575,-0.0719890221953392,0.3801114559173584,0.37006908655166626,-0.022206109017133713,0.4047851264476776,0.2971961796283722,-0.04812302067875862,0.41088420152664185,0.3572789132595062,-0.060786716639995575,0.40551429986953735,0.40293917059898376,-0.0643543228507042,0.3507612943649292,0.368893027305603,-0.030712075531482697,0.36432528495788574,0.28437620401382446,-0.051596518605947495,0.3786551356315613,0.34290018677711487,-0.05357670411467552,0.3788752257823944,0.3917670249938965,-0.050077859312295914,0.31949955224990845,0.3784017562866211,-0.04061150923371315,0.3373245596885681,0.32472819089889526,-0.05324350297451019,0.35391485691070557,0.3614514172077179,-0.05069563537836075,0.3563651442527771,0.40001752972602844,-0.04610464721918106
E,0.346444696187973,0.5317384600639343,-1.4381586765921384e-07,0.3905455768108368,0.513723611831665,-0.016455264762043953,0.4225078821182251,0.46995851397514343,-0.0306317787617445,0.3954913020133972,0.43902578949928284,-0.046475399285554886,0.3565268814563751,0.4183802902698517,-0.059851981699466705,0.4118116796016693,0.3779270052909851,-0.017535969614982605,0.43938031792640686,0.3235779106616974,-0.046090833842754364,0.4388120174407959,0.37730610370635986,-0.06436005979776382,0.4287121891975403,0.4188935458660126,-0.07187573611736298,0.3819108307361603,0.3697299361228943,-0.02265067584812641,0.4073401689529419,0.2953542172908783,-0.04926276579499245,0.413293719291687,0.3552084267139435,-0.06128407642245293,0.40696626901626587,0.40128475427627563,-0.06388171017169952,0.35275745391845703,0.3684380352497101,-0.030990831553936005,0.3667876720428467,0.28359463810920715,-0.05283549427986145,0.38120895624160767,0.341400682926178,-0.054153747856616974,0.38060295581817627,0.38996177911758423,-0.049640391021966934,0.32158324122428894,0.37744569778442383,-0.04084326699376106,0.34098970890045166,0.32380300760269165,-0.0539872944355011,0.3578396439552307,0.3608505129814148,-0.051110170781612396,0.3595297336578369,0.39987772703170776,-0.0460001677274704
E,0.3462740480899811,0.5314841866493225,-1.3289179889852676e-07,0.3918595314025879,0.5132600665092468,-0.015735752880573273,0.42512181401252747,0.4699113667011261,-0.029305487871170044,0.4015275239944458,0.43908897042274475,-0.044578541070222855,0.36439958214759827,0.41816434264183044,-0.05761762335896492,0.4125707447528839,0.3786638379096985,-0.01735554449260235,0.4418776035308838,0.326251357793808,-0.04601183906197548,0.44086602330207825,0.37908002734184265,-0.06434231251478195,0.4305799603462219,0.42065271735191345,-0.07185283303260803,0.38295960426330566,0.370534747838974,-0.022893059998750687,0.4096692204475403,0.2971058785915375,-0.049764424562454224,0.415928453207016,0.35679104924201965,-0.06162504851818085,0.41002175211906433,0.40429526567459106,-0.06388524174690247,0.35384270548820496,0.36906805634498596,-0.03165232762694359,0.3694300055503845,0.28509968519210815,-0.054078396409749985,0.38501879572868347,0.3436388671398163,-0.05582239478826523,0.385368674993515,0.393138587474823,-0.051278650760650635,0.32270774245262146,0.37839531898498535,-0.041845183819532394,0.34271901845932007,0.32591497898101807,-0.05577133595943451,0.36091282963752747,0.36340075731277466,-0.053392376750707626,0.3635125458240509,0.40288254618644714,-0.048386938869953156
E,0.2795206606388092,0.49180150032043457,-1.2893625012111443e-07,0.3277484178543091,0.49137359857559204,-0.06362341344356537,0.37178587913513184,0.4706187844276428,-0.11546527594327927,0.39324238896369934,0.4663514792919159,-0.1611141711473465,0.38859236240386963,0.45383721590042114,-0.20080891251564026,0.3854711353778839,0.21272006630897522,-0.07708600908517838,0.40890637040138245,0.23592396080493927,-0.14602088928222656,0.4059129059314728,0.3426196277141571,-0.18918520212173462,0.3984649181365967,0.41787537932395935,-0.21107217669487,0.3175707161426544,0.19951331615447998,-0.07523912936449051,0.34426450729370117,0.22463129460811615,-0.14761444926261902,0.3556070327758789,0.34895551204681396,-0.17305219173431396,0.359682559967041,0.42517706751823425,-0.178150936961174,0.25017449259757996,0.22520655393600464,-0.08151601254940033,0.2703912854194641,0.24049343168735504,-0.14841215312480927,0.29522016644477844,0.3516591191291809,-0.15297921001911163,0.31013715267181396,0.4217539429664612,-0.14266473054885864,0.1948368102312088,0.2819644808769226,-0.09237439930438995,0.2174283266067505,0.30510953068733215,-0.1444445550441742,0.25043758749961853,0.3825385570526123,-0.15016807615756989,0.2740772068500519,0.4311475157737732,-0.14341823756694794
E,0.28499385714530945,0.48853355646133423,6.887409398359523e-08,0.33338725566864014,0.493053674697876,-0.07666414231061935,0.37167635560035706,0.47210150957107544,-0.13672715425491333,0.389264851808548,0.46863555908203125,-0.18910445272922516,0.3895139694213867,0.45734256505966187,-0.23494821786880493,0.3863561749458313,0.22693610191345215,-0.09419066458940506,0.41025489568710327,0.22957120835781097,-0.17134658992290497,0.4053446054458618,0.3372330963611603,-0.2166038155555725,0.39727193117141724,0.4150673747062683,-0.23845672607421875,0.3180113136768341,0.215090811252594,-0.08750426024198532,0.34302011132240295,0.20401296019554138,-0.1703866422176361,0.3523715138435364,0.3354009985923767,-0.19759529829025269,0.35913461446762085,0.41532009840011597,-0.20101819932460785,0.2521548867225647,0.23682662844657898,-0.09011413902044296,0.27171775698661804,0.23093245923519135,-0.16410110890865326,0.295192152261734,0.3421086072921753,-0.1689898520708084,0.31066232919692993,0.41259753704071045,-0.156841441988945,0.19717645645141602,0.2856801748275757,-0.09813431650400162,0.22167935967445374,0.29935333132743835,-0.1519984006881714,0.2537337839603424,0.37371787428855896,-0.15819020569324493,0.2767496109008789,0.42193764448165894,-0.1516701728105545
E,0.2689138352870941,0.4806367754936218,-2.844980997451785e-07,0.3316333293914795,0.4819874167442322,-0.06266706436872482,0.3815218508243561,0.47090664505958557,-0.11274029314517975,0.3962867856025696,0.46151721477508545,-0.15689152479171753,0.3768255412578583,0.455272912979126,-0.19424591958522797,0.38530468940734863,0.19627320766448975,-0.07829440385103226,0.3959360718727112,0.2382952868938446,-0.15756756067276,0.3846380114555359,0.36139631271362305,-0.20449815690517426,0.3774177134037018,0.45151376724243164,-0.22574472427368164,0.3077113628387451,0.17277085781097412,-0.07729794830083847,0.3179435729980469,0.20916658639907837,-0.15673500299453735,0.32155323028564453,0.3489333391189575,-0.17868675291538239,0.327250212430954,0.44225823879241943,-0.17674967646598816,0.234817773103714,0.19510486721992493,-0.08512215316295624,0.23915831744670868,0.2575885057449341,-0.1545988768339157,0.2567165195941925,0.37765732407569885,-0.1520988941192627,0.27461549639701843,0.44923627376556396,-0.13301712274551392,0.17906907200813293,0.2502346336841583,-0.09850982576608658,0.18571273982524872,0.3286222517490387,-0.14515085518360138,0.2113073170185089,0.41174986958503723,-0.14556841552257538,0.23690560460090637,0.4518159031867981,-0.1331571340560913
E,0.285216748714447,0.4449314773082733,-2.850711666724237e-07,0.34856319427490234,0.45216497778892517,-0.06636950373649597,0.4041382074356079,0.4529539942741394,-0.12295670062303543,0.4098711609840393,0.45312047004699707,-0.17247824370861053,0.37361323833465576,0.4486387372016907,-0.21549922227859497,0.39539745450019836,0.17422699928283691,-0.10080741345882416,0.40123990178108215,0.23933404684066772,-0.1901487559080124,0.38814714550971985,0.3671747148036957,-0.24005569517612457,0.38306140899658203,0.4511679410934448,-0.26339948177337646,0.3114941418170929,0.15568721294403076,-0.103816919028759,0.32138070464134216,0.2053048312664032,-0.19404390454292297,0.32624730467796326,0.35282695293426514,-0.21765142679214478,0.3376898467540741,0.44529926776885986,-0.21727314591407776,0.23509708046913147,0.18598081171512604,-0.11547316610813141,0.24387037754058838,0.26758328080177307,-0.1964081972837448,0.26497364044189453,0.3911394476890564,-0.19426089525222778,0.2896963953971863,0.45778870582580566,-0.17549294233322144,0.17914804816246033,0.2495509386062622,-0.13259771466255188,0.1956893801689148,0.34981614351272583,-0.18898053467273712,0.2281133532524109,0.4356837272644043,-0.19187726080417633,0.2609374225139618,0.47020572423934937,-0.18157385289669037
E,0.2881409823894501,0.42743876576423645,-1.129558384604934e-07,0.35126131772994995,0.4309677183628082,-0.06669577956199646,0.4032067060470581,0.441860556602478,-0.12767428159713745,0.4110747277736664,0.4564756751060486,-0.18239837884902954,0.3787577450275421,0.45947450399398804,-0.22999641299247742,0.39572465419769287,0.17866769433021545,-0.11416811496019363,0.40453627705574036,0.24121110141277313,-0.21122118830680847,0.392721027135849,0.3649459481239319,-0.26335835456848145,0.3854239284992218,0.4475860297679901,-0.28731706738471985,0.30969148874282837,0.162542462348938,-0.11840131133794785,0.32270708680152893,0.23065738379955292,-0.2161983698606491,0.3322564363479614,0.3694859743118286,-0.23950189352035522,0.3452751934528351,0.4514450132846832,-0.23800916969776154,0.2332235723733902,0.1961994469165802,-0.13148607313632965,0.2545345425605774,0.3219703435897827,-0.21320493519306183,0.27685225009918213,0.43044769763946533,-0.20878402888774872,0.29944249987602234,0.47128820419311523,-0.18927001953125,0.17855630815029144,0.2593824565410614,-0.15092124044895172,0.20902571082115173,0.39728471636772156,-0.20504140853881836,0.24370543658733368,0.4746534526348114,-0.2075234055519104,0.2762731611728668,0.490767240524292,-0.1978115439414978
E,0.2965241074562073,0.4322829246520996,-1.3924029929057724e-07,0.3571659028530121,0.43520674109458923,-0.06844762712717056,0.40162453055381775,0.44123029708862305,-0.12901608645915985,0.4048967957496643,0.4564400315284729,-0.18308226764202118,0.37180864810943604,0.459279865026474,-0.23024708032608032,0.39483195543289185,0.171830415725708,-0.10668003559112549,0.40282130241394043,0.23419491946697235,-0.20007862150669098,0.3917967975139618,0.36157238483428955,-0.25161880254745483,0.38729333877563477,0.4461727440357208,-0.27524760365486145,0.31269603967666626,0.15473228693008423,-0.10946052521467209,0.3209633529186249,0.2124137133359909,-0.20436903834342957,0.3304975628852844,0.35840073227882385,-0.22865250706672668,0.34504520893096924,0.4462502598762512,-0.22747297585010529,0.23687872290611267,0.18611134588718414,-0.12140806764364243,0.24634450674057007,0.28515931963920593,-0.20465630292892456,0.27109140157699585,0.40563762187957764,-0.20307491719722748,0.29779186844825745,0.4637588858604431,-0.183608740568161,0.18216878175735474,0.24845293164253235,-0.13920696079730988,0.19791698455810547,0.36026960611343384,-0.19450660049915314,0.23133942484855652,0.44140389561653137,-0.19728682935237885,0.2648715078830719,0.4688491225242615,-0.18681231141090393
E,0.2882251441478729,0.4120965600013733,5.69575009379264e-09,0.35680651664733887,0.42952778935432434,-0.09739194065332413,0.4066968858242035,0.4363096356391907,-0.17940376698970795,0.4025777280330658,0.4488692283630371,-0.2491128146648407,0.36054491996765137,0.4496650695800781,-0.3129957318305969,0.39778441190719604,0.16836543381214142,-0.1748192310333252,0.4051492512226105,0.22877657413482666,-0.2918011248111725,0.3923090994358063,0.3589899241924286,-0.35494527220726013,0.38342100381851196,0.44549381732940674,-0.38598278164863586,0.31481054425239563,0.15522511303424835,-0.1719612032175064,0.3229771852493286,0.2069801688194275,-0.29694369435310364,0.32967737317085266,0.3545474410057068,-0.33676010370254517,0.3424239158630371,0.44227224588394165,-0.3462333083152771,0.24011559784412384,0.18303132057189941,-0.17811940610408783,0.2467717081308365,0.26942405104637146,-0.2862454652786255,0.27058205008506775,0.3937985897064209,-0.2971290051937103,0.29717332124710083,0.4585416913032532,-0.28594473004341125,0.18638655543327332,0.23708602786064148,-0.191015362739563,0.19994623959064484,0.3383021354675293,-0.26682454347610474,0.23334220051765442,0.4295845031738281,-0.2817683815956116,0.26706698536872864,0.4637145698070526,-0.280707985162735
E,0.2907114326953888,0.4454244375228882,-2.3655914560549718e-07,0.3492095172405243,0.44783851504325867,-0.06486673653125763,0.4023997187614441,0.44531792402267456,-0.11913303285837173,0.4077213406562805,0.44468197226524353,-0.16634945571422577,0.37615853548049927,0.4421142339706421,-0.2072947770357132,0.3943709135055542,0.17798244953155518,-0.09669496864080429,0.398566335439682,0.2217162698507309,-0.18119193613529205,0.3865411877632141,0.3462716341018677,-0.228099524974823,0.380417138338089,0.43399447202682495,-0.24906282126903534,0.31373918056488037,0.1577945351600647,-0.09724011272192001,0.32066360116004944,0.19497859477996826,-0.18271438777446747,0.325219988822937,0.3357493281364441,-0.20519356429576874,0.3352094888687134,0.42937004566192627,-0.20350314676761627,0.24017441272735596,0.18534260988235474,-0.1059885323047638,0.24404624104499817,0.2593870759010315,-0.18578961491584778,0.26375430822372437,0.384165495634079,-0.18546704947948456,0.2877976596355438,0.4563985764980316,-0.16641153395175934,0.1867760419845581,0.24463945627212524,-0.11964543908834457,0.19900256395339966,0.3434222340583801,-0.17818252742290497,0.23043301701545715,0.4327060580253601,-0.18285055458545685,0.26282772421836853,0.47319120168685913,-0.1719096153974533
E,0.2908727526664734,0.4502602815628052,-2.3939483639878745e-07,0.3490864038467407,0.45103222131729126,-0.06529707461595535,0.4018581807613373,0.4462325870990753,-0.11955037713050842,0.4038608968257904,0.4423530101776123,-0.16659681499004364,0.36900460720062256,0.44231969118118286,-0.20664390921592712,0.3935997784137726,0.17252987623214722,-0.09629423171281815,0.397396445274353,0.22289496660232544,-0.18278643488883972,0.38688501715660095,0.34652164578437805,-0.23048900067806244,0.38175562024116516,0.432175874710083,-0.2517125904560089,0.3105098605155945,0.14992128312587738,-0.09727559238672256,0.3177471458911896,0.19766706228256226,-0.18540269136428833,0.32382404804229736,0.341949462890625,-0.2074400782585144,0.33439284563064575,0.4340512156486511,-0.20490209758281708,0.235392764210701,0.17621777951717377,-0.10688414424657822,0.24259436130523682,0.26489827036857605,-0.18424877524375916,0.2639286518096924,0.38572603464126587,-0.18223635852336884,0.2877125144004822,0.450868159532547,-0.16296778619289398,0.17925429344177246,0.23565536737442017,-0.12215612828731537,0.19336065649986267,0.34139806032180786,-0.17491288483142853,0.22409075498580933,0.425354927778244,-0.17836636304855347,0.25537002086639404,0.4577745497226715,-0.1681438386440277
E,0.2941390573978424,0.41272345185279846,-1.9063226375237718e-07,0.3515012562274933,0.42841464281082153,-0.07977290451526642,0.4004039466381073,0.4329967200756073,-0.1460687667131424,0.40090298652648926,0.44325029850006104,-0.2035287618637085,0.3626162111759186,0.44461992383003235,-0.25621461868286133,0.39413875341415405,0.1740417778491974,-0.12670151889324188,0.40161603689193726,0.22249868512153625,-0.22247642278671265,0.3873264193534851,0.350068062543869,-0.2777899205684662,0.3786756992340088,0.4380442500114441,-0.3048469126224518,0.31477031111717224,0.15546509623527527,-0.1252194494009018,0.3175465166568756,0.19306734204292297,-0.22312919795513153,0.32256364822387695,0.3380400538444519,-0.25585848093032837,0.3338700234889984,0.42959293723106384,-0.2625497877597809,0.241276815533638,0.180379256606102,-0.1322447806596756,0.23868440091609955,0.24751386046409607,-0.22297504544258118,0.26125138998031616,0.3779987096786499,-0.23168660700321198,0.287980854511261,0.45572298765182495,-0.21963734924793243,0.18797025084495544,0.23599441349506378,-0.14451681077480316,0.19134590029716492,0.3234586715698242,-0.21070978045463562,0.22412216663360596,0.4183821976184845,-0.2204107940196991,0.25747644901275635,0.46528157591819763,-0.21472489833831787
E,0.28600290417671204,0.3917245864868164,-6.884528147566016e-08,0.3478039503097534,0.4128935933113098,-0.09000217914581299,0.3982459008693695,0.4238138198852539,-0.1655946671962738,0.40673020482063293,0.4451586604118347,-0.23090814054012299,0.373455673456192,0.45130467414855957,-0.2913653254508972,0.3972586691379547,0.16986803710460663,-0.1516980230808258,0.40241336822509766,0.22562922537326813,-0.25842058658599854,0.3903493881225586,0.349537193775177,-0.3188108503818512,0.3838406205177307,0.43559396266937256,-0.34894952178001404,0.3161989152431488,0.15260523557662964,-0.149087592959404,0.3149910271167755,0.20153307914733887,-0.26295071840286255,0.32394105195999146,0.3460949659347534,-0.30019375681877136,0.337484747171402,0.4349430203437805,-0.30836766958236694,0.24054306745529175,0.17667034268379211,-0.15540462732315063,0.23931586742401123,0.2561401128768921,-0.2556375563144684,0.26485466957092285,0.3828754723072052,-0.2654934227466583,0.29181355237960815,0.45218712091445923,-0.25377506017684937,0.18627116084098816,0.2278498113155365,-0.16793625056743622,0.1926848590373993,0.32418641448020935,-0.23945757746696472,0.2255958616733551,0.4174194633960724,-0.25175943970680237,0.2581499218940735,0.45686620473861694,-0.24835029244422913
E,0.2886403799057007,0.4526987373828888,-2.7825399229186587e-07,0.3488861918449402,0.4552338719367981,-0.06875906884670258,0.40146690607070923,0.4488150179386139,-0.12561291456222534,0.40495651960372925,0.4406623840332031,-0.17469649016857147,0.3700878620147705,0.4371928572654724,-0.2176409363746643,0.3919685184955597,0.17587630450725555,-0.10074656456708908,0.3977108597755432,0.22669704258441925,-0.18831966817378998,0.38460585474967957,0.35003790259361267,-0.23842255771160126,0.37860172986984253,0.4357004463672638,-0.26142680644989014,0.31361210346221924,0.1565207690000534,-0.10050691664218903,0.3207457661628723,0.20009155571460724,-0.18952220678329468,0.3227878510951996,0.33882197737693787,-0.21542486548423767,0.3321376144886017,0.4338832497596741,-0.2160314917564392,0.24159793555736542,0.18237873911857605,-0.10878453403711319,0.242500439286232,0.25558802485466003,-0.1903962790966034,0.2624218761920929,0.37913230061531067,-0.19275197386741638,0.28771910071372986,0.4555175304412842,-0.17566855251789093,0.18770268559455872,0.2399100363254547,-0.12228844314813614,0.19212135672569275,0.3270875811576843,-0.18150149285793304,0.22123025357723236,0.4177221655845642,-0.1869249939918518,0.2533215880393982,0.464689701795578,-0.1768099069595337
E,0.2839548885822296,0.46901875734329224,-2.5673099912637554e-07,0.34595203399658203,0.4688609838485718,-0.06955360621213913,0.40258586406707764,0.45838844776153564,-0.12587521970272064,0.40773165225982666,0.445221871137619,-0.17427176237106323,0.37248456478118896,0.43881818652153015,-0.21534660458564758,0.38996970653533936,0.19859755039215088,-0.1024068295955658,0.3904098868370056,0.21708661317825317,-0.19147856533527374,0.38031700253486633,0.34633609652519226,-0.2391810119152069,0.37647074460983276,0.4343828558921814,-0.25986990332603455,0.3094334304332733,0.17620137333869934,-0.1019676923751831,0.31656715273857117,0.1854110062122345,-0.19609935581684113,0.3189677596092224,0.33180391788482666,-0.220425546169281,0.32947880029678345,0.4277949929237366,-0.2173989713191986,0.23715627193450928,0.2002323567867279,-0.11002843827009201,0.24001766741275787,0.2558014988899231,-0.19340798258781433,0.25805026292800903,0.38279926776885986,-0.19105647504329681,0.28498244285583496,0.4573994278907776,-0.169574573636055,0.185109943151474,0.2562065124511719,-0.12361449003219604,0.19202539324760437,0.3424062132835388,-0.18241797387599945,0.22079506516456604,0.43293625116348267,-0.18559882044792175,0.2547476589679718,0.47461071610450745,-0.17329120635986328
E,0.2862635850906372,0.4603649973869324,-1.932521485059624e-07,0.34465813636779785,0.45958954095840454,-0.06845808774232864,0.3984234929084778,0.45422351360321045,-0.12488609552383423,0.41012436151504517,0.445057213306427,-0.1740691363811493,0.3772859573364258,0.4427924156188965,-0.2161346673965454,0.3912786543369293,0.19290536642074585,-0.10267691314220428,0.39105409383773804,0.22178027033805847,-0.19212743639945984,0.37937015295028687,0.35034820437431335,-0.23967300355434418,0.373263418674469,0.4386953115463257,-0.25997230410575867,0.30857619643211365,0.16863088309764862,-0.10240727663040161,0.3150329291820526,0.19327393174171448,-0.195466548204422,0.31691762804985046,0.3370206952095032,-0.21856829524040222,0.3258630335330963,0.43143874406814575,-0.21515321731567383,0.23366540670394897,0.1922251284122467,-0.11069025844335556,0.23897100985050201,0.2681844234466553,-0.19286523759365082,0.256257027387619,0.39189663529396057,-0.19027471542358398,0.2818230390548706,0.4627612233161926,-0.1689392775297165,0.17946824431419373,0.2489561140537262,-0.12463124841451645,0.19050684571266174,0.35028254985809326,-0.18106868863105774,0.21898460388183594,0.43859025835990906,-0.1839226931333542,0.2521896958351135,0.4768657684326172,-0.1719285398721695
E,0.2909733057022095,0.4552372694015503,-2.35774407997269e-07,0.3509474992752075,0.4593864381313324,-0.07081811130046844,0.4047098159790039,0.45384737849235535,-0.1279781460762024,0.40914762020111084,0.44704073667526245,-0.17720751464366913,0.3749121427536011,0.44036656618118286,-0.21961602568626404,0.39709752798080444,0.19019317626953125,-0.10214730352163315,0.4006039798259735,0.2164105772972107,-0.1881561577320099,0.39076313376426697,0.3443610966205597,-0.23531465232372284,0.3848044276237488,0.43292832374572754,-0.25645923614501953,0.316776305437088,0.1670464277267456,-0.09996133297681808,0.3225978910923004,0.1907636970281601,-0.18923746049404144,0.32692351937294006,0.3389301896095276,-0.2128497064113617,0.3365090787410736,0.43441861867904663,-0.2109416276216507,0.24328988790512085,0.19185444712638855,-0.10630791634321213,0.24548494815826416,0.25561755895614624,-0.1868409514427185,0.26555582880973816,0.38375958800315857,-0.18472954630851746,0.2917587161064148,0.46031349897384644,-0.16413737833499908,0.1903371512889862,0.24881494045257568,-0.11816016584634781,0.1967664659023285,0.3384813070297241,-0.17543260753154755,0.22591271996498108,0.4284437894821167,-0.17852391302585602,0.25795841217041016,0.4702266454696655,-0.166652649641037
E,0.2978040874004364,0.4689410328865051,-2.130241369968644e-07,0.36278772354125977,0.4737146496772766,-0.07189850509166718,0.4187868535518646,0.4711945056915283,-0.13057544827461243,0.41589176654815674,0.4607170820236206,-0.18118636310100555,0.3707958459854126,0.4539948105812073,-0.22401051223278046,0.4087335169315338,0.20264551043510437,-0.10521608591079712,0.4069925844669342,0.2303934395313263,-0.19655245542526245,0.39498764276504517,0.36505433917045593,-0.24468041956424713,0.3904494047164917,0.45641380548477173,-0.26489394903182983,0.3264691233634949,0.17984439432621002,-0.10389316827058792,0.32535868883132935,0.20291262865066528,-0.1998594105243683,0.3296010494232178,0.35055050253868103,-0.2234056144952774,0.3420962393283844,0.4464069604873657,-0.21911747753620148,0.25141477584838867,0.20490586757659912,-0.11156131327152252,0.24933147430419922,0.2780514359474182,-0.1975557804107666,0.26955291628837585,0.4070972800254822,-0.19341841340065002,0.2988235652446747,0.48092377185821533,-0.16941972076892853,0.19839131832122803,0.2617281377315521,-0.12485703080892563,0.20174890756607056,0.35689231753349304,-0.183932825922966,0.22946985065937042,0.44808077812194824,-0.18509960174560547,0.2629491090774536,0.4883756637573242,-0.1706005483865738
E,0.29800915718078613,0.4646131992340088,-2.675932648799062e-07,0.36065489053726196,0.47325214743614197,-0.07635680586099625,0.41618862748146057,0.473080575466156,-0.1386130154132843,0.4183810353279114,0.46602505445480347,-0.19190967082977295,0.3776049315929413,0.4598373472690582,-0.2382616400718689,0.4060526490211487,0.19922992587089539,-0.11606358736753464,0.40231654047966003,0.23359140753746033,-0.20877240598201752,0.3903319239616394,0.3695201873779297,-0.2597266733646393,0.3856208920478821,0.45960307121276855,-0.28281131386756897,0.32443147897720337,0.17674008011817932,-0.11370416730642319,0.3211050033569336,0.20495465397834778,-0.20881564915180206,0.32363638281822205,0.3578953146934509,-0.23466284573078156,0.3361566662788391,0.454084187746048,-0.23431043326854706,0.25019726157188416,0.20268702507019043,-0.11985458433628082,0.2430315911769867,0.26806145906448364,-0.2048969268798828,0.2618679702281952,0.39996272325515747,-0.20266106724739075,0.2911204397678375,0.4785217046737671,-0.18204721808433533,0.1971316635608673,0.2602591812610626,-0.1317310780286789,0.1915854662656784,0.34266313910484314,-0.1915489286184311,0.21817342936992645,0.43489575386047363,-0.19358527660369873,0.2523517310619354,0.4804866313934326,-0.1809181272983551
E,0.33083152770996094,0.4835587739944458,-7.872750273918427e-08,0.3780873417854309,0.48724377155303955,-0.06433108448982239,0.41957005858421326,0.4635228216648102,-0.11124435067176819,0.4288470149040222,0.45046764612197876,-0.1513320654630661,0.40469223260879517,0.4445454180240631,-0.18607710301876068,0.41612061858177185,0.2836332321166992,-0.0802939236164093,0.42895928025245667,0.2592105567455292,-0.14499519765377045,0.42052775621414185,0.35294634103775024,-0.18138138949871063,0.4125012159347534,0.4240438640117645,-0.19734592735767365,0.3583768308162689,0.27192604541778564,-0.07396559417247772,0.36478182673454285,0.21686968207359314,-0.1459263265132904,0.3692931532859802,0.3309764266014099,-0.16859553754329681,0.3756028413772583,0.40930601954460144,-0.16892580687999725,0.3039759397506714,0.2800288200378418,-0.07496900111436844,0.3000057637691498,0.23371976613998413,-0.13823802769184113,0.3173118531703949,0.33293819427490234,-0.14085286855697632,0.33179420232772827,0.40223726630210876,-0.12777568399906158,0.2575317919254303,0.30784860253334045,-0.08031335473060608,0.2535454332828522,0.29151561856269836,-0.12431883066892624,0.2761801779270172,0.3603172302246094,-0.12682445347309113,0.29602882266044617,0.40758252143859863,-0.11891665309667587
E,0.3265690505504608,0.48269549012184143,-9.05043862076127e-08,0.3753477931022644,0.4881620407104492,-0.06264053285121918,0.4230499565601349,0.46471571922302246,-0.10904815047979355,0.43019771575927734,0.45203399658203125,-0.14906923472881317,0.39948898553848267,0.44392454624176025,-0.1846417784690857,0.41690725088119507,0.28790196776390076,-0.08128117024898529,0.4344545006752014,0.2579718232154846,-0.14577536284923553,0.4262985587120056,0.34880542755126953,-0.1821754276752472,0.4168418347835541,0.41861769556999207,-0.19798874855041504,0.3616158068180084,0.2771354019641876,-0.0757390558719635,0.3729916512966156,0.21797174215316772,-0.14608031511306763,0.37812334299087524,0.3308659791946411,-0.1691940277814865,0.3829846978187561,0.40817177295684814,-0.17075034976005554,0.3088148534297943,0.2833783030509949,-0.07715024054050446,0.3087165653705597,0.22484177350997925,-0.13948048651218414,0.3262309730052948,0.32546648383140564,-0.14313744008541107,0.33864668011665344,0.3974710702896118,-0.13154524564743042,0.2607381045818329,0.3088511824607849,-0.08260350674390793,0.26104751229286194,0.28435513377189636,-0.12709562480449677,0.28465959429740906,0.3543616533279419,-0.1303720474243164,0.3029371500015259,0.40545064210891724,-0.12340477108955383
E,0.330012708902359,0.4830470681190491,-4.01079844891683e-08,0.3765782117843628,0.4878019690513611,-0.06367344409227371,0.42148855328559875,0.4655589163303375,-0.11160899698734283,0.4307929575443268,0.45427608489990234,-0.1529349684715271,0.40192994475364685,0.4486323893070221,-0.18976491689682007,0.4169824719429016,0.28776755928993225,-0.0848117545247078,0.4341981112957001,0.25904661417007446,-0.15063294768333435,0.42768579721450806,0.3483685851097107,-0.18686814606189728,0.4187774658203125,0.41648298501968384,-0.20231208205223083,0.3608330190181732,0.2768532335758209,-0.07934588193893433,0.37324807047843933,0.21916049718856812,-0.15143878757953644,0.3795369267463684,0.3309308588504791,-0.1740277111530304,0.3845519423484802,0.4063672423362732,-0.17486685514450073,0.307401180267334,0.283818781375885,-0.08087193220853806,0.3094674348831177,0.23197785019874573,-0.1445067673921585,0.32896557450294495,0.33190077543258667,-0.14743982255458832,0.3420667350292206,0.4017115831375122,-0.1350601762533188,0.25949329137802124,0.3099816143512726,-0.08654865622520447,0.261719286441803,0.2879573106765747,-0.13160379230976105,0.2865826487541199,0.35681986808776855,-0.1346963495016098,0.3056615889072418,0.40624046325683594,-0.12746931612491608
E,0.32686442136764526,0.4817935526371002,-5.452464790778322e-08,0.37422674894332886,0.4849053621292114,-0.059729088097810745,0.41715025901794434,0.4639468789100647,-0.10564436763525009,0.42125195264816284,0.4555669128894806,-0.14600160717964172,0.39165326952934265,0.45182090997695923,-0.18211880326271057,0.4190606474876404,0.28104841709136963,-0.07530884444713593,0.4363277852535248,0.25816017389297485,-0.13732121884822845,0.4284132421016693,0.34758293628692627,-0.17362557351589203,0.41956931352615356,0.414775013923645,-0.190117746591568,0.3636123538017273,0.2685077488422394,-0.07143671065568924,0.37921133637428284,0.21855905652046204,-0.13841398060321808,0.38208627700805664,0.3277508318424225,-0.16098853945732117,0.38468995690345764,0.40377551317214966,-0.16306470334529877,0.3100361227989197,0.27586615085601807,-0.0745459645986557,0.3139464259147644,0.22012092173099518,-0.13450080156326294,0.3302479386329651,0.3187131881713867,-0.13830189406871796,0.3415463864803314,0.39021626114845276,-0.12737736105918884,0.2611447274684906,0.30429619550704956,-0.08163028210401535,0.26520001888275146,0.2829250991344452,-0.12562072277069092,0.288723349571228,0.3519471287727356,-0.12914231419563293,0.3067796528339386,0.40300846099853516,-0.12242094427347183
E,0.3283195197582245,0.4805028438568115,-6.507959682267028e-08,0.3752188980579376,0.48629748821258545,-0.06596953421831131,0.42002150416374207,0.4644562602043152,-0.11460937559604645,0.43176135420799255,0.45504432916641235,-0.15649423003196716,0.4094714820384979,0.441628098487854,-0.19383832812309265,0.4183005392551422,0.2848224937915802,-0.08765077590942383,0.43590253591537476,0.25492051243782043,-0.15406867861747742,0.42846980690956116,0.345567524433136,-0.19151590764522552,0.418784499168396,0.4144890606403351,-0.2082168161869049,0.36169880628585815,0.2744380533695221,-0.08162886649370193,0.3707757890224457,0.21509796380996704,-0.15584515035152435,0.3776843845844269,0.3298632800579071,-0.18188993632793427,0.3840075731277466,0.40658217668533325,-0.18548104166984558,0.3080917000770569,0.2815791368484497,-0.08256574720144272,0.3058559000492096,0.2266767919063568,-0.14781279861927032,0.3262609839439392,0.327306866645813,-0.15434147417545319,0.3405364751815796,0.3996846377849579,-0.14477689564228058,0.2607552409172058,0.308530330657959,-0.0876750722527504,0.25974541902542114,0.28524184226989746,-0.13383087515830994,0.2845741808414459,0.35505324602127075,-0.13944970071315765,0.3036438822746277,0.40633708238601685,-0.13458825647830963
E,0.367240309715271,0.5236724615097046,-1.7917504635533987e-07,0.4182238280773163,0.5178789496421814,-0.021916763857007027,0.45908719301223755,0.4982699155807495,-0.04044243320822716,0.45932093262672424,0.47422295808792114,-0.05883409082889557,0.42657896876335144,0.4574708938598633,-0.07424555718898773,0.4536764919757843,0.3683987557888031,-0.028954027220606804,0.47756272554397583,0.3283533453941345,-0.06309013068675995,0.4707416892051697,0.3917660713195801,-0.0847625881433487,0.45896199345588684,0.4344380795955658,-0.09487742930650711,0.4184976816177368,0.35678938031196594,-0.03272475674748421,0.4440724551677704,0.29587072134017944,-0.06636683642864227,0.4448828399181366,0.36638006567955017,-0.08140459656715393,0.43933016061782837,0.4141702651977539,-0.08634569495916367,0.38193437457084656,0.3564896881580353,-0.03923729434609413,0.3964865803718567,0.2908254563808441,-0.0665220096707344,0.40877822041511536,0.3627052903175354,-0.06695608049631119,0.4120272397994995,0.4161381423473358,-0.06217644736170769,0.3429609537124634,0.3724391758441925,-0.047359809279441833,0.3608561158180237,0.33502376079559326,-0.06488920003175735,0.377379834651947,0.38269099593162537,-0.061764515936374664,0.38491490483283997,0.42447155714035034,-0.056324560195207596
E,0.36570996046066284,0.5185543298721313,-1.3187313641083165e-07,0.41085150837898254,0.5141394138336182,-0.024083489552140236,0.4482744634151459,0.48939478397369385,-0.04354143887758255,0.43783146142959595,0.46468585729599,-0.06258290261030197,0.4008067846298218,0.4461788535118103,-0.07862021774053574,0.4452608525753021,0.3603779375553131,-0.03097360022366047,0.46788251399993896,0.3180619180202484,-0.06557988375425339,0.4615441560745239,0.3798690736293793,-0.08714811503887177,0.45052310824394226,0.4242599904537201,-0.09667902439832687,0.4093836545944214,0.3490317761898041,-0.03403441235423088,0.43433812260627747,0.2889910638332367,-0.06629066914319992,0.4358140230178833,0.35543256998062134,-0.08002883940935135,0.43022802472114563,0.40402331948280334,-0.08387348800897598,0.37241268157958984,0.34899890422821045,-0.04040059074759483,0.3867337703704834,0.2852417826652527,-0.06704080104827881,0.39917030930519104,0.35540178418159485,-0.06785242259502411,0.40183505415916443,0.40788763761520386,-0.06301454454660416,0.33327019214630127,0.3644450306892395,-0.04875851050019264,0.3505156934261322,0.3306855857372284,-0.06660778075456619,0.3685203492641449,0.37626996636390686,-0.06472177058458328,0.37630265951156616,0.41644349694252014,-0.05975957214832306
E,0.356510728597641,0.5183022618293762,-1.7678219421668473e-07,0.402823269367218,0.513437032699585,-0.02234121970832348,0.4396688938140869,0.4897523522377014,-0.03986348584294319,0.4276072382926941,0.46427762508392334,-0.057146891951560974,0.3896861672401428,0.44626912474632263,-0.07158181071281433,0.43788477778434753,0.36149072647094727,-0.025839902460575104,0.4564805328845978,0.32163670659065247,-0.058651044964790344,0.4476765990257263,0.3832542300224304,-0.07996276021003723,0.4363920986652374,0.4250088036060333,-0.09003179520368576,0.4013148844242096,0.3482697606086731,-0.02870842069387436,0.42275211215019226,0.2911307215690613,-0.06070477515459061,0.4216015934944153,0.35911670327186584,-0.07423744350671768,0.4161461889743805,0.40686362981796265,-0.07779992371797562,0.3642802834510803,0.348621129989624,-0.03474053740501404,0.37599074840545654,0.28695136308670044,-0.060751721262931824,0.38570499420166016,0.3565305471420288,-0.06025495007634163,0.3887295126914978,0.4077584743499756,-0.05455827713012695,0.3251861333847046,0.36643853783607483,-0.04254456236958504,0.3404151201248169,0.3345215320587158,-0.05928285792469978,0.35574308037757874,0.3802681863307953,-0.055776242166757584,0.36366087198257446,0.41937366127967834,-0.049690134823322296
E,0.3519008457660675,0.5192362666130066,-1.8717153693614819e-07,0.399221807718277,0.5142426490783691,-0.023971298709511757,0.43523627519607544,0.49158740043640137,-0.042191822081804276,0.42409783601760864,0.4630688726902008,-0.05972469598054886,0.38428694009780884,0.44363006949424744,-0.07470160722732544,0.43365463614463806,0.3648907542228699,-0.03018377721309662,0.45491617918014526,0.3231015205383301,-0.06380226463079453,0.44626563787460327,0.3835156559944153,-0.08611767739057541,0.43443697690963745,0.42521601915359497,-0.09709285199642181,0.39856526255607605,0.35257241129875183,-0.03259989246726036,0.421941876411438,0.29122987389564514,-0.06561510264873505,0.42066067457199097,0.358573853969574,-0.08179332315921783,0.41530489921569824,0.4043884575366974,-0.08799750357866287,0.3626110851764679,0.3518320620059967,-0.03781849145889282,0.37477537989616394,0.2856288552284241,-0.06401325762271881,0.38466277718544006,0.35474950075149536,-0.0655498281121254,0.3876480162143707,0.40693992376327515,-0.06204494833946228,0.32387930154800415,0.3688367009162903,-0.04485151916742325,0.3399637043476105,0.33170273900032043,-0.0607905350625515,0.3554771840572357,0.3757108449935913,-0.05787186324596405,0.36277225613594055,0.41562342643737793,-0.053208086639642715
E,0.35706356167793274,0.5203149914741516,-1.6364228372367506e-07,0.40220916271209717,0.5145026445388794,-0.02350950613617897,0.43783873319625854,0.49181675910949707,-0.04252222180366516,0.42468157410621643,0.4662817418575287,-0.06101169064640999,0.3866434693336487,0.44808048009872437,-0.0766211599111557,0.43553417921066284,0.3623911142349243,-0.030338505282998085,0.4544323682785034,0.32370784878730774,-0.06401076912879944,0.44616350531578064,0.3853533864021301,-0.08521346002817154,0.43510156869888306,0.4277836084365845,-0.09508371353149414,0.39920327067375183,0.3507082760334015,-0.03328974172472954,0.42111748456954956,0.2936369776725769,-0.06603895127773285,0.42062732577323914,0.3612266182899475,-0.08018351346254349,0.41536852717399597,0.4077777564525604,-0.08449765294790268,0.36242803931236267,0.35121795535087585,-0.03924468904733658,0.37408506870269775,0.28957241773605347,-0.06602846086025238,0.38498368859291077,0.35909178853034973,-0.06649523973464966,0.3880508840084076,0.4103347361087799,-0.06168992817401886,0.32368212938308716,0.36866888403892517,-0.04701616242527962,0.33869725465774536,0.33568763732910156,-0.06418460607528687,0.3552067279815674,0.38089460134506226,-0.061425190418958664,0.3631967306137085,0.4201846122741699,-0.05618774890899658
E,0.3820715546607971,0.7160838842391968,-5.249204377832939e-07,0.47037631273269653,0.6770799160003662,-0.037365254014730453,0.5313907861709595,0.6043874621391296,-0.06498187780380249,0.47806358337402344,0.5328699350357056,-0.09335194528102875,0.3910749852657318,0.5039722919464111,-0.11853683739900589,0.512968897819519,0.4036877751350403,-0.03979502618312836,0.5403138399124146,0.2966489791870117,-0.09212855249643326,0.5266189575195312,0.40803855657577515,-0.12916462123394012,0.5098410844802856,0.48858439922332764,-0.14822497963905334,0.44598501920700073,0.3838864862918854,-0.04469532147049904,0.46974024176597595,0.2504606246948242,-0.09612587839365005,0.46483761072158813,0.38710305094718933,-0.12152466922998428,0.45919716358184814,0.47294771671295166,-0.13021205365657806,0.384048730134964,0.38871923089027405,-0.05412799492478371,0.3897894024848938,0.24170339107513428,-0.09306817501783371,0.4042128324508667,0.37017184495925903,-0.09058492630720139,0.4078353941440582,0.46587392687797546,-0.08163369446992874,0.316675066947937,0.42826810479164124,-0.06645668298006058,0.3323335349559784,0.3322908878326416,-0.08758698403835297,0.3559598922729492,0.41169482469558716,-0.07529081404209137,0.3667004108428955,0.4874129593372345,-0.06262706965208054
E,0.3774929344654083,0.7114758491516113,-5.238027824816527e-07,0.46429648995399475,0.6771043539047241,-0.03838788717985153,0.5232481360435486,0.5938446521759033,-0.06738632917404175,0.4662908911705017,0.52939373254776,-0.09736824035644531,0.38215360045433044,0.4947708547115326,-0.12389282137155533,0.5046634078025818,0.3986207842826843,-0.04347504302859306,0.5301241874694824,0.2888888120651245,-0.0976669117808342,0.514070451259613,0.4024023711681366,-0.1330977976322174,0.4973040521144867,0.48428869247436523,-0.15022899210453033,0.43577510118484497,0.38217613101005554,-0.04963246360421181,0.46200644969940186,0.24285362660884857,-0.10256098955869675,0.45492634177207947,0.37837842106819153,-0.126365065574646,0.4476001262664795,0.46863386034965515,-0.13299760222434998,0.3726228177547455,0.386555552482605,-0.060855552554130554,0.3798249065876007,0.23184660077095032,-0.10401112586259842,0.3937447965145111,0.3629230856895447,-0.10217557102441788,0.3969116806983948,0.4616433382034302,-0.09222958981990814,0.3056641221046448,0.42072799801826477,-0.07482404261827469,0.32095637917518616,0.3243723511695862,-0.10138847678899765,0.34443455934524536,0.4110790491104126,-0.09125816076993942,0.35461822152137756,0.490098237991333,-0.07890549302101135
E,0.35306790471076965,0.6804926991462708,-5.027312113270455e-07,0.43616172671318054,0.6419892907142639,-0.03885112330317497,0.48801442980766296,0.5530456304550171,-0.06637026369571686,0.42118722200393677,0.49655067920684814,-0.09428156167268753,0.3383418023586273,0.4710744023323059,-0.11845281720161438,0.464555948972702,0.37303370237350464,-0.04167027026414871,0.48276668787002563,0.2517850399017334,-0.09100057184696198,0.4640446603298187,0.36321544647216797,-0.12288103997707367,0.45106562972068787,0.44633013010025024,-0.1383143812417984,0.3983269929885864,0.36159878969192505,-0.045477788895368576,0.41454747319221497,0.21463918685913086,-0.09502164274454117,0.4061313569545746,0.3406502306461334,-0.11832510679960251,0.4040161371231079,0.4290364682674408,-0.12496849149465561,0.33930647373199463,0.3665260374546051,-0.05413142591714859,0.33716392517089844,0.20718109607696533,-0.09383442997932434,0.34773576259613037,0.32791227102279663,-0.09311219304800034,0.3540457785129547,0.4227306544780731,-0.08431633561849594,0.27737605571746826,0.3965066075325012,-0.06563619524240494,0.28418266773223877,0.29693683981895447,-0.08967887610197067,0.30520644783973694,0.3783112168312073,-0.08049530535936356,0.3189677596092224,0.4570489525794983,-0.06919070333242416
E,0.3512645959854126,0.6561193466186523,-5.291587967803935e-07,0.4335036277770996,0.613510251045227,-0.035397835075855255,0.4867229759693146,0.5334705114364624,-0.05997990816831589,0.4345751702785492,0.4755082130432129,-0.0858660638332367,0.35782888531684875,0.4554377794265747,-0.10803139209747314,0.45607790350914,0.3552461564540863,-0.03571292385458946,0.4760151505470276,0.2313501238822937,-0.08313337713479996,0.45851755142211914,0.3376055061817169,-0.11318947374820709,0.4450417757034302,0.4166489839553833,-0.12732291221618652,0.3939099907875061,0.34324878454208374,-0.04060209542512894,0.41072389483451843,0.19813278317451477,-0.08976837247610092,0.4028143882751465,0.32011163234710693,-0.11184563487768173,0.40053802728652954,0.4032091200351715,-0.11721528321504593,0.33830225467681885,0.34762364625930786,-0.05042581632733345,0.3373907208442688,0.19184517860412598,-0.08782876282930374,0.3472769856452942,0.30480968952178955,-0.08648578077554703,0.35306480526924133,0.39575377106666565,-0.07693170756101608,0.2807246148586273,0.37965428829193115,-0.06310110539197922,0.2847921848297119,0.27292266488075256,-0.08241573721170425,0.3036194145679474,0.34107616543769836,-0.07223043590784073,0.3155055642127991,0.4156624376773834,-0.06068434193730354
E,0.35728394985198975,0.65968918800354,-5.282485062707565e-07,0.43882331252098083,0.6144396066665649,-0.034405168145895004,0.4922299385070801,0.5379486083984375,-0.05872446671128273,0.4404425323009491,0.4786745309829712,-0.08454105257987976,0.363631010055542,0.4621903896331787,-0.10674959421157837,0.4634622037410736,0.3567125201225281,-0.03258039802312851,0.47877275943756104,0.2370283603668213,-0.07878682762384415,0.4635656774044037,0.34288257360458374,-0.10990080237388611,0.45128488540649414,0.4206283688545227,-0.1253102868795395,0.40132924914360046,0.343320369720459,-0.037112314254045486,0.4157101809978485,0.20253685116767883,-0.08405798673629761,0.4084441065788269,0.3245687186717987,-0.10653873533010483,0.4056933522224426,0.40521758794784546,-0.11324524134397507,0.3451057970523834,0.3489513099193573,-0.0463489294052124,0.3435937762260437,0.1990850269794464,-0.0805351585149765,0.3535832166671753,0.31019359827041626,-0.07889530807733536,0.3586437702178955,0.39970460534095764,-0.07027852535247803,0.28635239601135254,0.3834165632724762,-0.05860431119799614,0.29141852259635925,0.27919578552246094,-0.07475622743368149,0.3100959360599518,0.3433627188205719,-0.0637543722987175,0.3213891386985779,0.41509830951690674,-0.052471574395895004
E,0.35978269577026367,0.6545968651771545,-5.447488433674152e-07,0.44179052114486694,0.6128406524658203,-0.034973450005054474,0.49478453397750854,0.5346981883049011,-0.05869106948375702,0.44492244720458984,0.4722343385219574,-0.08353827148675919,0.3692120313644409,0.45162490010261536,-0.10450418293476105,0.4671158492565155,0.35420188307762146,-0.03320981189608574,0.4849243462085724,0.23121000826358795,-0.07969886809587479,0.467647910118103,0.3372794985771179,-0.1099657490849495,0.45471811294555664,0.41556650400161743,-0.12460841238498688,0.40446099638938904,0.3407343029975891,-0.0375843420624733,0.4206511378288269,0.19681167602539062,-0.08644228428602219,0.41199034452438354,0.3192315995693207,-0.10851219296455383,0.410160094499588,0.40058958530426025,-0.11390510201454163,0.34835559129714966,0.3456951975822449,-0.046802058815956116,0.3475247025489807,0.19223420321941376,-0.08371633291244507,0.3563905954360962,0.3045617341995239,-0.08200567215681076,0.3625451922416687,0.3939325511455536,-0.07225365191698074,0.2902563214302063,0.3804377615451813,-0.05886443704366684,0.2955308258533478,0.27563196420669556,-0.07735452800989151,0.3133116066455841,0.3436209559440613,-0.06654544919729233,0.3255424499511719,0.41713792085647583,-0.05467750132083893
E,0.3829679489135742,0.6327016949653625,-4.782869496011699e-07,0.45867255330085754,0.5926414728164673,-0.03125469759106636,0.5066418051719666,0.5217583775520325,-0.053766898810863495,0.45291364192962646,0.46545714139938354,-0.07762277871370316,0.37906935811042786,0.44656434655189514,-0.09849822521209717,0.485970675945282,0.35479599237442017,-0.03189372643828392,0.5020827054977417,0.24814850091934204,-0.07391449064016342,0.48745104670524597,0.34727945923805237,-0.10183554142713547,0.47356152534484863,0.4182790219783783,-0.1155831590294838,0.4282309114933014,0.3409388065338135,-0.0362238772213459,0.4427776336669922,0.21545802056789398,-0.07918880879878998,0.4370347559452057,0.330579936504364,-0.09890643507242203,0.43257808685302734,0.405453085899353,-0.10446104407310486,0.3761897385120392,0.34687501192092896,-0.04453994706273079,0.37631815671920776,0.20966053009033203,-0.07619402557611465,0.38639599084854126,0.3159080743789673,-0.07291638106107712,0.38872358202934265,0.39818933606147766,-0.06380656361579895,0.3200775682926178,0.3799296021461487,-0.05540063604712486,0.32770586013793945,0.28336864709854126,-0.0709703266620636,0.34653598070144653,0.3465549051761627,-0.05934033915400505,0.35596349835395813,0.41372811794281006,-0.04762313514947891
E,0.39593517780303955,0.641462504863739,-4.5946774207550334e-07,0.4717678725719452,0.6052407026290894,-0.03304486721754074,0.5216166377067566,0.5399342775344849,-0.05784143880009651,0.4775516986846924,0.48736679553985596,-0.0841117724776268,0.40733519196510315,0.4638184905052185,-0.10739202797412872,0.5004429817199707,0.3642725348472595,-0.03174901008605957,0.5160119533538818,0.26927265524864197,-0.07590881735086441,0.5022595524787903,0.3689749538898468,-0.10641689598560333,0.49062299728393555,0.4412893056869507,-0.12196801602840424,0.4409005045890808,0.3511927127838135,-0.036888424307107925,0.4567042589187622,0.23349060118198395,-0.08165720850229263,0.4513467252254486,0.3504337668418884,-0.10299690067768097,0.44821539521217346,0.4264104962348938,-0.10958889871835709,0.3865959346294403,0.3577031195163727,-0.04649882763624191,0.3882114887237549,0.2254442274570465,-0.08237109333276749,0.3998982906341553,0.3357257544994354,-0.08039118349552155,0.4033290147781372,0.4200407564640045,-0.0717838928103447,0.3298535645008087,0.39349523186683655,-0.0587511882185936,0.34129393100738525,0.3049252927303314,-0.08007629960775375,0.360998272895813,0.3766082227230072,-0.07014714926481247,0.37043753266334534,0.44606658816337585,-0.058866631239652634
E,0.41769251227378845,0.6423922777175903,-4.1462001831860107e-07,0.4941372275352478,0.6037084460258484,-0.03309577703475952,0.5435000658035278,0.5370424389839172,-0.057927023619413376,0.4918876886367798,0.4849107265472412,-0.0839138850569725,0.4165712296962738,0.46940481662750244,-0.10715696215629578,0.520304799079895,0.3628009259700775,-0.03437773510813713,0.5379980802536011,0.2686219811439514,-0.07906658947467804,0.5314000844955444,0.3676438629627228,-0.11128418147563934,0.5209757089614868,0.43704918026924133,-0.12816239893436432,0.46226054430007935,0.34990909695625305,-0.03843039274215698,0.47898897528648376,0.2314581722021103,-0.0816270038485527,0.47989940643310547,0.34850725531578064,-0.10405432432889938,0.4759654700756073,0.4240553379058838,-0.11258116364479065,0.4094454348087311,0.3578040599822998,-0.04642229154706001,0.4096289277076721,0.2228764295578003,-0.07852140814065933,0.4265451729297638,0.33152154088020325,-0.07659201323986053,0.43057700991630554,0.41571640968322754,-0.06941419094800949,0.35257452726364136,0.39271682500839233,-0.05717509239912033,0.3633888363838196,0.30195513367652893,-0.07448834180831909,0.386072039604187,0.3676748275756836,-0.06412359327077866,0.3958924412727356,0.4341934621334076,-0.05375088006258011
E,0.4340626299381256,0.6324360370635986,-4.5002121851211996e-07,0.5135533809661865,0.592341959476471,-0.031416572630405426,0.5645411014556885,0.5318698287010193,-0.05599750205874443,0.5154147148132324,0.47400182485580444,-0.08170773833990097,0.44169509410858154,0.4527358412742615,-0.10479842126369476,0.5449922680854797,0.35830041766166687,-0.03446251526474953,0.5652405023574829,0.26677560806274414,-0.0815657377243042,0.5563609600067139,0.36418983340263367,-0.11567389965057373,0.5439109206199646,0.43488064408302307,-0.1332814246416092,0.48580893874168396,0.34435826539993286,-0.03946492820978165,0.5049808621406555,0.22778667509555817,-0.08459290117025375,0.5039798021316528,0.34460464119911194,-0.10762802511453629,0.4998166859149933,0.41916510462760925,-0.1164340153336525,0.43209099769592285,0.34998196363449097,-0.048412565141916275,0.4347861409187317,0.2191140353679657,-0.0810406357049942,0.4499223530292511,0.3281962275505066,-0.07836688309907913,0.4534119963645935,0.41098499298095703,-0.07079175114631653,0.3739226460456848,0.38558757305145264,-0.060033418238162994,0.38686421513557434,0.294578492641449,-0.07552582025527954,0.40817058086395264,0.3586502969264984,-0.06286390125751495,0.417133629322052,0.42436683177948,-0.051122378557920456
E,0.4408782124519348,0.6422327756881714,-4.520669563135016e-07,0.5233883857727051,0.6074535846710205,-0.03463023900985718,0.5808323621749878,0.5474936962127686,-0.0603635273873806,0.5336768627166748,0.48324933648109436,-0.08644149452447891,0.4539176821708679,0.45942360162734985,-0.10962380468845367,0.5616834759712219,0.359870970249176,-0.03508944436907768,0.5852161645889282,0.2714436650276184,-0.0836283415555954,0.5750095844268799,0.37413790822029114,-0.1195417195558548,0.5618124008178711,0.44712114334106445,-0.1386551558971405,0.500442624092102,0.3408021628856659,-0.03882952407002449,0.5208139419555664,0.2242184579372406,-0.08652593940496445,0.5179628133773804,0.34861743450164795,-0.11159291863441467,0.5141355991363525,0.4265250563621521,-0.12125789374113083,0.4440844655036926,0.34662026166915894,-0.046570371836423874,0.44874027371406555,0.21906328201293945,-0.0825074091553688,0.46271198987960815,0.3366035223007202,-0.08093980699777603,0.46724164485931396,0.42315641045570374,-0.0735730230808258,0.38301414251327515,0.3857983350753784,-0.057009220123291016,0.3984888195991516,0.3031289875507355,-0.07654056698083878,0.4202720820903778,0.37542861700057983,-0.06562056392431259,0.43142443895339966,0.443042129278183,-0.05445229634642601
E,0.4448226988315582,0.6401728391647339,-4.1053948507396854e-07,0.5272930860519409,0.6069109439849854,-0.04021014645695686,0.5800942778587341,0.5414319038391113,-0.0682573989033699,0.5253433585166931,0.4813842177391052,-0.09612125903367996,0.44436389207839966,0.458132266998291,-0.12137145549058914,0.5647360682487488,0.3540230691432953,-0.036777347326278687,0.5876584053039551,0.27153658866882324,-0.08725516498088837,0.5759022235870361,0.37278053164482117,-0.12440367043018341,0.5628420114517212,0.44719192385673523,-0.14397376775741577,0.5017805695533752,0.33619144558906555,-0.03913581743836403,0.5233823657035828,0.22611042857170105,-0.0897386446595192,0.5206814408302307,0.34938400983810425,-0.11689389497041702,0.5173908472061157,0.4302533268928528,-0.12666405737400055,0.4444749057292938,0.34235680103302,-0.04648236930370331,0.44895410537719727,0.21860508620738983,-0.08657044917345047,0.46480822563171387,0.3371921181678772,-0.08883044123649597,0.47070300579071045,0.42500054836273193,-0.08274269104003906,0.38283729553222656,0.3816056251525879,-0.05694374069571495,0.3976622521877289,0.3047681450843811,-0.0818869024515152,0.420955091714859,0.38072890043258667,-0.0751032680273056,0.4329325556755066,0.4495270252227783,-0.06572864204645157
E,0.45491743087768555,0.6236134767532349,-3.5679582310876867e-07,0.5352951884269714,0.5936193466186523,-0.039824921637773514,0.5872740745544434,0.5292633175849915,-0.06960439682006836,0.5318207144737244,0.47315505146980286,-0.09943526983261108,0.4519301652908325,0.4503389596939087,-0.12643244862556458,0.569665253162384,0.34241294860839844,-0.0427473783493042,0.5946678519248962,0.2556438446044922,-0.09510970115661621,0.5835043787956238,0.35757020115852356,-0.13124701380729675,0.5694717764854431,0.4337291121482849,-0.14912347495555878,0.5074028372764587,0.32759806513786316,-0.04597634822130203,0.5312808156013489,0.21331264078617096,-0.09741473197937012,0.5292659997940063,0.3350379168987274,-0.12270864844322205,0.5251413583755493,0.4178009331226349,-0.13084858655929565,0.45069777965545654,0.3339011073112488,-0.05415768176317215,0.4566841125488281,0.20547372102737427,-0.09482786804437637,0.4731529951095581,0.3233746290206909,-0.09588629007339478,0.47896313667297363,0.41252297163009644,-0.08861677348613739,0.39009830355644226,0.3694573938846588,-0.06538068503141403,0.4065726399421692,0.2908366322517395,-0.09007471054792404,0.43034160137176514,0.36591434478759766,-0.08277692645788193,0.4418971836566925,0.4354376494884491,-0.0729152113199234
E,0.46131113171577454,0.6195955276489258,-4.307330243591423e-07,0.5439296960830688,0.5806617736816406,-0.0256587415933609,0.6005635261535645,0.5249772071838379,-0.049163807183504105,0.5650217533111572,0.4640997052192688,-0.07459631562232971,0.4938705861568451,0.4369920790195465,-0.09681783616542816,0.5819859504699707,0.3447032570838928,-0.029541052877902985,0.6109927892684937,0.25567197799682617,-0.07711359858512878,0.6045213341712952,0.35150349140167236,-0.11186056584119797,0.5914503335952759,0.4231935739517212,-0.12985548377037048,0.5243281722068787,0.3287036120891571,-0.037870004773139954,0.55173259973526,0.21038079261779785,-0.08326872438192368,0.5517449975013733,0.3286956548690796,-0.10617932677268982,0.5457370281219482,0.4062797427177429,-0.11489341408014297,0.46953582763671875,0.3327816128730774,-0.04984202980995178,0.4790950417518616,0.2016088217496872,-0.08378837257623672,0.4957010746002197,0.3122614920139313,-0.08104464411735535,0.49990206956863403,0.39937740564346313,-0.07318489253520966,0.41206905245780945,0.3688538670539856,-0.0639621913433075,0.4300447106361389,0.2825554311275482,-0.08130054175853729,0.45408663153648376,0.34920281171798706,-0.06929408013820648,0.4646924138069153,0.4161074459552765,-0.057604365050792694
E,0.46570733189582825,0.6190472841262817,-4.1064916445066046e-07,0.5502517819404602,0.5759561061859131,-0.018354706466197968,0.6033454537391663,0.5190634727478027,-0.0369345061480999,0.5762432813644409,0.47108256816864014,-0.0589289553463459,0.5125455856323242,0.45587602257728577,-0.07802990078926086,0.5838122367858887,0.35465240478515625,-0.02313021570444107,0.6174753308296204,0.2688277065753937,-0.06809006631374359,0.6087859869003296,0.3630949556827545,-0.10084367543458939,0.5949123501777649,0.43255653977394104,-0.11759566515684128,0.5297576189041138,0.34190014004707336,-0.034866031259298325,0.5629050135612488,0.22660596668720245,-0.07782449573278427,0.5615187883377075,0.34161511063575745,-0.10010769218206406,0.5544098615646362,0.41692012548446655,-0.10859827697277069,0.4781249463558197,0.34579285979270935,-0.04993356764316559,0.4934426546096802,0.21553613245487213,-0.0812908187508583,0.5098552703857422,0.3223196268081665,-0.08081698417663574,0.5128868222236633,0.40617257356643677,-0.07455320656299591,0.42559805512428284,0.3800445795059204,-0.06672585755586624,0.44784417748451233,0.2921384871006012,-0.08066021651029587,0.4722124934196472,0.35534778237342834,-0.06923196464776993,0.48035943508148193,0.42028796672821045,-0.05858786031603813
E,0.4648910462856293,0.6498987674713135,-4.874164005741477e-07,0.5551274418830872,0.6076289415359497,-0.02150949276983738,0.6137850880622864,0.5500587821006775,-0.04422764107584953,0.5902825593948364,0.49766671657562256,-0.07016733288764954,0.5207216739654541,0.4768460988998413,-0.09205920249223709,0.6020440459251404,0.3533930778503418,-0.02369983121752739,0.6338386535644531,0.2698482275009155,-0.0739983543753624,0.6284397840499878,0.3759705126285553,-0.11133138835430145,0.6157405376434326,0.45340484380722046,-0.131026491522789,0.5392698645591736,0.3372806906700134,-0.0355374701321125,0.5697846412658691,0.22117353975772858,-0.08429204672574997,0.5714897513389587,0.3562133312225342,-0.10915843397378922,0.5663709044456482,0.4388299882411957,-0.11887584626674652,0.47748643159866333,0.3433290719985962,-0.05107641592621803,0.4907679557800293,0.21323305368423462,-0.08804576098918915,0.5105913877487183,0.3389682173728943,-0.0850963145494461,0.5183053016662598,0.4334925413131714,-0.07679808884859085,0.41692879796028137,0.38797318935394287,-0.06846872717142105,0.4378482699394226,0.30397146940231323,-0.08758361637592316,0.4654574394226074,0.38112857937812805,-0.07489190250635147,0.4795979857444763,0.4525391459465027,-0.0625009536743164
E,0.4716053009033203,0.6537248492240906,-3.8848097005939053e-07,0.5620094537734985,0.6181674003601074,-0.02756538800895214,0.6230780482292175,0.5557101368904114,-0.05289960652589798,0.5924189686775208,0.508445143699646,-0.08101339638233185,0.5213847160339355,0.4870508313179016,-0.10503680258989334,0.6075446605682373,0.3527817726135254,-0.02774127945303917,0.6423894762992859,0.2763170599937439,-0.08119115978479385,0.6357570886611938,0.3870994746685028,-0.11963725090026855,0.6228308081626892,0.46731218695640564,-0.1394038051366806,0.5423393845558167,0.3385932147502899,-0.038677752017974854,0.5769051909446716,0.2277887761592865,-0.0914757177233696,0.5789273381233215,0.36549147963523865,-0.11865094304084778,0.5738863945007324,0.45466935634613037,-0.12846404314041138,0.4800148606300354,0.34575968980789185,-0.054329290986061096,0.4965406358242035,0.21881568431854248,-0.09619595110416412,0.5177393555641174,0.3496866226196289,-0.09758365899324417,0.5253714323043823,0.4468051493167877,-0.09058983623981476,0.41833430528640747,0.38781583309173584,-0.0722217932343483,0.44420379400253296,0.31270506978034973,-0.09632176905870438,0.4728700518608093,0.39458733797073364,-0.08801160752773285,0.4866424798965454,0.46746087074279785,-0.07769317179918289
E,0.46500951051712036,0.630454957485199,-2.98475754334504e-07,0.540315568447113,0.6036725044250488,-0.02344183251261711,0.5940174460411072,0.5474631786346436,-0.046185869723558426,0.5745155215263367,0.5027625560760498,-0.07155811041593552,0.5202083587646484,0.4744775593280792,-0.09359875321388245,0.5822501182556152,0.3804660737514496,-0.028704263269901276,0.6185135245323181,0.31147095561027527,-0.0752125009894371,0.61469566822052,0.4013824164867401,-0.1064210757613182,0.603346049785614,0.46994489431381226,-0.12113786488771439,0.5310539603233337,0.36720821261405945,-0.03904161602258682,0.5687836408615112,0.2701704204082489,-0.08497944474220276,0.5723645687103271,0.37968307733535767,-0.10497979819774628,0.5671283006668091,0.45812252163887024,-0.1096004843711853,0.48141151666641235,0.36995741724967957,-0.05367404595017433,0.5031071305274963,0.2528492212295532,-0.09105599671602249,0.5224765539169312,0.35801783204078674,-0.09169001877307892,0.5271440148353577,0.43950843811035156,-0.08392176777124405,0.4290619194507599,0.3994353711605072,-0.07026312500238419,0.459133505821228,0.3319908380508423,-0.09484167397022247,0.4842589497566223,0.40096449851989746,-0.08995161950588226,0.49352097511291504,0.464409738779068,-0.08123572915792465
E,0.46713507175445557,0.6312174201011658,-2.502521283531678e-07,0.538259744644165,0.6058531999588013,-0.023018650710582733,0.5923264026641846,0.5543562173843384,-0.046844664961099625,0.5756798386573792,0.5167818069458008,-0.07382525503635406,0.5212650299072266,0.4994443953037262,-0.09750087559223175,0.5835908055305481,0.3853936493396759,-0.03027455322444439,0.6206306219100952,0.31473204493522644,-0.07719509303569794,0.6180047392845154,0.40454214811325073,-0.10739682614803314,0.6068878769874573,0.4743407666683197,-0.12084299325942993,0.5330974459648132,0.373069703578949,-0.04140443354845047,0.569669783115387,0.27728867530822754,-0.08698026090860367,0.5745678544044495,0.3854024112224579,-0.10550162941217422,0.5699101090431213,0.4642598628997803,-0.10896594077348709,0.48328736424446106,0.37638920545578003,-0.0569160096347332,0.5041531920433044,0.2592756450176239,-0.0941440686583519,0.5242626667022705,0.36277493834495544,-0.09415832161903381,0.5288940668106079,0.44430530071258545,-0.08566766232252121,0.430144339799881,0.40449854731559753,-0.07449999451637268,0.458685040473938,0.33535733819007874,-0.09937158972024918,0.48597538471221924,0.40314748883247375,-0.09453221410512924,0.4963657259941101,0.4679858982563019,-0.08544158935546875
E,0.47032397985458374,0.6287144422531128,-2.723834882090159e-07,0.547762393951416,0.6029936075210571,-0.024034900590777397,0.6029284000396729,0.551139235496521,-0.047513071447610855,0.5854370594024658,0.5108088850975037,-0.07349100708961487,0.5286939740180969,0.48826539516448975,-0.09579814970493317,0.589993417263031,0.3766199052333832,-0.02992877922952175,0.6279096007347107,0.31101468205451965,-0.07769620418548584,0.6254661083221436,0.4051769971847534,-0.1097271740436554,0.6145159006118774,0.476036936044693,-0.12480975687503815,0.537926197052002,0.3641127943992615,-0.040582288056612015,0.5759555697441101,0.27258023619651794,-0.0873880460858345,0.5809369683265686,0.3861485421657562,-0.10836456716060638,0.5767087340354919,0.46560966968536377,-0.11385316401720047,0.48680880665779114,0.36775732040405273,-0.055565837770700455,0.5100561380386353,0.2555187940597534,-0.09381704777479172,0.5307880640029907,0.36391618847846985,-0.09477224200963974,0.5364706516265869,0.4462882876396179,-0.08723963052034378,0.4336381256580353,0.398933470249176,-0.07256456464529037,0.4657834470272064,0.3348153233528137,-0.09775003045797348,0.49247053265571594,0.40553584694862366,-0.09269623458385468,0.5024072527885437,0.4696182310581207,-0.08378476649522781
E,0.4704102575778961,0.6345908045768738,-2.7978180128229724e-07,0.5439157485961914,0.6098465919494629,-0.024783462285995483,0.598675012588501,0.5602005124092102,-0.049320150166749954,0.5810549259185791,0.5212992429733276,-0.07632910460233688,0.5269297957420349,0.49489855766296387,-0.09960763156414032,0.5878884196281433,0.382892906665802,-0.03241695463657379,0.6226429343223572,0.3180718421936035,-0.08103149384260178,0.6198541522026062,0.4111112654209137,-0.11243333667516708,0.6086553335189819,0.4819202423095703,-0.12675870954990387,0.5352615118026733,0.3704005181789398,-0.04273959621787071,0.5708621740341187,0.2778776288032532,-0.09099943935871124,0.5744919180870056,0.391099750995636,-0.11095535010099411,0.5688724517822266,0.4719257950782776,-0.1151375025510788,0.48440009355545044,0.37460824847221375,-0.05744142457842827,0.5054481625556946,0.2633245587348938,-0.09660569578409195,0.5246478915214539,0.37189391255378723,-0.09612450748682022,0.5296494960784912,0.45441269874572754,-0.08710465580224991,0.43133142590522766,0.40562427043914795,-0.07426556944847107,0.460568904876709,0.3418191075325012,-0.100004643201828,0.48560160398483276,0.41216886043548584,-0.09459657967090607,0.49518245458602905,0.47559770941734314,-0.08502843230962753
E,0.4618794322013855,0.6372223496437073,-3.9532963569399726e-07,0.5456968545913696,0.6059811115264893,-0.017903488129377365,0.6017617583274841,0.5568100810050964,-0.03571755066514015,0.5862179398536682,0.51058030128479,-0.05595635622739792,0.5288324356079102,0.48986777663230896,-0.07257117331027985,0.5860180258750916,0.386403888463974,-0.023370109498500824,0.6195899248123169,0.32246917486190796,-0.06714770942926407,0.6170517802238464,0.41587579250335693,-0.09675414860248566,0.6059854626655579,0.48519617319107056,-0.11116210371255875,0.5348659157752991,0.3714982569217682,-0.03505749627947807,0.5696437358856201,0.2809029221534729,-0.07893523573875427,0.573459267616272,0.39491528272628784,-0.09873027354478836,0.5686759948730469,0.47112104296684265,-0.10444976389408112,0.4831507205963135,0.3738624155521393,-0.050133902579545975,0.5024144649505615,0.2639574408531189,-0.08529948443174362,0.5219376683235168,0.37214869260787964,-0.08382523059844971,0.5285030603408813,0.4529842436313629,-0.07584655284881592,0.429594486951828,0.4102034270763397,-0.06663407385349274,0.45728737115859985,0.34160056710243225,-0.08847329765558243,0.48250699043273926,0.4111696779727936,-0.0801650658249855,0.49299493432044983,0.4735250771045685,-0.06979736685752869
E,0.4550301730632782,0.549129843711853,-3.4605371013185504e-08,0.4956335723400116,0.5494128465652466,-0.036763809621334076,0.5371475219726562,0.5336865186691284,-0.06920145452022552,0.5461801886558533,0.5295634269714355,-0.0992351695895195,0.5265488624572754,0.5314061045646667,-0.12552237510681152,0.5420582294464111,0.35444119572639465,-0.04370066151022911,0.5626627802848816,0.3609274625778198,-0.08971788734197617,0.5581185817718506,0.44117602705955505,-0.11785952746868134,0.5486857891082764,0.4994128346443176,-0.13057094812393188,0.49434688687324524,0.34113723039627075,-0.045238349586725235,0.5176595449447632,0.3458481729030609,-0.09218177944421768,0.5239124298095703,0.4401302933692932,-0.10620468109846115,0.5227254033088684,0.5008982419967651,-0.10638211667537689,0.4462715983390808,0.3530048131942749,-0.0519651360809803,0.4690127372741699,0.342347651720047,-0.09625326097011566,0.4838573932647705,0.4338637888431549,-0.09429744631052017,0.4885314106941223,0.4925194978713989,-0.0824495330452919,0.4045514762401581,0.38637542724609375,-0.06147915869951248,0.4328368008136749,0.3971833288669586,-0.09618618339300156,0.454165518283844,0.46341457962989807,-0.09586476534605026,0.4647027850151062,0.5049451589584351,-0.08687859028577805
E,0.4917581081390381,0.6025885939598083,-1.4125218683602725e-07,0.5421149730682373,0.5939357280731201,-0.02119058556854725,0.5889129638671875,0.5646449327468872,-0.04122648388147354,0.5847076177597046,0.5362984538078308,-0.06239251419901848,0.5513575673103333,0.5121805667877197,-0.08046611398458481,0.5800176858901978,0.4270164370536804,-0.024429941549897194,0.6082780361175537,0.3837546706199646,-0.059789884835481644,0.6057658791542053,0.44822630286216736,-0.08173476904630661,0.5947281122207642,0.4985962212085724,-0.09071587026119232,0.5442816019058228,0.4172346889972687,-0.03009735606610775,0.5720465779304504,0.3578232526779175,-0.06458435952663422,0.5749436616897583,0.4343003034591675,-0.07837048172950745,0.5686998963356018,0.49126988649368286,-0.0804998055100441,0.5067927837371826,0.4182131290435791,-0.039472345262765884,0.526400625705719,0.3472941815853119,-0.07017204910516739,0.5410740971565247,0.4224250614643097,-0.0714040994644165,0.5429990291595459,0.48144516348838806,-0.06493481248617172,0.46729177236557007,0.4347488284111023,-0.050500549376010895,0.4919033944606781,0.3980247974395752,-0.07370342314243317,0.5133614540100098,0.45006269216537476,-0.07339087128639221,0.5218548774719238,0.4954449534416199,-0.06776323914527893
E,0.49102699756622314,0.5999728441238403,-1.5688991084061854e-07,0.5421884655952454,0.5907729268074036,-0.02008155547082424,0.5871515274047852,0.56319260597229,-0.03961466625332832,0.5861707925796509,0.5345792174339294,-0.060599178075790405,0.5535827279090881,0.5116996765136719,-0.07861185073852539,0.581361711025238,0.4256535470485687,-0.02360524795949459,0.6086905598640442,0.38304537534713745,-0.05821666866540909,0.605860710144043,0.44727587699890137,-0.08006533980369568,0.5951154828071594,0.49726876616477966,-0.08932017534971237,0.5458489060401917,0.4151976406574249,-0.029855167493224144,0.5735060572624207,0.35665997862815857,-0.06340692192316055,0.5750248432159424,0.43391621112823486,-0.07715950161218643,0.568814218044281,0.4898430407047272,-0.07966263592243195,0.5090696811676025,0.4163505434989929,-0.03958984836935997,0.5281306505203247,0.3462912142276764,-0.0683368369936943,0.5416064858436584,0.4209359586238861,-0.06920628249645233,0.5433188676834106,0.479342520236969,-0.06312886625528336,0.47008001804351807,0.43400025367736816,-0.05101047456264496,0.49340346455574036,0.3960148096084595,-0.0719057247042656,0.5139324069023132,0.4459521770477295,-0.07067950814962387,0.5224154591560364,0.49063432216644287,-0.06494996696710587
E,0.4925556778907776,0.6028876304626465,-1.63623624871434e-07,0.5408531427383423,0.5972163677215576,-0.021544236689805984,0.587232768535614,0.5710583329200745,-0.042467620223760605,0.5840510129928589,0.5446938276290894,-0.06462548673152924,0.5489543676376343,0.5199520587921143,-0.08374042809009552,0.5811054706573486,0.42869794368743896,-0.023093372583389282,0.6109194755554199,0.39157477021217346,-0.05998539179563522,0.606103777885437,0.45774009823799133,-0.08355531096458435,0.5935342907905579,0.5070891976356506,-0.09333288669586182,0.5453667044639587,0.4171622693538666,-0.02892417460680008,0.5741406679153442,0.3612731099128723,-0.06444371491670609,0.5749454498291016,0.4390234649181366,-0.07855768501758575,0.567658543586731,0.49645715951919556,-0.08031369000673294,0.5082083940505981,0.4176958203315735,-0.03871573880314827,0.5286138653755188,0.3515436053276062,-0.07049939036369324,0.5423036217689514,0.4279804229736328,-0.07158749550580978,0.5438408851623535,0.486621230840683,-0.06441093981266022,0.4695203900337219,0.43472370505332947,-0.050188712775707245,0.49416205286979675,0.4017316401004791,-0.07417682558298111,0.5156426429748535,0.45503053069114685,-0.07381895929574966,0.5247679352760315,0.5002412796020508,-0.06763943284749985
E,0.492247074842453,0.6168415546417236,-7.840426974325965e-08,0.535235583782196,0.6164965629577637,-0.019540313631296158,0.5762583017349243,0.6026303172111511,-0.039419274777173996,0.5835482478141785,0.5846253633499146,-0.06062735989689827,0.5620256066322327,0.5606417059898376,-0.07890506833791733,0.5831429362297058,0.4734305441379547,-0.021479642018675804,0.6127540469169617,0.4472416937351227,-0.055612362921237946,0.6070606112480164,0.5058461427688599,-0.07635106146335602,0.5941559076309204,0.5508059859275818,-0.08428195863962173,0.5523732900619507,0.4598776400089264,-0.026693196967244148,0.5815896987915039,0.4211362600326538,-0.06017114222049713,0.5802451372146606,0.49113714694976807,-0.07201522588729858,0.572030782699585,0.5413041114807129,-0.07260110974311829,0.5187951326370239,0.45721232891082764,-0.03575173765420914,0.543501079082489,0.4077818989753723,-0.06588573008775711,0.5513683557510376,0.47653087973594666,-0.06659315526485443,0.5489338636398315,0.5277830362319946,-0.05944490432739258,0.4824811816215515,0.4693485498428345,-0.04636836424469948,0.5082256197929382,0.44918569922447205,-0.06931452453136444,0.5256350040435791,0.4991622865200043,-0.06977645307779312,0.5321789979934692,0.540596067905426,-0.06426259875297546
E,0.4976039528846741,0.614811897277832,-1.1629326479578594e-07,0.5406738519668579,0.613369882106781,-0.015432937070727348,0.582228422164917,0.5968358516693115,-0.03214503452181816,0.5854698419570923,0.5745135545730591,-0.05056201294064522,0.5617856383323669,0.548405647277832,-0.06651901453733444,0.5863717794418335,0.4750555157661438,-0.01783357933163643,0.614047110080719,0.44402778148651123,-0.0493718683719635,0.6092296242713928,0.5016692876815796,-0.06945912539958954,0.5969186425209045,0.5445690751075745,-0.07731828093528748,0.5562497973442078,0.4616810083389282,-0.023841843008995056,0.5835094451904297,0.41787469387054443,-0.053176041692495346,0.5832617878913879,0.48409345746040344,-0.0642419084906578,0.5741968750953674,0.532677948474884,-0.06535305827856064,0.5227558016777039,0.45814383029937744,-0.033123236149549484,0.5458495020866394,0.40394341945648193,-0.05935029685497284,0.5537869930267334,0.4708483815193176,-0.05915578082203865,0.551044225692749,0.5207985639572144,-0.052442874759435654,0.48621702194213867,0.4684206247329712,-0.04363550990819931,0.5101584196090698,0.4431599974632263,-0.0634610503911972,0.5268383622169495,0.49177974462509155,-0.06231129169464111,0.5326085686683655,0.5326629877090454,-0.05631702393293381
E,0.4988706409931183,0.613284170627594,-1.0510787262774102e-07,0.5408937931060791,0.6122185587882996,-0.018720947206020355,0.5812774896621704,0.5970958471298218,-0.037589870393276215,0.5854915976524353,0.5756619572639465,-0.05771861970424652,0.56150221824646,0.5487813353538513,-0.07496171444654465,0.5893418788909912,0.4691581428050995,-0.02023002691566944,0.6162110567092896,0.4413973093032837,-0.05257796496152878,0.6102150678634644,0.500424861907959,-0.07218224555253983,0.5971118211746216,0.5442360639572144,-0.07950717955827713,0.558990478515625,0.4561387300491333,-0.02498234249651432,0.5857868194580078,0.41843217611312866,-0.05608831346035004,0.5830587148666382,0.48832494020462036,-0.06692048162221909,0.5735679864883423,0.5358231663703918,-0.06734039634466171,0.5253639817237854,0.45311230421066284,-0.03334752470254898,0.5488079190254211,0.404244601726532,-0.06100782752037048,0.5554863214492798,0.4735548198223114,-0.06017119437456131,0.5519790053367615,0.5235000848770142,-0.05256403982639313,0.48851117491722107,0.46408283710479736,-0.04326855018734932,0.5131862759590149,0.4408275783061981,-0.06414251029491425,0.5290835499763489,0.490157812833786,-0.06301649659872055,0.5342035889625549,0.5304669737815857,-0.056653108447790146
E,0.49909836053848267,0.6125928163528442,-1.0873856126636383e-07,0.5420809388160706,0.6129275560379028,-0.01746232621371746,0.5836359262466431,0.5959373116493225,-0.03489504009485245,0.5808472037315369,0.5702379941940308,-0.05352746322751045,0.5536165833473206,0.5420748591423035,-0.06964343786239624,0.5883093476295471,0.47275739908218384,-0.01876073330640793,0.6152316331863403,0.4443102777004242,-0.050598498433828354,0.6096189022064209,0.5011005997657776,-0.07065321505069733,0.5970438122749329,0.5444724559783936,-0.0785391554236412,0.5586704611778259,0.4588489830493927,-0.023668592795729637,0.5857141613960266,0.42060917615890503,-0.053979646414518356,0.5832470059394836,0.4873669743537903,-0.06535214930772781,0.5739350318908691,0.5355181097984314,-0.06652156263589859,0.5259070992469788,0.45510461926460266,-0.03207409009337425,0.5494586229324341,0.40474075078964233,-0.05936678498983383,0.5561051964759827,0.47236332297325134,-0.05951883643865585,0.5532099008560181,0.5228987336158752,-0.05292344093322754,0.4894820749759674,0.4650779366493225,-0.04183856025338173,0.5140973329544067,0.44349998235702515,-0.06303822249174118,0.5300443172454834,0.4925098121166229,-0.0627518892288208,0.5359346866607666,0.5328513979911804,-0.05718745291233063
E,0.49996936321258545,0.6159304976463318,-1.231008326385563e-07,0.5422783493995667,0.615378737449646,-0.016263626515865326,0.5831817388534546,0.5943607687950134,-0.032144684344530106,0.5787209868431091,0.5674266815185547,-0.049116022884845734,0.5536872744560242,0.5390649437904358,-0.06331074982881546,0.588173508644104,0.47665223479270935,-0.019061874598264694,0.6158298850059509,0.44391971826553345,-0.04905661568045616,0.6103158593177795,0.5009511113166809,-0.06680728495121002,0.5962896347045898,0.5434625744819641,-0.07313255965709686,0.5583115220069885,0.4632563292980194,-0.024010876193642616,0.5858724117279053,0.41952210664749146,-0.052605800330638885,0.5842082500457764,0.4861183166503906,-0.06273338943719864,0.5739001035690308,0.5333590507507324,-0.0632534772157669,0.5255361795425415,0.45929980278015137,-0.03212963417172432,0.5488516092300415,0.40585315227508545,-0.05789553001523018,0.5560725331306458,0.47358736395835876,-0.05722489207983017,0.5521838068962097,0.5230169296264648,-0.05036289617419243,0.48888909816741943,0.468197762966156,-0.04146387800574303,0.5143164992332458,0.44270843267440796,-0.06120692193508148,0.5297932028770447,0.49134036898612976,-0.059782784432172775,0.5336151123046875,0.53105229139328,-0.053690582513809204
E,0.4963715076446533,0.6152269840240479,-1.2986099306999677e-07,0.5404104590415955,0.6152014136314392,-0.014599844813346863,0.5820403695106506,0.5994055271148682,-0.030528349801898003,0.5826890468597412,0.5764407515525818,-0.04814044013619423,0.5564558506011963,0.5506333708763123,-0.06335659325122833,0.5882416367530823,0.47948041558265686,-0.017641957849264145,0.6171464920043945,0.4499083459377289,-0.04857730120420456,0.6107779741287231,0.5064422488212585,-0.06781472265720367,0.5968124270439148,0.5485482811927795,-0.07526971399784088,0.5588865280151367,0.46528488397598267,-0.023965056985616684,0.5872966647148132,0.4206830561161041,-0.0534481443464756,0.5838733315467834,0.4880712926387787,-0.06465775519609451,0.5732048749923706,0.5367081761360168,-0.06581392139196396,0.526440441608429,0.46036261320114136,-0.033343154937028885,0.5501047372817993,0.4068424701690674,-0.059463586658239365,0.556168794631958,0.4749140739440918,-0.059640880674123764,0.5521997213363647,0.5253913998603821,-0.053194716572761536,0.49055489897727966,0.46865934133529663,-0.04383886605501175,0.5151165127754211,0.4435684084892273,-0.06337613612413406,0.5301362872123718,0.49261659383773804,-0.062276773154735565,0.5344506502151489,0.533264696598053,-0.05645747110247612
E,0.5010951161384583,0.5666881203651428,-1.0031656216824558e-07,0.5530945062637329,0.5632468461990356,-0.028534524142742157,0.6003485321998596,0.546766996383667,-0.05641413852572441,0.6090449094772339,0.5359377264976501,-0.08483735471963882,0.5863466858863831,0.5265929102897644,-0.1097727119922638,0.6075279712677002,0.3755011558532715,-0.03265749290585518,0.6377400159835815,0.3569522798061371,-0.0773361325263977,0.6324940919876099,0.4335740804672241,-0.10738980770111084,0.6214912533760071,0.48988473415374756,-0.12143034487962723,0.5633105635643005,0.35999566316604614,-0.038624152541160583,0.5946212410926819,0.3251081705093384,-0.08237021416425705,0.597429096698761,0.41767382621765137,-0.09949494153261185,0.5944539904594421,0.4794064164161682,-0.10246837884187698,0.5195002555847168,0.3626534938812256,-0.04932347312569618,0.5464597344398499,0.31594133377075195,-0.08791793137788773,0.5608258843421936,0.4055773615837097,-0.08918038010597229,0.5650483965873718,0.46842753887176514,-0.08090820163488388,0.47661834955215454,0.3878612816333771,-0.06236894056200981,0.5059735774993896,0.3712131977081299,-0.09089643508195877,0.5274351835250854,0.4334760308265686,-0.09043288230895996,0.5385598540306091,0.48093605041503906,-0.08314543217420578
E,0.5080287456512451,0.5710591673851013,-8.187755895505688e-08,0.5580021142959595,0.5685955882072449,-0.03068305179476738,0.6072562336921692,0.5513277053833008,-0.05957554280757904,0.616590678691864,0.5421223640441895,-0.08874151110649109,0.5924814343452454,0.5347868800163269,-0.114243283867836,0.615264356136322,0.37593597173690796,-0.032218027859926224,0.6438384652137756,0.3612809181213379,-0.07948293536901474,0.637647271156311,0.4401450455188751,-0.11090408265590668,0.6269234418869019,0.49842628836631775,-0.12511886656284332,0.5700154304504395,0.35969510674476624,-0.03746189922094345,0.6004300713539124,0.33135631680488586,-0.08433032035827637,0.6020180583000183,0.42509526014328003,-0.10198454558849335,0.5986369848251343,0.4889327585697174,-0.10403398424386978,0.5242565870285034,0.36220061779022217,-0.04807537421584129,0.551585853099823,0.32100027799606323,-0.0906023383140564,0.5647914409637451,0.4136197865009308,-0.09231150150299072,0.5691439509391785,0.47788095474243164,-0.08275411278009415,0.4800572991371155,0.38745054602622986,-0.06115061417222023,0.510393500328064,0.37732475996017456,-0.09327083826065063,0.532123863697052,0.44353368878364563,-0.09405801445245743,0.5443132519721985,0.4911705553531647,-0.0863463282585144
E,0.5063437819480896,0.5713130831718445,-1.0197565103453599e-07,0.5562276244163513,0.5681322813034058,-0.028230316936969757,0.6055277585983276,0.5492703914642334,-0.05560074374079704,0.612592875957489,0.5404214859008789,-0.08341062068939209,0.5861674547195435,0.5370528697967529,-0.1079939603805542,0.6109150648117065,0.37819135189056396,-0.031454384326934814,0.639224648475647,0.36206215620040894,-0.07621968537569046,0.6323366761207581,0.4401332437992096,-0.10613143444061279,0.6194595098495483,0.49750223755836487,-0.11977948993444443,0.5650638937950134,0.36324793100357056,-0.037261005491018295,0.5936915874481201,0.3317050337791443,-0.08066524565219879,0.5958741903305054,0.42539387941360474,-0.09686555713415146,0.5910168886184692,0.48829972743988037,-0.09893562644720078,0.5192713141441345,0.3670879006385803,-0.04794861003756523,0.5442224740982056,0.322713702917099,-0.08733905106782913,0.5587288737297058,0.41513586044311523,-0.08800055086612701,0.5620800256729126,0.47867828607559204,-0.07875269651412964,0.4749889373779297,0.39314937591552734,-0.06084427610039711,0.5031024813652039,0.3774069845676422,-0.09064742177724838,0.5251092910766602,0.4431774616241455,-0.09001794457435608,0.5358627438545227,0.4911128580570221,-0.08203363418579102
E,0.4554983973503113,0.5960221290588379,-2.6055417379211576e-07,0.5200998187065125,0.5909173488616943,-0.07229544967412949,0.5741376280784607,0.5474439859390259,-0.12509764730930328,0.5496625304222107,0.5334650278091431,-0.17189368605613708,0.49195894598960876,0.5267631411552429,-0.21204274892807007,0.5583536624908447,0.29082190990448,-0.0711216852068901,0.5713470578193665,0.23698139190673828,-0.14423497021198273,0.5614334940910339,0.3666316866874695,-0.19076727330684662,0.5523143410682678,0.46510955691337585,-0.21223480999469757,0.48527583479881287,0.28387710452079773,-0.0652482658624649,0.48585245013237,0.20339389145374298,-0.14567559957504272,0.4901649057865143,0.3555740416049957,-0.17698457837104797,0.4992801547050476,0.4607343077659607,-0.1799977868795395,0.41812896728515625,0.3014567792415619,-0.06863436102867126,0.40804505348205566,0.21218544244766235,-0.14182692766189575,0.4286803901195526,0.34873947501182556,-0.14663785696029663,0.4471573531627655,0.4448442757129669,-0.13148169219493866,0.35879215598106384,0.34653204679489136,-0.07684271782636642,0.3532105088233948,0.3212650418281555,-0.13221055269241333,0.38193580508232117,0.42115893959999084,-0.13468769192695618,0.4095301628112793,0.4880819022655487,-0.12282946705818176
E,0.4481698274612427,0.5993989706039429,-2.9758734854112845e-07,0.5116769075393677,0.5928970575332642,-0.0729486271739006,0.5636153221130371,0.5489829778671265,-0.12768647074699402,0.5417492389678955,0.5406676530838013,-0.17669755220413208,0.4847145080566406,0.5445348024368286,-0.21965710818767548,0.5527907013893127,0.29590603709220886,-0.07473639398813248,0.5652807354927063,0.24103222787380219,-0.14871014654636383,0.5568820834159851,0.37008264660835266,-0.19581279158592224,0.5499745011329651,0.46821287274360657,-0.21759366989135742,0.48220282793045044,0.2898474335670471,-0.06889436393976212,0.48343580961227417,0.2128371000289917,-0.15028758347034454,0.48751357197761536,0.36786723136901855,-0.18226425349712372,0.4972080886363983,0.47412046790122986,-0.1858302652835846,0.41692572832107544,0.3067380487918854,-0.07206349819898605,0.4054538905620575,0.215053990483284,-0.14569641649723053,0.4264620840549469,0.35575568675994873,-0.15066611766815186,0.4464154839515686,0.4559139013290405,-0.1356559842824936,0.3584848642349243,0.34975358843803406,-0.08010761439800262,0.3497322201728821,0.32408174872398376,-0.13612599670886993,0.37874776124954224,0.42730551958084106,-0.13883274793624878,0.4073747396469116,0.49743014574050903,-0.1270357072353363
E,0.6225355863571167,0.5194628834724426,-4.580585653002345e-07,0.5566022992134094,0.491248220205307,-0.01721743494272232,0.5098280310630798,0.40854471921920776,-0.031069790944457054,0.5280616879463196,0.3298170566558838,-0.05061595141887665,0.5809153318405151,0.30387893319129944,-0.06749657541513443,0.5196675658226013,0.2960949242115021,-0.0006474237889051437,0.4995192587375641,0.19651758670806885,-0.03617556020617485,0.48816007375717163,0.24713177978992462,-0.06050654500722885,0.5037497282028198,0.30737486481666565,-0.07177267968654633,0.5546628832817078,0.27655550837516785,-0.010208268649876118,0.536492645740509,0.15519985556602478,-0.046147242188453674,0.5165390968322754,0.2138919234275818,-0.061724960803985596,0.5280171036720276,0.27890169620513916,-0.06263550370931625,0.5916475653648376,0.2696215808391571,-0.025673875585198402,0.5794066786766052,0.14251980185508728,-0.05294596031308174,0.5536919236183167,0.19521760940551758,-0.059246767312288284,0.5599638819694519,0.26026105880737305,-0.05517051741480827,0.6322905421257019,0.2728971838951111,-0.04405256360769272,0.6107488870620728,0.18528513610363007,-0.05773385241627693,0.5851062536239624,0.21070683002471924,-0.05848081037402153,0.5857710838317871,0.2602013647556305,-0.05477597191929817
E,0.5926772356033325,0.5110548734664917,-4.832172066926432e-07,0.5282399654388428,0.48210608959198,-0.018352767452597618,0.4795410931110382,0.40562188625335693,-0.034414004534482956,0.4959257245063782,0.32892313599586487,-0.055447135120630264,0.5540857911109924,0.305303692817688,-0.073358453810215,0.4912918508052826,0.286680668592453,-0.004410587251186371,0.4727104902267456,0.1960195153951645,-0.03937341272830963,0.4589751958847046,0.25098514556884766,-0.06340862810611725,0.4731905162334442,0.308474600315094,-0.07548245042562485,0.5262098908424377,0.26706600189208984,-0.013992766849696636,0.5109817385673523,0.15213161706924438,-0.04808348789811134,0.48812904953956604,0.212712824344635,-0.061337534338235855,0.4990759491920471,0.2753032445907593,-0.06210501492023468,0.5632945895195007,0.2623344659805298,-0.02947993017733097,0.5532312989234924,0.14292140305042267,-0.05501163750886917,0.5245596170425415,0.19574475288391113,-0.05935979261994362,0.5302488803863525,0.25689074397087097,-0.055196527391672134,0.6034025549888611,0.269561767578125,-0.04808996990323067,0.5816838145256042,0.18334615230560303,-0.059556685388088226,0.5535420179367065,0.20841503143310547,-0.058839522302150726,0.5543906688690186,0.2561463713645935,-0.05517272278666496
E,0.5492262244224548,0.5688045024871826,-4.179947552529484e-07,0.49716734886169434,0.5481003522872925,-0.014974942430853844,0.4553717076778412,0.4927572011947632,-0.029125424101948738,0.4671916663646698,0.4361325204372406,-0.047442156821489334,0.5100131630897522,0.4124208092689514,-0.06334828585386276,0.4641622006893158,0.38857126235961914,-0.006744344253093004,0.44652795791625977,0.3114752471446991,-0.03733734041452408,0.4337312579154968,0.3602086007595062,-0.05673019960522652,0.44395309686660767,0.40570446848869324,-0.06597196310758591,0.49174392223358154,0.3746717572212219,-0.015312152914702892,0.475201815366745,0.2794429659843445,-0.04681416600942612,0.4560473561286926,0.3370613157749176,-0.05705633386969566,0.46466338634490967,0.38868969678878784,-0.05614324286580086,0.5211384892463684,0.37207695841789246,-0.028796985745429993,0.5079200863838196,0.2776780426502228,-0.053779613226652145,0.48437294363975525,0.33055588603019714,-0.05628935992717743,0.4889431595802307,0.3818266689777374,-0.05081922933459282,0.5530384182929993,0.37804579734802246,-0.04459567368030548,0.5315921902656555,0.3104062080383301,-0.057123757898807526,0.5085952281951904,0.3386745750904083,-0.05619656294584274,0.5095277428627014,0.3779643476009369,-0.05199381709098816
E,0.5799574851989746,0.6170574426651001,-3.5718795743377996e-07,0.5309710502624512,0.5944803953170776,-0.00676110340282321,0.49957844614982605,0.5467901825904846,-0.015438647009432316,0.5076147317886353,0.504833459854126,-0.029738610610365868,0.5359917879104614,0.4825681447982788,-0.04253753647208214,0.5035879611968994,0.4684523642063141,0.007637604605406523,0.483970046043396,0.4064074754714966,-0.01660333015024662,0.47391626238822937,0.4415252208709717,-0.03295818716287613,0.4839167594909668,0.4773174822330475,-0.04031823202967644,0.5248245596885681,0.45570868253707886,-0.0023687337525188923,0.5055202841758728,0.37841153144836426,-0.027868565171957016,0.48993661999702454,0.425019234418869,-0.037959400564432144,0.4993910491466522,0.46719375252723694,-0.037520550191402435,0.5482238531112671,0.45068591833114624,-0.016644775867462158,0.531921923160553,0.3739941716194153,-0.0362883135676384,0.5132428407669067,0.4168941080570221,-0.038623977452516556,0.5198633670806885,0.4592326581478119,-0.033625319600105286,0.5738762617111206,0.4522280991077423,-0.032653626054525375,0.5525715351104736,0.39794236421585083,-0.040754176676273346,0.5336428284645081,0.42089056968688965,-0.038398582488298416,0.5357008576393127,0.45319533348083496,-0.03357495740056038
E,0.5613823533058167,0.4987426698207855,-3.4177455177086813e-07,0.5101413130760193,0.4833488464355469,-0.011039206758141518,0.4726959764957428,0.4234771132469177,-0.019785817712545395,0.48552101850509644,0.3669661581516266,-0.03288917988538742,0.5252872705459595,0.34367525577545166,-0.04380113258957863,0.4786100387573242,0.33919602632522583,0.004854945000261068,0.4590752422809601,0.2759466767311096,-0.0203313697129488,0.45195502042770386,0.3157634735107422,-0.03868937864899635,0.46532779932022095,0.3593345582485199,-0.04724431782960892,0.5033944249153137,0.32253897190093994,-0.0026071947067976,0.4832310378551483,0.242442324757576,-0.02805989608168602,0.4681468605995178,0.2868528962135315,-0.03988579288125038,0.4791131615638733,0.3361518979072571,-0.04034891724586487,0.5307903289794922,0.31549397110939026,-0.01453738659620285,0.5133588910102844,0.2295297384262085,-0.03452576324343681,0.49485838413238525,0.2711092233657837,-0.0388292632997036,0.5030832290649414,0.31929513812065125,-0.034776996821165085,0.5614073276519775,0.31609591841697693,-0.028573323041200638,0.5373603701591492,0.25393807888031006,-0.039513811469078064,0.5175090432167053,0.27661705017089844,-0.039531175047159195,0.5205064415931702,0.3154652714729309,-0.035526011139154434
E,0.5488246083259583,0.44542479515075684,-3.9431620280083735e-07,0.49118152260780334,0.42151445150375366,-0.016814108937978745,0.44652989506721497,0.354122519493103,-0.029739372432231903,0.44834503531455994,0.28508836030960083,-0.047524288296699524,0.4945616126060486,0.2564879357814789,-0.06199515610933304,0.462243914604187,0.2465464174747467,0.0033433001954108477,0.4454989433288574,0.16373848915100098,-0.025920724496245384,0.42854928970336914,0.203042134642601,-0.04632991924881935,0.4387177526950836,0.2529261112213135,-0.056155771017074585,0.49020394682884216,0.23016004264354706,-0.003872317261993885,0.47374382615089417,0.13071928918361664,-0.03385661542415619,0.4480037987232208,0.17771711945533752,-0.04707610234618187,0.45515018701553345,0.2343083620071411,-0.04799235239624977,0.520127534866333,0.2256259024143219,-0.01675991341471672,0.5057980418205261,0.12862110137939453,-0.03955322876572609,0.4748634994029999,0.17186668515205383,-0.04584993049502373,0.4768732190132141,0.22763493657112122,-0.04300076141953468,0.5526682138442993,0.22950328886508942,-0.03258419409394264,0.530784010887146,0.1547314077615738,-0.04382997006177902,0.5008155107498169,0.1704724282026291,-0.04583249241113663,0.49504485726356506,0.21227534115314484,-0.04374001920223236
E,0.5214553475379944,0.4627637267112732,-5.370618509914493e-07,0.45778170228004456,0.4350316822528839,-0.01648520492017269,0.40633293986320496,0.3621790111064911,-0.03029743954539299,0.40481036901474,0.28686171770095825,-0.05039653554558754,0.4572879374027252,0.2650364637374878,-0.06653237342834473,0.4265812039375305,0.23612679541110992,0.006336701102554798,0.4035379886627197,0.14083459973335266,-0.028052881360054016,0.38256964087486267,0.19712254405021667,-0.05011086165904999,0.39509692788124084,0.2551552653312683,-0.06019139289855957,0.4552532732486725,0.21873506903648376,-0.004199291113764048,0.4314761161804199,0.10387024283409119,-0.04018130525946617,0.40055909752845764,0.16728493571281433,-0.052772458642721176,0.4107397198677063,0.2307794839143753,-0.05088593810796738,0.4874655604362488,0.21352633833885193,-0.021486246958374977,0.46867895126342773,0.10171683132648468,-0.05031226575374603,0.4318770170211792,0.15996548533439636,-0.05512198060750961,0.43550485372543335,0.22191475331783295,-0.04880295321345329,0.5237375497817993,0.21808506548404694,-0.04187542572617531,0.4955724775791168,0.131131112575531,-0.05545765906572342,0.4619465172290802,0.16130921244621277,-0.055484868586063385,0.4602007269859314,0.21372079849243164,-0.05082710459828377
E,0.5477843880653381,0.5015516877174377,-6.425429432965757e-07,0.4712401032447815,0.46099331974983215,-0.02175421454012394,0.4107644259929657,0.3693954050540924,-0.04060368239879608,0.4139130115509033,0.2760089635848999,-0.06645079702138901,0.4795961081981659,0.2503831386566162,-0.08732827752828598,0.44480884075164795,0.21381980180740356,0.0007372628315351903,0.42669951915740967,0.09046967327594757,-0.04236682504415512,0.3991396427154541,0.15680772066116333,-0.06956120580434799,0.4099702835083008,0.22825244069099426,-0.08214465528726578,0.48248928785324097,0.19729699194431305,-0.011268597096204758,0.4645262658596039,0.05235549807548523,-0.05564631521701813,0.4247429370880127,0.12711888551712036,-0.07018116116523743,0.43223392963409424,0.20487220585346222,-0.06816256791353226,0.5228468775749207,0.19606591761112213,-0.03134247660636902,0.5098403096199036,0.058242663741111755,-0.06545253843069077,0.463159441947937,0.12366299331188202,-0.07027455419301987,0.4631083905696869,0.19894984364509583,-0.06305898725986481,0.5674290657043457,0.20580410957336426,-0.05538173019886017,0.5434971451759338,0.09690634906291962,-0.07033208757638931,0.5014532804489136,0.12575477361679077,-0.07012595981359482,0.49384111166000366,0.18539829552173615,-0.06528649479150772
E,0.5148726105690002,0.5242384076118469,-6.664837428616011e-07,0.4306747019290924,0.4819217920303345,-0.0252152718603611,0.365121066570282,0.375435471534729,-0.0463142916560173,0.37155020236968994,0.27542316913604736,-0.07509593665599823,0.44942766427993774,0.254973441362381,-0.09846150875091553,0.40552276372909546,0.2024514079093933,0.001441520405933261,0.3851378262042999,0.06880086660385132,-0.04574073851108551,0.3444129228591919,0.13449013233184814,-0.07602649182081223,0.3532696068286896,0.21522536873817444,-0.09019679576158524,0.4454832077026367,0.18268154561519623,-0.011631249450147152,0.42347121238708496,0.025238946080207825,-0.060571640729904175,0.36888590455055237,0.10054536163806915,-0.07692712545394897,0.3751097321510315,0.19230985641479492,-0.07432487607002258,0.48934394121170044,0.18113575875759125,-0.03385837376117706,0.4732378423213959,0.03333525359630585,-0.07297621667385101,0.4141707420349121,0.10419259965419769,-0.07990668714046478,0.41363200545310974,0.1919771432876587,-0.07221172749996185,0.5390391945838928,0.19234855473041534,-0.06056058779358864,0.513831615447998,0.07214801013469696,-0.08052713423967361,0.4634450376033783,0.106805220246315,-0.08210621029138565,0.4539361894130707,0.18056665360927582,-0.07704655081033707
E,0.790956974029541,0.5845851302146912,-5.752058882535493e-07,0.7056572437286377,0.5855095982551575,-0.034543201327323914,0.6309126615524292,0.509493887424469,-0.05412125214934349,0.6420412063598633,0.39173775911331177,-0.07828382402658463,0.6963880062103271,0.31502392888069153,-0.09744445979595184,0.5715616941452026,0.3878030478954315,-0.009609082713723183,0.5084800720214844,0.2777268588542938,-0.05341876298189163,0.5469769239425659,0.3330422639846802,-0.08754325658082962,0.5905476808547974,0.3905944228172302,-0.10617575794458389,0.6090307831764221,0.3220876455307007,-0.0161582138389349,0.534006655216217,0.19226132333278656,-0.05130910873413086,0.5733020305633545,0.2526825964450836,-0.0749613419175148,0.6123450994491577,0.3096877932548523,-0.08526681363582611,0.6579086780548096,0.28142669796943665,-0.030725441873073578,0.5918267965316772,0.13875366747379303,-0.05704108253121376,0.6172928810119629,0.19524694979190826,-0.06573595106601715,0.6498453617095947,0.2636885643005371,-0.06638625264167786,0.7150524854660034,0.2630317509174347,-0.05071410536766052,0.6703217625617981,0.1635994166135788,-0.06671101599931717,0.6682092547416687,0.18686050176620483,-0.07031013816595078,0.6820322275161743,0.23995095491409302,-0.07050488889217377
F,0.2911683917045593,0.8718100786209106,4.708795984242897e-07,0.3552435040473938,0.844111442565918,-0.021027153357863426,0.41161128878593445,0.8134961724281311,-0.04767593368887901,0.46110135316848755,0.8077614307403564,-0.0773884505033493,0.49843961000442505,0.7938355207443237,-0.10526049137115479,0.38624656200408936,0.659745454788208,-0.032571256160736084,0.45323485136032104,0.6562016010284424,-0.08685139566659927,0.48005595803260803,0.7159015536308289,-0.1281755566596985,0.4875282645225525,0.7675754427909851,-0.14857012033462524,0.35795995593070984,0.6305965185165405,-0.04925093427300453,0.39796239137649536,0.520970344543457,-0.08250688016414642,0.42601776123046875,0.4439374804496765,-0.10793192684650421,0.44288209080696106,0.3747211694717407,-0.12419895082712173,0.31970152258872986,0.6364877223968506,-0.07147671282291412,0.3258177936077118,0.5167369246482849,-0.1059049665927887,0.3396476209163666,0.44177544116973877,-0.13007329404354095,0.3550209403038025,0.37199336290359497,-0.14296598732471466,0.28148186206817627,0.6739949584007263,-0.09511426091194153,0.25051048398017883,0.5969014763832092,-0.12402209639549255,0.23638135194778442,0.5387378931045532,-0.13406112790107727,0.23029690980911255,0.4791862964630127,-0.13786916434764862
F,0.48090389370918274,0.6247497797012329,2.442530444568547e-07,0.5280609726905823,0.6154124140739441,-0.037879541516304016,0.5769081115722656,0.586713969707489,-0.06542745977640152,0.5903363227844238,0.5596302151679993,-0.0908205434679985,0.556365966796875,0.546200156211853,-0.11368133872747421,0.5587832927703857,0.44116511940956116,-0.04399465397000313,0.5744694471359253,0.42989373207092285,-0.0878433808684349,0.566339373588562,0.4885229170322418,-0.12020361423492432,0.5498603582382202,0.5317103266716003,-0.13617856800556183,0.5261186361312866,0.41127467155456543,-0.04753228276968002,0.5480592846870422,0.3207622766494751,-0.07552030682563782,0.5605084896087646,0.25329649448394775,-0.09747927635908127,0.5708290934562683,0.18609091639518738,-0.11296539008617401,0.48605290055274963,0.41204237937927246,-0.056827619671821594,0.49441370368003845,0.31724026799201965,-0.08563125878572464,0.49796566367149353,0.25259149074554443,-0.11031395941972733,0.5051433444023132,0.1889895498752594,-0.1259036362171173,0.44471147656440735,0.4394055902957916,-0.06874209642410278,0.4236988425254822,0.3784254789352417,-0.08904661983251572,0.40646156668663025,0.3369738757610321,-0.09879253059625626,0.3936336636543274,0.2929774522781372,-0.10563347488641739
F,0.48348182439804077,0.6263524293899536,2.634216116348398e-07,0.5298860669136047,0.6163848042488098,-0.03725597262382507,0.5766677856445312,0.5896182060241699,-0.0640496090054512,0.5900144577026367,0.5654088258743286,-0.08856472373008728,0.5617610812187195,0.5494136214256287,-0.1102840006351471,0.5599002838134766,0.4422343969345093,-0.04327704384922981,0.5755481719970703,0.4324277639389038,-0.08408919721841812,0.569614052772522,0.4900573492050171,-0.11385159939527512,0.5547292232513428,0.5319925546646118,-0.1284688413143158,0.5282407402992249,0.4127228856086731,-0.04682699963450432,0.5501457452774048,0.3221571147441864,-0.07286820560693741,0.5637214779853821,0.2557835876941681,-0.09297933429479599,0.5745620131492615,0.1897675096988678,-0.10708940029144287,0.4883565306663513,0.4133061468601227,-0.05600298196077347,0.4964151978492737,0.3189449906349182,-0.08399688452482224,0.49995818734169006,0.2546350061893463,-0.1082565188407898,0.506486177444458,0.19064748287200928,-0.12340719252824783,0.4471920430660248,0.4403168559074402,-0.06768009811639786,0.42518889904022217,0.3774915635585785,-0.08839180320501328,0.407848984003067,0.3357032835483551,-0.09822198748588562,0.39496371150016785,0.29109883308410645,-0.1048491895198822
F,0.4837058484554291,0.6280267238616943,2.4561370537412586e-07,0.5305154323577881,0.6179956197738647,-0.037139881402254105,0.5782020688056946,0.5894456505775452,-0.0642872303724289,0.5918698310852051,0.5632235407829285,-0.0893317312002182,0.5610509514808655,0.5493478178977966,-0.11169922351837158,0.5619238615036011,0.4437880218029022,-0.043501757085323334,0.5762411952018738,0.4307096004486084,-0.08605939149856567,0.5684229731559753,0.48908907175064087,-0.11720450967550278,0.5528345108032227,0.5329646468162537,-0.13252733647823334,0.5292319655418396,0.41362836956977844,-0.04722830653190613,0.5502553582191467,0.3241344392299652,-0.07438026368618011,0.5639664530754089,0.2574734687805176,-0.09537100046873093,0.5761448740959167,0.19122517108917236,-0.11027077585458755,0.48848798871040344,0.4141842722892761,-0.05670376867055893,0.49643245339393616,0.3196955919265747,-0.0852128267288208,0.5008219480514526,0.2547183632850647,-0.10984241217374802,0.5091643333435059,0.19078171253204346,-0.12547938525676727,0.44708535075187683,0.4416637420654297,-0.06869806349277496,0.425451397895813,0.37898144125938416,-0.08945085853338242,0.40859255194664,0.33702901005744934,-0.0995270311832428,0.3962794542312622,0.2925490140914917,-0.10653979331254959
F,0.4907790422439575,0.6992528438568115,2.49393423246147e-07,0.5316208600997925,0.6966567635536194,-0.02319830283522606,0.5733124017715454,0.6797374486923218,-0.041818276047706604,0.5986665487289429,0.6622327566146851,-0.05985483154654503,0.5863751173019409,0.6396275162696838,-0.07618558406829834,0.5617852807044983,0.5699876546859741,-0.030271055176854134,0.5811802744865417,0.558401882648468,-0.06306435167789459,0.580274224281311,0.5999568700790405,-0.08709126710891724,0.5714335441589355,0.6319429278373718,-0.09842204302549362,0.5379911065101624,0.5407010912895203,-0.035357456654310226,0.5666615962982178,0.4714392125606537,-0.055906616151332855,0.5850515961647034,0.4226853847503662,-0.0708407312631607,0.5998497009277344,0.37636086344718933,-0.08053241670131683,0.5053603053092957,0.533903181552887,-0.044493336230516434,0.5170965790748596,0.4576202630996704,-0.06593924015760422,0.5264748334884644,0.4084016680717468,-0.08391343057155609,0.5387383103370667,0.36260247230529785,-0.09473786503076553,0.4716729521751404,0.5486516356468201,-0.05506524071097374,0.4536803364753723,0.4966834783554077,-0.07058676332235336,0.4407424330711365,0.4628375470638275,-0.0773959532380104,0.4337885081768036,0.4291781187057495,-0.08164522796869278
F,0.49106365442276,0.695817768573761,2.552024795932084e-07,0.5318320393562317,0.6929885149002075,-0.024250881746411324,0.5723314881324768,0.6779164671897888,-0.04406081140041351,0.5968645811080933,0.6612312197685242,-0.06305674463510513,0.5838729739189148,0.6390632390975952,-0.08000300824642181,0.5597420334815979,0.5672376751899719,-0.032378096133470535,0.5804818868637085,0.5558726191520691,-0.06632403284311295,0.5794782638549805,0.5993595719337463,-0.09027539193630219,0.5704099535942078,0.632840096950531,-0.10102618485689163,0.5360898375511169,0.5392147302627563,-0.03676269203424454,0.5633689165115356,0.47023171186447144,-0.05809534713625908,0.5817227363586426,0.42229634523391724,-0.07263293117284775,0.5967432856559753,0.37606126070022583,-0.08182429522275925,0.5043811202049255,0.5329319834709167,-0.04528195038437843,0.5145394802093506,0.4579671025276184,-0.06679848581552505,0.5240987539291382,0.4094972610473633,-0.08415868133306503,0.5360867977142334,0.3647301197052002,-0.09440357983112335,0.4720737338066101,0.5484220385551453,-0.05535981431603432,0.452780544757843,0.49825406074523926,-0.07042797654867172,0.44030505418777466,0.46444326639175415,-0.07717045396566391,0.43346935510635376,0.4314347207546234,-0.08124756813049316
F,0.48866748809814453,0.6944959759712219,2.5538048475937103e-07,0.5294331312179565,0.6901090145111084,-0.023575296625494957,0.5688956379890442,0.6742655038833618,-0.043236616998910904,0.5935503244400024,0.6586072444915771,-0.06241616606712341,0.5824124217033386,0.6352505087852478,-0.07976830005645752,0.5569233298301697,0.5629249215126038,-0.03064819425344467,0.5771833062171936,0.5519806742668152,-0.06388271600008011,0.5768784284591675,0.5930339097976685,-0.088111512362957,0.5681561231613159,0.6261318922042847,-0.0993005633354187,0.5338957905769348,0.5356484651565552,-0.03553028032183647,0.5609678626060486,0.46749189496040344,-0.05575517937541008,0.5797857046127319,0.4192553758621216,-0.07040584087371826,0.5953304171562195,0.3734127879142761,-0.08006199449300766,0.5022634267807007,0.5298278331756592,-0.04468436911702156,0.513698160648346,0.4550308585166931,-0.06573256105184555,0.5234370827674866,0.40650296211242676,-0.08398512005805969,0.5352543592453003,0.36138707399368286,-0.09520065039396286,0.4699186086654663,0.5453981161117554,-0.055343013256788254,0.4517940282821655,0.4953092038631439,-0.07082512229681015,0.438813716173172,0.4619981348514557,-0.07832647114992142,0.43114179372787476,0.4291016757488251,-0.08316882699728012
F,0.4892367720603943,0.6938542127609253,2.5710494355735136e-07,0.5297519564628601,0.6897563338279724,-0.02487671934068203,0.568605363368988,0.675018846988678,-0.04547896981239319,0.5932468771934509,0.6585972309112549,-0.06546496599912643,0.5825727581977844,0.6341861486434937,-0.08355588465929031,0.5579637885093689,0.5654099583625793,-0.03168994560837746,0.578283965587616,0.5548694729804993,-0.0655561313033104,0.5776633024215698,0.5949994325637817,-0.0900639221072197,0.5690587759017944,0.6283599734306335,-0.10137361288070679,0.5350488424301147,0.5373666882514954,-0.03585447371006012,0.5618952512741089,0.47087010741233826,-0.05661814287304878,0.5800111889839172,0.42270779609680176,-0.07102367281913757,0.5954775810241699,0.3760313093662262,-0.08043219894170761,0.5037543177604675,0.5307666063308716,-0.044487643986940384,0.5143610835075378,0.45695966482162476,-0.06600362807512283,0.5237328410148621,0.4085724651813507,-0.08379338681697845,0.5355741381645203,0.3642556071281433,-0.09453563392162323,0.4715855121612549,0.5454931259155273,-0.05479346588253975,0.4531455934047699,0.49545982480049133,-0.07058854401111603,0.4403173327445984,0.4619239270687103,-0.07813675701618195,0.43291252851486206,0.4293767809867859,-0.08292390406131744
F,0.4891795516014099,0.6975197792053223,2.428184018299362e-07,0.5297619700431824,0.6937909722328186,-0.023558495566248894,0.5689534544944763,0.6779346466064453,-0.04296502470970154,0.5944222211837769,0.6610571146011353,-0.06202533468604088,0.5840204358100891,0.637233555316925,-0.07923523336648941,0.5584082007408142,0.5692124962806702,-0.0294524934142828,0.5790340900421143,0.5572105646133423,-0.0633738711476326,0.5777865052223206,0.5978859663009644,-0.08811618387699127,0.5685388445854187,0.6317088007926941,-0.099371038377285,0.5350159406661987,0.5409688353538513,-0.03400295227766037,0.5619147419929504,0.47417721152305603,-0.0544012226164341,0.5799332857131958,0.42610567808151245,-0.0684906542301178,0.595121443271637,0.3798316717147827,-0.07750198990106583,0.5036050081253052,0.5341863632202148,-0.04305179417133331,0.5141716599464417,0.4602993428707123,-0.06399078667163849,0.5237972736358643,0.41213035583496094,-0.08112172037363052,0.5359176993370056,0.36796218156814575,-0.09126491099596024,0.4715184271335602,0.5489320755004883,-0.053737953305244446,0.45288199186325073,0.49829381704330444,-0.06881329417228699,0.44029682874679565,0.46480217576026917,-0.07560712844133377,0.433167040348053,0.4325917959213257,-0.07970419526100159
F,0.4860039949417114,0.699219286441803,2.3101986812434916e-07,0.526573896408081,0.6947526335716248,-0.02357379160821438,0.5676749348640442,0.6769846677780151,-0.04253213107585907,0.5925700068473816,0.6577804088592529,-0.06090862676501274,0.5791239738464355,0.6350616216659546,-0.07733067870140076,0.555057168006897,0.570121705532074,-0.0294794961810112,0.5744144916534424,0.5559147596359253,-0.06262189894914627,0.5720546245574951,0.5975373983383179,-0.08680173754692078,0.5627374053001404,0.6311091780662537,-0.09791825711727142,0.5314052104949951,0.5427581071853638,-0.03373318910598755,0.5577482581138611,0.4774136543273926,-0.054270170629024506,0.5755935907363892,0.42926347255706787,-0.069193534553051,0.5910868048667908,0.38251426815986633,-0.07904975116252899,0.49973320960998535,0.5364295840263367,-0.042284052819013596,0.5115524530410767,0.46327728033065796,-0.06317470222711563,0.521135151386261,0.41530299186706543,-0.08077958226203918,0.5333771705627441,0.37094953656196594,-0.09148775041103363,0.4672960638999939,0.5509235858917236,-0.0523717924952507,0.45008376240730286,0.501288652420044,-0.06700015813112259,0.4379369616508484,0.46853020787239075,-0.07396432757377625,0.43117228150367737,0.43661588430404663,-0.07845897227525711
F,0.48383021354675293,0.6994094848632812,2.2639794394763157e-07,0.5241639614105225,0.6946622133255005,-0.023162947967648506,0.5634132027626038,0.6770543456077576,-0.04207051172852516,0.5872741937637329,0.6579872369766235,-0.060464516282081604,0.576406717300415,0.6326408982276917,-0.07693592458963394,0.5517572164535522,0.5719814300537109,-0.028941171243786812,0.571356475353241,0.5567114949226379,-0.06288935989141464,0.5686253905296326,0.5972248911857605,-0.08785388618707657,0.5588399767875671,0.6311665177345276,-0.09922822564840317,0.5284432172775269,0.5442251563072205,-0.03310686722397804,0.555000901222229,0.4777728319168091,-0.05368421599268913,0.572393536567688,0.4298936724662781,-0.06833454221487045,0.5873926281929016,0.38355982303619385,-0.07774124294519424,0.4973129332065582,0.5377492904663086,-0.041644345968961716,0.5084255933761597,0.46397408843040466,-0.06265184283256531,0.518007755279541,0.4166390895843506,-0.07970244437456131,0.530184268951416,0.373022198677063,-0.08974295854568481,0.4653709828853607,0.5523470640182495,-0.05168265849351883,0.44817161560058594,0.503011167049408,-0.06640332192182541,0.43631094694137573,0.47069472074508667,-0.07283567637205124,0.4295617938041687,0.43957042694091797,-0.07665266841650009
F,0.2894371449947357,0.9516353607177734,4.1903243186425243e-07,0.3518226146697998,0.9395567774772644,-0.058348312973976135,0.4124411940574646,0.9015613794326782,-0.10655828565359116,0.45112550258636475,0.8870636224746704,-0.15301133692264557,0.43012142181396484,0.8682703971862793,-0.195074662566185,0.40686801075935364,0.6519190669059753,-0.07840701937675476,0.4340455234050751,0.6394020915031433,-0.15270563960075378,0.4249081015586853,0.7496193051338196,-0.20574738085269928,0.4025578498840332,0.8312479853630066,-0.23216208815574646,0.3508179783821106,0.603179931640625,-0.09041997790336609,0.38042715191841125,0.4366222620010376,-0.13989675045013428,0.39871707558631897,0.3252890706062317,-0.17569683492183685,0.4149520993232727,0.21013012528419495,-0.20005272328853607,0.2795894742012024,0.6106418967247009,-0.11148184537887573,0.27593788504600525,0.4439677596092224,-0.16534116864204407,0.2736685276031494,0.3397042751312256,-0.2091391384601593,0.2805333137512207,0.23119810223579407,-0.23533552885055542,0.21282176673412323,0.6650605797767639,-0.1358630210161209,0.1601371467113495,0.5582780838012695,-0.17710009217262268,0.12001906335353851,0.49516746401786804,-0.19504056870937347,0.08889491856098175,0.42508798837661743,-0.20625899732112885
F,0.2673629820346832,0.9418892860412598,4.086803357949975e-07,0.3300219178199768,0.9279710650444031,-0.056691356003284454,0.38975825905799866,0.8893165588378906,-0.10335603356361389,0.4273529648780823,0.8700697422027588,-0.1482420563697815,0.4072721600532532,0.8547407984733582,-0.1883261799812317,0.3917778432369232,0.6429058313369751,-0.07509087771177292,0.41645076870918274,0.629646897315979,-0.14797912538051605,0.40419405698776245,0.7357798218727112,-0.19955842196941376,0.37911009788513184,0.8132179379463196,-0.22478806972503662,0.33651795983314514,0.5935831069946289,-0.08680719882249832,0.36379486322402954,0.429176926612854,-0.13487760722637177,0.38061589002609253,0.31728607416152954,-0.16718527674674988,0.3937663435935974,0.20397186279296875,-0.18842609226703644,0.2664761543273926,0.5996029376983643,-0.1076882928609848,0.26112544536590576,0.43608951568603516,-0.15913869440555573,0.2569032609462738,0.3327881395816803,-0.1989065557718277,0.26127514243125916,0.22665786743164062,-0.221968874335289,0.20022615790367126,0.6520658135414124,-0.13213340938091278,0.1455869972705841,0.5488198399543762,-0.1711408793926239,0.10556142032146454,0.48647379875183105,-0.18701834976673126,0.07460559904575348,0.41856518387794495,-0.19618664681911469
F,0.27537810802459717,0.9071815013885498,3.87901479825814e-07,0.33797842264175415,0.8880729079246521,-0.05848817899823189,0.39543768763542175,0.8447886109352112,-0.10403046011924744,0.4325940012931824,0.8170051574707031,-0.14765441417694092,0.4211992025375366,0.7862637639045715,-0.18638189136981964,0.3975831866264343,0.608210563659668,-0.06867264211177826,0.4235972762107849,0.5836988687515259,-0.13806621730327606,0.41059765219688416,0.6810550093650818,-0.1895376592874527,0.38388195633888245,0.7551531195640564,-0.21467097103595734,0.34573686122894287,0.5619233250617981,-0.07626880705356598,0.37572944164276123,0.4100559651851654,-0.11879922449588776,0.3957703113555908,0.304272323846817,-0.15106837451457977,0.4123367369174957,0.1968444287776947,-0.17352348566055298,0.2794302701950073,0.5658760666847229,-0.09349533915519714,0.28303998708724976,0.4145517349243164,-0.13867980241775513,0.28527596592903137,0.3167401850223541,-0.1770145297050476,0.2934558391571045,0.21875154972076416,-0.20112226903438568,0.21351151168346405,0.6129097938537598,-0.11489144712686539,0.16947783529758453,0.5152655243873596,-0.14931805431842804,0.13572406768798828,0.45664677023887634,-0.16436056792736053,0.10884061455726624,0.39525675773620605,-0.17404277622699738
F,0.27105534076690674,0.9049030542373657,3.734571691893507e-07,0.3329707980155945,0.8861041069030762,-0.05799111723899841,0.3882750868797302,0.8410729169845581,-0.10303603857755661,0.42273473739624023,0.8131080865859985,-0.14657828211784363,0.4117319881916046,0.7872663736343384,-0.18533214926719666,0.38931041955947876,0.6072065830230713,-0.06654798984527588,0.41596031188964844,0.5816443562507629,-0.13690869510173798,0.403126060962677,0.6792470216751099,-0.18941710889339447,0.37632516026496887,0.7539635300636292,-0.21526966989040375,0.3384929299354553,0.5606292486190796,-0.07443263381719589,0.36786019802093506,0.40957915782928467,-0.11737477779388428,0.3881423771381378,0.30435967445373535,-0.15039315819740295,0.40509310364723206,0.19768592715263367,-0.17342032492160797,0.27355659008026123,0.5643110275268555,-0.0921708345413208,0.27503150701522827,0.4139446020126343,-0.13716724514961243,0.27758142352104187,0.3175707459449768,-0.17591777443885803,0.2863529324531555,0.22028210759162903,-0.2004021257162094,0.2091953307390213,0.6111685633659363,-0.11421041935682297,0.16447660326957703,0.5170586705207825,-0.14789311587810516,0.13157138228416443,0.4593452513217926,-0.16327902674674988,0.10542289912700653,0.39836469292640686,-0.17349843680858612
F,0.25494951009750366,0.7851529121398926,1.0351931933882952e-07,0.3278599977493286,0.7317969799041748,0.011491983197629452,0.37638673186302185,0.6869867444038391,0.0013408063678070903,0.4280657470226288,0.6647385954856873,-0.018310800194740295,0.46434155106544495,0.6357066035270691,-0.03612455725669861,0.33511433005332947,0.5422104597091675,0.011210097000002861,0.39481890201568604,0.5316482186317444,-0.03185494989156723,0.4338914155960083,0.5804840922355652,-0.06550368666648865,0.4568261504173279,0.6332989931106567,-0.08129806071519852,0.3198898136615753,0.5280530452728271,-0.017857028171420097,0.32368341088294983,0.4004226326942444,-0.04203806072473526,0.33156663179397583,0.3211871385574341,-0.060865771025419235,0.332868754863739,0.2555444836616516,-0.07415571063756943,0.30122023820877075,0.5423130393028259,-0.05110952630639076,0.2795674204826355,0.41756391525268555,-0.07388027012348175,0.27604714035987854,0.33679020404815674,-0.08333064615726471,0.2743258774280548,0.2645634710788727,-0.0887581929564476,0.28696539998054504,0.5741307735443115,-0.08481146395206451,0.25526162981987,0.4801712930202484,-0.10348349064588547,0.2409997582435608,0.4156598448753357,-0.10456271469593048,0.2327108383178711,0.3546178340911865,-0.10372813791036606
F,0.2550206780433655,0.7869096398353577,1.3252486041892553e-07,0.3270456790924072,0.7335442900657654,0.007783854380249977,0.37825754284858704,0.687591016292572,-0.003893704153597355,0.4310295879840851,0.6660763621330261,-0.02446943335235119,0.46545350551605225,0.636586606502533,-0.043049830943346024,0.33278658986091614,0.5424225330352783,0.008803803473711014,0.3954632878303528,0.5320547819137573,-0.035200085490942,0.4342578649520874,0.5810591578483582,-0.06906376779079437,0.4557279646396637,0.6344428062438965,-0.0847974643111229,0.3171667158603668,0.5268035531044006,-0.019328400492668152,0.32271385192871094,0.40048182010650635,-0.04457590728998184,0.3309130370616913,0.32030004262924194,-0.06434421986341476,0.3323327600955963,0.2535189986228943,-0.07793354988098145,0.2981116771697998,0.5408578515052795,-0.052048031240701675,0.2772350609302521,0.4156624376773834,-0.07677041739225388,0.2755511701107025,0.333953857421875,-0.08829419314861298,0.2751854658126831,0.26091402769088745,-0.09477651864290237,0.2838088572025299,0.5735131502151489,-0.08539307117462158,0.2523585557937622,0.480779767036438,-0.10658600926399231,0.23810714483261108,0.41513189673423767,-0.1096034049987793,0.22953268885612488,0.35247504711151123,-0.10980550944805145
F,0.252103716135025,0.7823947072029114,1.5609549564032932e-07,0.32422682642936707,0.7293661832809448,0.006912349723279476,0.37539058923721313,0.6817063093185425,-0.006571815349161625,0.427907258272171,0.6608846783638,-0.029548335820436478,0.4638977646827698,0.6313847899436951,-0.05130796879529953,0.3268265426158905,0.5356679558753967,0.009514608420431614,0.39021018147468567,0.5260404944419861,-0.03462362289428711,0.43003368377685547,0.5734894275665283,-0.07007511705160141,0.45314928889274597,0.6259888410568237,-0.0875081717967987,0.3109189569950104,0.5184838771820068,-0.019240358844399452,0.316231369972229,0.39322778582572937,-0.043065544217824936,0.3249719440937042,0.31357163190841675,-0.06252999603748322,0.3274329900741577,0.24863359332084656,-0.0763213261961937,0.2916337847709656,0.5324418544769287,-0.05296313390135765,0.2697281241416931,0.40736040472984314,-0.07674286514520645,0.26941990852355957,0.32598042488098145,-0.08926188200712204,0.2709357440471649,0.25378918647766113,-0.09699078649282455,0.27829301357269287,0.5668815970420837,-0.08751210570335388,0.24280309677124023,0.4782649874687195,-0.10830539464950562,0.22697579860687256,0.4131618142127991,-0.1118176206946373,0.21762514114379883,0.3514747619628906,-0.11277829110622406
F,0.2521095275878906,0.7832933068275452,1.6826308524287015e-07,0.32476505637168884,0.7348365783691406,0.0046902610920369625,0.3782840371131897,0.6834878921508789,-0.008934414945542812,0.4310014545917511,0.6624999046325684,-0.03210309147834778,0.46778514981269836,0.6325161457061768,-0.05357792600989342,0.3345267176628113,0.5386409759521484,0.010385117493569851,0.3954060971736908,0.5267085433006287,-0.036728013306856155,0.4351578950881958,0.5790565609931946,-0.07456168532371521,0.45843979716300964,0.6339855790138245,-0.09262551367282867,0.31822797656059265,0.5222758650779724,-0.01719636283814907,0.32283130288124084,0.3967755436897278,-0.04237443581223488,0.3315121531486511,0.3147009015083313,-0.06280027329921722,0.3332618474960327,0.24493888020515442,-0.07655636221170425,0.29747381806373596,0.5359052419662476,-0.0504034087061882,0.27551352977752686,0.412774920463562,-0.07450918108224869,0.2751584053039551,0.3321048617362976,-0.08583560585975647,0.27636104822158813,0.25865066051483154,-0.0919162854552269,0.2817777991294861,0.5686658620834351,-0.08490396291017532,0.24879693984985352,0.4791826903820038,-0.10385599732398987,0.2354232221841812,0.4143492877483368,-0.10524830967187881,0.22833126783370972,0.3529667258262634,-0.104291632771492
F,0.32223549485206604,0.7949895262718201,2.0366783815006784e-07,0.3757132589817047,0.7803370952606201,-0.004827415570616722,0.4242091774940491,0.7569735050201416,-0.018153788521885872,0.4659348130226135,0.7496525049209595,-0.03708953410387039,0.4972243309020996,0.7322057485580444,-0.054022613912820816,0.4064605236053467,0.6384687423706055,0.0016048795077949762,0.45874786376953125,0.6447008848190308,-0.03343500941991806,0.47959864139556885,0.6882394552230835,-0.06020518019795418,0.48362863063812256,0.7303599715232849,-0.07149513810873032,0.3916698396205902,0.6129414439201355,-0.014276211149990559,0.4151551127433777,0.5325741767883301,-0.03069087117910385,0.43271535634994507,0.4827101230621338,-0.04000779241323471,0.44028887152671814,0.4419128894805908,-0.04409525543451309,0.37095725536346436,0.6097673773765564,-0.03543107956647873,0.3715125322341919,0.521685779094696,-0.052378468215465546,0.37990713119506836,0.46672508120536804,-0.05737871676683426,0.3860885500907898,0.4200681447982788,-0.05748230963945389,0.3505679965019226,0.6263623833656311,-0.05821336805820465,0.3286871910095215,0.561718761920929,-0.07244490087032318,0.3205398917198181,0.5153356790542603,-0.07193602621555328,0.31636863946914673,0.47331303358078003,-0.06791514903306961
F,0.3271644711494446,0.7935393452644348,2.0143275492046087e-07,0.38213732838630676,0.7774015069007874,-0.005617600400000811,0.4306465983390808,0.7569717764854431,-0.019325265660881996,0.4723756015300751,0.7509514093399048,-0.03828214481472969,0.5033078789710999,0.7332003712654114,-0.055269621312618256,0.4130522310733795,0.6376423239707947,-0.0003141445922665298,0.46467986702919006,0.6465151309967041,-0.035973384976387024,0.48504382371902466,0.6892505288124084,-0.06379189342260361,0.48913201689720154,0.7295970916748047,-0.07599803060293198,0.3983210325241089,0.6122102737426758,-0.015562753193080425,0.422688364982605,0.5308953523635864,-0.03260817751288414,0.44113689661026,0.4801613688468933,-0.04308449104428291,0.4498863220214844,0.43795475363731384,-0.04821653664112091,0.3774837255477905,0.6085396409034729,-0.03587878495454788,0.3779493272304535,0.5200563669204712,-0.053020741790533066,0.38754981756210327,0.4657454490661621,-0.05871163308620453,0.395710825920105,0.4196335971355438,-0.0593823678791523,0.356171578168869,0.6241095662117004,-0.05786415934562683,0.33383962512016296,0.5579651594161987,-0.07237818092107773,0.3262091279029846,0.510680079460144,-0.07225142419338226,0.3230516314506531,0.46827584505081177,-0.06849478930234909
F,0.3276727795600891,0.7948044538497925,2.0273161283057561e-07,0.383355975151062,0.7785162925720215,-0.005110751371830702,0.43192631006240845,0.7570511102676392,-0.019185537472367287,0.4740661382675171,0.7505349516868591,-0.0388365164399147,0.505262017250061,0.7327826023101807,-0.056460924446582794,0.414353609085083,0.6374295949935913,0.0001853174326242879,0.4669182002544403,0.6472227573394775,-0.03596581891179085,0.48770055174827576,0.6918432116508484,-0.06397569924592972,0.49242526292800903,0.7335284948348999,-0.07620389759540558,0.3995068073272705,0.6123514175415039,-0.015989407896995544,0.42354461550712585,0.5315171480178833,-0.033424828201532364,0.44201168417930603,0.47914665937423706,-0.04414279758930206,0.45062974095344543,0.43499669432640076,-0.04951033741235733,0.3787040710449219,0.6094776391983032,-0.03730076178908348,0.38019227981567383,0.5200170278549194,-0.055030882358551025,0.38983577489852905,0.46472251415252686,-0.06073782965540886,0.39781779050827026,0.41758227348327637,-0.06141133978962898,0.35814327001571655,0.6264879703521729,-0.06027282029390335,0.33511316776275635,0.5595976710319519,-0.0753883346915245,0.3273501694202423,0.5111875534057617,-0.0755256712436676,0.32426774501800537,0.4676007032394409,-0.07192225009202957
F,0.20538654923439026,0.7868459820747375,2.500214293377212e-07,0.2507852017879486,0.7697206735610962,-0.05837134271860123,0.29334723949432373,0.724144697189331,-0.10030520707368851,0.26005953550338745,0.6863008141517639,-0.13708214461803436,0.2074204683303833,0.6637373566627502,-0.17126725614070892,0.3188968300819397,0.5272021293640137,-0.07219165563583374,0.29015156626701355,0.4956783354282379,-0.12935630977153778,0.24360989034175873,0.5662302374839783,-0.17373433709144592,0.2097654640674591,0.6208704113960266,-0.19832023978233337,0.2694447636604309,0.4781479239463806,-0.07355451583862305,0.29531776905059814,0.34510451555252075,-0.11109340935945511,0.3094657063484192,0.25202131271362305,-0.1386093646287918,0.3298720717430115,0.16133970022201538,-0.15799003839492798,0.21379055082798004,0.4720461070537567,-0.08248714357614517,0.22471532225608826,0.3399912118911743,-0.12108448892831802,0.22759641706943512,0.252449631690979,-0.15079693496227264,0.24057799577713013,0.16765335202217102,-0.16942182183265686,0.15612584352493286,0.5005277395248413,-0.09533460438251495,0.12756767868995667,0.41275832056999207,-0.12135005742311478,0.10365936160087585,0.3586196303367615,-0.1299620270729065,0.08694764971733093,0.3019081950187683,-0.13554832339286804
F,0.20450997352600098,0.7833734750747681,2.8838346111115243e-07,0.2498590648174286,0.7666683197021484,-0.06229451671242714,0.2896147668361664,0.721726655960083,-0.10620983690023422,0.25731998682022095,0.6845311522483826,-0.14394980669021606,0.20797064900398254,0.6589741706848145,-0.17863509058952332,0.32202866673469543,0.5241066813468933,-0.07577940076589584,0.28759878873825073,0.49083957076072693,-0.13285548985004425,0.24409154057502747,0.5589964389801025,-0.17739668488502502,0.21505387127399445,0.6127955913543701,-0.2024613320827484,0.27285853028297424,0.47281861305236816,-0.07468576729297638,0.29537397623062134,0.34004226326942444,-0.11359375715255737,0.31068873405456543,0.24639731645584106,-0.14242228865623474,0.3331172466278076,0.15443667769432068,-0.16287900507450104,0.21620336174964905,0.46514618396759033,-0.0812767818570137,0.22510026395320892,0.33319607377052307,-0.12170690298080444,0.22797635197639465,0.24682965874671936,-0.15268738567829132,0.24196770787239075,0.16449770331382751,-0.1719517707824707,0.15781867504119873,0.49243155121803284,-0.09189927577972412,0.12893643975257874,0.40317338705062866,-0.11936240643262863,0.10364405810832977,0.3489862084388733,-0.12922145426273346,0.08617296814918518,0.2939160466194153,-0.13572223484516144
F,0.20655155181884766,0.782424807548523,2.7374150590731006e-07,0.2545247972011566,0.7666597962379456,-0.06246345862746239,0.2950955629348755,0.7215583324432373,-0.10620636492967606,0.26376229524612427,0.6849645376205444,-0.14366421103477478,0.2136191874742508,0.6597002148628235,-0.178435817360878,0.325984925031662,0.5257764458656311,-0.0774897038936615,0.29357320070266724,0.48865169286727905,-0.13366656005382538,0.24990956485271454,0.5557978749275208,-0.17740832269191742,0.22102771699428558,0.6082518696784973,-0.20221741497516632,0.27731233835220337,0.4738936126232147,-0.07551892846822739,0.3001619875431061,0.34071093797683716,-0.11397172510623932,0.3149205446243286,0.2475731372833252,-0.14282819628715515,0.33709344267845154,0.15649837255477905,-0.16346050798892975,0.22090449929237366,0.4658466577529907,-0.08082888275384903,0.23210686445236206,0.33256223797798157,-0.12034264206886292,0.23648765683174133,0.24464377760887146,-0.15167216956615448,0.2524888515472412,0.16199374198913574,-0.17157448828220367,0.16290447115898132,0.49240604043006897,-0.09009823203086853,0.13479940593242645,0.40375590324401855,-0.11697755753993988,0.10966577380895615,0.34957069158554077,-0.1271304339170456,0.09279301762580872,0.29595571756362915,-0.13410034775733948
F,0.21403971314430237,0.7802636623382568,2.7410251846049505e-07,0.26119476556777954,0.7655907869338989,-0.06234051287174225,0.3025016486644745,0.7231928706169128,-0.10692766308784485,0.2714499533176422,0.6856580376625061,-0.14545516669750214,0.22076979279518127,0.6605053544044495,-0.18125006556510925,0.3346095085144043,0.5271847248077393,-0.07768674939870834,0.30386191606521606,0.4902249574661255,-0.13445009291172028,0.2596440017223358,0.5584506392478943,-0.17827284336090088,0.2305980771780014,0.6121631860733032,-0.2030465453863144,0.2853744626045227,0.47696372866630554,-0.07643354684114456,0.3095608353614807,0.34534066915512085,-0.11560416966676712,0.32357901334762573,0.2513176500797272,-0.14487703144550323,0.34519338607788086,0.15877699851989746,-0.16594885289669037,0.22876469790935516,0.4697761535644531,-0.08254359662532806,0.24027441442012787,0.33740124106407166,-0.12281467765569687,0.24320873618125916,0.24909377098083496,-0.15384823083877563,0.25820648670196533,0.1651226282119751,-0.17354680597782135,0.17051434516906738,0.4963918924331665,-0.092633455991745,0.14150282740592957,0.4063098430633545,-0.12024327367544174,0.11704845726490021,0.3500173091888428,-0.1306220293045044,0.10161538422107697,0.2929319143295288,-0.1377696543931961
F,0.22857454419136047,0.7670905590057373,2.93700963993615e-07,0.2822631597518921,0.7479315400123596,-0.044921912252902985,0.3328997790813446,0.707301914691925,-0.08085863292217255,0.34067606925964355,0.678457498550415,-0.11562393605709076,0.30850279331207275,0.6604650020599365,-0.14811010658740997,0.35108882188796997,0.5131338834762573,-0.05297946557402611,0.3586229085922241,0.5005859732627869,-0.11206473410129547,0.329826682806015,0.5721850395202637,-0.15924303233623505,0.298700749874115,0.6302027702331543,-0.18369075655937195,0.30674365162849426,0.4674556255340576,-0.061720915138721466,0.34121468663215637,0.33967339992523193,-0.09661192446947098,0.361858993768692,0.24615493416786194,-0.12422860413789749,0.38338226079940796,0.15769252181053162,-0.1434003710746765,0.24926085770130157,0.46528875827789307,-0.078305684030056,0.2656661570072174,0.33242592215538025,-0.11571197956800461,0.27508795261383057,0.24404305219650269,-0.14771433174610138,0.29216066002845764,0.15955448150634766,-0.16740700602531433,0.18820518255233765,0.5006845593452454,-0.09807470440864563,0.1581711769104004,0.41133448481559753,-0.12543919682502747,0.13656887412071228,0.3535797595977783,-0.13620266318321228,0.12270770967006683,0.2947273254394531,-0.1429145336151123
F,0.24404418468475342,0.7610871195793152,3.389257869912399e-07,0.2984746992588043,0.7412046194076538,-0.042924460023641586,0.3442579507827759,0.7050111293792725,-0.07990729063749313,0.370026171207428,0.6861475706100464,-0.11668100208044052,0.35874879360198975,0.6693795323371887,-0.15037021040916443,0.35123586654663086,0.5090394616127014,-0.05395835265517235,0.37235817313194275,0.4904410243034363,-0.1147979274392128,0.3602859377861023,0.5681445598602295,-0.16161122918128967,0.33891329169273376,0.628606379032135,-0.18509283661842346,0.3082151710987091,0.4672529697418213,-0.06443805247545242,0.3377903401851654,0.33508896827697754,-0.10041464120149612,0.358976274728775,0.24233442544937134,-0.12715286016464233,0.37815988063812256,0.1507946252822876,-0.1453731656074524,0.25157034397125244,0.4701108932495117,-0.08292790502309799,0.2593729496002197,0.33832985162734985,-0.12166201323270798,0.2655104398727417,0.2503933608531952,-0.15409670770168304,0.2778016924858093,0.16340065002441406,-0.17378339171409607,0.19490289688110352,0.5106635689735413,-0.10444752126932144,0.15519171953201294,0.4227010905742645,-0.1342221349477768,0.12660077214241028,0.36582833528518677,-0.1465565413236618,0.10573229193687439,0.30662524700164795,-0.15398269891738892
F,0.23813611268997192,0.7658995389938354,3.2813449024615693e-07,0.2942584455013275,0.7416070103645325,-0.04030517861247063,0.3419479727745056,0.7024773955345154,-0.07552554458379745,0.370305597782135,0.6783977150917053,-0.11115428805351257,0.3574940264225006,0.6487504839897156,-0.14338631927967072,0.3415929079055786,0.5078528523445129,-0.049306176602840424,0.3679032325744629,0.48113924264907837,-0.11005540192127228,0.3592368960380554,0.5579313039779663,-0.15704014897346497,0.33935582637786865,0.6204814314842224,-0.18029087781906128,0.29867294430732727,0.4669087827205658,-0.06061917543411255,0.32780537009239197,0.33408790826797485,-0.09616924822330475,0.34841102361679077,0.24025991559028625,-0.1227492243051529,0.3661174774169922,0.14945876598358154,-0.140717551112175,0.2432013750076294,0.4705018103122711,-0.08015322685241699,0.24814338982105255,0.3398094177246094,-0.11741964519023895,0.2544613182544708,0.25021180510520935,-0.14793549478054047,0.2666580379009247,0.16247627139091492,-0.16643376648426056,0.18860068917274475,0.5119064450263977,-0.10278703272342682,0.14754098653793335,0.4244527220726013,-0.13143518567085266,0.11912745237350464,0.36580708622932434,-0.14278462529182434,0.09870323538780212,0.305426687002182,-0.1493610441684723
F,0.23908819258213043,0.7646340131759644,3.324115596115007e-07,0.2955724000930786,0.7393229007720947,-0.04080641269683838,0.34441590309143066,0.6983288526535034,-0.07640433311462402,0.3730514943599701,0.6735070943832397,-0.11250791698694229,0.35720202326774597,0.6469709873199463,-0.1453075408935547,0.343288779258728,0.5049107074737549,-0.04842810705304146,0.36724618077278137,0.47899842262268066,-0.10970422625541687,0.3572885990142822,0.5560699701309204,-0.1571858525276184,0.3371737003326416,0.6194661259651184,-0.18070775270462036,0.30023208260536194,0.4649319350719452,-0.05941350758075714,0.32881423830986023,0.3337310254573822,-0.09540864825248718,0.3487870693206787,0.23987743258476257,-0.12223223596811295,0.3665712773799896,0.14876869320869446,-0.1404041051864624,0.2447284758090973,0.4690084457397461,-0.07883009314537048,0.24821723997592926,0.33990007638931274,-0.11624005436897278,0.25459060072898865,0.2512056231498718,-0.14661245048046112,0.26754412055015564,0.16393926739692688,-0.16495195031166077,0.18982276320457458,0.5102801322937012,-0.10148947685956955,0.14910472929477692,0.4229324758052826,-0.1294604241847992,0.12126913666725159,0.3645959198474884,-0.14053258299827576,0.10168418288230896,0.30432119965553284,-0.14714878797531128
F,0.23904743790626526,0.7619196772575378,3.3631394558142347e-07,0.2949722707271576,0.7366800308227539,-0.04043406993150711,0.3430270254611969,0.6963035464286804,-0.07548519968986511,0.372036874294281,0.6706514358520508,-0.11094456166028976,0.35895952582359314,0.6412608027458191,-0.14324502646923065,0.33929261565208435,0.5072290301322937,-0.0487886443734169,0.36320728063583374,0.4798726737499237,-0.10969550907611847,0.35392892360687256,0.5539737343788147,-0.15662361681461334,0.3337150812149048,0.6170807480812073,-0.1796298623085022,0.2947133481502533,0.46799325942993164,-0.05967588722705841,0.32229262590408325,0.3365287780761719,-0.09528272598981857,0.3423859477043152,0.2427661120891571,-0.12174353748559952,0.3595737814903259,0.15266123414039612,-0.13964255154132843,0.23868891596794128,0.47198784351348877,-0.0788925364613533,0.24244891107082367,0.34287264943122864,-0.11613139510154724,0.24893996119499207,0.25358569622039795,-0.14665479958057404,0.261099636554718,0.1670098602771759,-0.1652127504348755,0.1842612326145172,0.5129732489585876,-0.10123187303543091,0.14342838525772095,0.42591655254364014,-0.12971146404743195,0.11542302370071411,0.36850112676620483,-0.14105212688446045,0.0952412486076355,0.30968230962753296,-0.14775684475898743
F,0.23740869760513306,0.7692843675613403,3.1947374168339593e-07,0.2927383780479431,0.7438122630119324,-0.040710292756557465,0.340036004781723,0.7034221291542053,-0.07581720501184464,0.3699806034564972,0.6777900457382202,-0.11119971424341202,0.3592914640903473,0.6474156975746155,-0.14324180781841278,0.33885252475738525,0.5150206685066223,-0.04994716867804527,0.3636215627193451,0.4844619333744049,-0.11020185798406601,0.35348963737487793,0.559568464756012,-0.15626056492328644,0.3323681950569153,0.6232250928878784,-0.17879633605480194,0.2948590815067291,0.47562336921691895,-0.06044124811887741,0.32202649116516113,0.3447146415710449,-0.09581058472394943,0.34147748351097107,0.2507704496383667,-0.12190045416355133,0.3580590784549713,0.15951508283615112,-0.13985532522201538,0.23874890804290771,0.4790968894958496,-0.07923226803541183,0.2427818328142166,0.34982019662857056,-0.11632288992404938,0.248252734541893,0.2601415514945984,-0.14662963151931763,0.25922632217407227,0.17286530137062073,-0.16524025797843933,0.18389157950878143,0.5191208124160767,-0.10111358761787415,0.14319035410881042,0.4309327006340027,-0.12962332367897034,0.11503088474273682,0.37269943952560425,-0.14113354682922363,0.09456725418567657,0.3131151795387268,-0.14808139204978943
F,0.35918450355529785,0.7981289625167847,2.652169257544301e-07,0.40672460198402405,0.7797941565513611,-0.02898341603577137,0.45339614152908325,0.7461427450180054,-0.05405433848500252,0.48888227343559265,0.7270000576972961,-0.07988110929727554,0.4889686703681946,0.699016809463501,-0.10302881896495819,0.45196953415870667,0.6044196486473083,-0.032431814819574356,0.4782579243183136,0.5839208960533142,-0.07842559367418289,0.47617587447166443,0.64342200756073,-0.11355962604284286,0.4652102589607239,0.6909706592559814,-0.13049806654453278,0.42078208923339844,0.5708504915237427,-0.04071105644106865,0.45104074478149414,0.47593966126441956,-0.0684400349855423,0.4729231595993042,0.4095693826675415,-0.08900400996208191,0.49100634455680847,0.3437885344028473,-0.10238359123468399,0.37912091612815857,0.5673614144325256,-0.05545852333307266,0.3877061605453491,0.4660952091217041,-0.08501830697059631,0.39712056517601013,0.40160855650901794,-0.1089232936501503,0.4106298089027405,0.33963045477867126,-0.12292748689651489,0.33842507004737854,0.5931594967842102,-0.07239728420972824,0.30942246317863464,0.5243722200393677,-0.09535126388072968,0.2887486219406128,0.4793938994407654,-0.10538263618946075,0.2744576334953308,0.4333544373512268,-0.11100644618272781
F,0.11410651355981827,0.913947582244873,2.522944839711272e-07,0.16543079912662506,0.8568583130836487,-0.04516519233584404,0.20440518856048584,0.7668023705482483,-0.07341090589761734,0.21622665226459503,0.6928786635398865,-0.10161073505878448,0.200323224067688,0.6260322332382202,-0.1250261813402176,0.20661774277687073,0.5796475410461426,-0.024929378181695938,0.22678613662719727,0.49613454937934875,-0.08124567568302155,0.21166333556175232,0.5531019568443298,-0.12992535531520844,0.19056685268878937,0.6188759803771973,-0.15365417301654816,0.15628206729888916,0.5482215285301208,-0.02772313915193081,0.18521970510482788,0.4087856411933899,-0.05171137675642967,0.20460717380046844,0.32003167271614075,-0.07612738013267517,0.22399240732192993,0.23235580325126648,-0.09388312697410583,0.10023222118616104,0.5591217875480652,-0.04173935949802399,0.10783760249614716,0.426536500453949,-0.0677146315574646,0.11376864463090897,0.3360227048397064,-0.09446345269680023,0.1240086629986763,0.2513323724269867,-0.1122613400220871,0.042044542729854584,0.6072173118591309,-0.06076071038842201,0.014833979308605194,0.5146070122718811,-0.08336981385946274,-0.006045833230018616,0.44970571994781494,-0.0939943864941597,-0.024132035672664642,0.38784775137901306,-0.10034552961587906
F,0.11617500334978104,0.9167473912239075,2.6173836431553354e-07,0.16902700066566467,0.8614887595176697,-0.04656034708023071,0.2094770222902298,0.7716939449310303,-0.07467252016067505,0.22275537252426147,0.6957981586456299,-0.10235609114170074,0.2086828649044037,0.6263073086738586,-0.12492985278367996,0.2116011083126068,0.5811626315116882,-0.023581260815262794,0.2331046164035797,0.49611079692840576,-0.07906361669301987,0.21942290663719177,0.5508293509483337,-0.12755842506885529,0.2000931054353714,0.6154825091362,-0.1511319875717163,0.1620808243751526,0.5484039783477783,-0.025078939273953438,0.19153127074241638,0.4069164991378784,-0.04821976274251938,0.21126297116279602,0.31813591718673706,-0.07221280038356781,0.23200052976608276,0.23213693499565125,-0.08959171921014786,0.1069125309586525,0.5570419430732727,-0.03800052031874657,0.11771012097597122,0.42443132400512695,-0.06236434355378151,0.12593255937099457,0.3351310193538666,-0.08704257756471634,0.13914690911769867,0.2520163357257843,-0.10349058359861374,0.048804186284542084,0.6024921536445618,-0.05629162862896919,0.022845163941383362,0.5086005926132202,-0.07655519992113113,0.004541657865047455,0.4423533082008362,-0.08520159125328064,-0.009561412036418915,0.3795158863067627,-0.09037242084741592
F,0.19024071097373962,0.9206479787826538,2.734177257934789e-07,0.25181740522384644,0.8666930794715881,-0.04887871816754341,0.3049098253250122,0.7717374563217163,-0.07909112423658371,0.3423721194267273,0.6872536540031433,-0.10933946818113327,0.3554612994194031,0.6099122762680054,-0.1337701380252838,0.3001616299152374,0.5714263916015625,-0.030789241194725037,0.3344021737575531,0.4693388342857361,-0.0888337641954422,0.32321178913116455,0.5296735763549805,-0.13508851826190948,0.30348828434944153,0.6003233194351196,-0.1566624939441681,0.24563781917095184,0.535406231880188,-0.033163439482450485,0.27593231201171875,0.3851030468940735,-0.06014230474829674,0.29482218623161316,0.28815144300460815,-0.08435512334108353,0.31120049953460693,0.19212257862091064,-0.10136014968156815,0.18483617901802063,0.5419753193855286,-0.047306474298238754,0.18842391669750214,0.39861607551574707,-0.07606694847345352,0.196864515542984,0.30261123180389404,-0.10378824174404144,0.20968252420425415,0.21120762825012207,-0.12237145751714706,0.12292647361755371,0.5881524085998535,-0.06674306839704514,0.08348169922828674,0.4958147406578064,-0.09358543902635574,0.05750420689582825,0.42865222692489624,-0.10743743926286697,0.03705945611000061,0.36180227994918823,-0.1156347319483757
F,0.19525845348834991,0.9440563917160034,3.327779154460586e-07,0.2598801255226135,0.8665297031402588,-0.047942858189344406,0.3125949203968048,0.7497321367263794,-0.07828249037265778,0.3481011390686035,0.6454750299453735,-0.11029112339019775,0.33632683753967285,0.5558328032493591,-0.13723891973495483,0.2926292419433594,0.5411712527275085,-0.02318401448428631,0.32127684354782104,0.42966771125793457,-0.08217649161815643,0.31490594148635864,0.4866452217102051,-0.13134297728538513,0.2991066873073578,0.5560214519500732,-0.15481726825237274,0.2327674925327301,0.510079562664032,-0.029140885919332504,0.26090526580810547,0.3451894223690033,-0.05395937338471413,0.2772986888885498,0.2381436824798584,-0.07801389694213867,0.2914411127567291,0.13052117824554443,-0.09586163610219955,0.16815799474716187,0.5263206362724304,-0.048099324107170105,0.1662016063928604,0.3731011748313904,-0.07639964669942856,0.1708116978406906,0.26592493057250977,-0.1053209975361824,0.18106287717819214,0.16545283794403076,-0.12550349533557892,0.10052991658449173,0.5846783518791199,-0.07276451587677002,0.0500124990940094,0.48342594504356384,-0.1003173440694809,0.01620379090309143,0.4064873158931732,-0.1147625744342804,-0.010612651705741882,0.3315470814704895,-0.12403585761785507
F,0.4588983356952667,0.8483465313911438,3.1151230928117e-07,0.5331259369850159,0.7769745588302612,-0.031112875789403915,0.5955735445022583,0.6579803824424744,-0.048896972090005875,0.6436370611190796,0.5637561082839966,-0.06959870457649231,0.6644086837768555,0.48438069224357605,-0.08588036894798279,0.5476189255714417,0.4997522532939911,-0.006100108381360769,0.5892292261123657,0.40364301204681396,-0.056143783032894135,0.6119616627693176,0.44211000204086304,-0.0959601029753685,0.6183477640151978,0.5073800683021545,-0.11272408813238144,0.494950532913208,0.47225457429885864,-0.01323006022721529,0.5120189189910889,0.33084964752197266,-0.033866435289382935,0.5297691822052002,0.23901882767677307,-0.05189681053161621,0.5410162210464478,0.15606161952018738,-0.06372392922639847,0.4418729841709137,0.48066017031669617,-0.03141999989748001,0.4339248538017273,0.34496009349823,-0.05534622445702553,0.44079843163490295,0.2540605366230011,-0.07581906765699387,0.45064303278923035,0.17564183473587036,-0.08853080123662949,0.3906702697277069,0.5228663086891174,-0.05383020266890526,0.3347758650779724,0.44290411472320557,-0.07697857171297073,0.29966503381729126,0.38404741883277893,-0.08675196766853333,0.274029940366745,0.32673877477645874,-0.09125930815935135
F,0.43395429849624634,0.8301648497581482,3.5592475455814565e-07,0.5090750455856323,0.7566677331924438,-0.03148013353347778,0.569754958152771,0.6435338258743286,-0.050738394260406494,0.6125792860984802,0.5480571985244751,-0.07341697067022324,0.6287533640861511,0.4661628007888794,-0.09239644557237625,0.5221872925758362,0.4845867156982422,-0.0026863531675189734,0.5608810782432556,0.3924444317817688,-0.04916009679436684,0.5781797766685486,0.4230659008026123,-0.08738036453723907,0.5811244249343872,0.48391544818878174,-0.10393086075782776,0.46768495440483093,0.45755696296691895,-0.009709405712783337,0.48709872364997864,0.31811630725860596,-0.026679081842303276,0.5022497177124023,0.22913244366645813,-0.04225612431764603,0.512284517288208,0.14845842123031616,-0.05262700095772743,0.41331735253334045,0.46578720211982727,-0.027918841689825058,0.40774238109588623,0.3299124836921692,-0.049630969762802124,0.41260045766830444,0.24012398719787598,-0.06900284439325333,0.4209234416484833,0.16503828763961792,-0.08143603056669235,0.3596256971359253,0.5094002485275269,-0.050451818853616714,0.30408501625061035,0.4316597878932953,-0.07295803725719452,0.26764237880706787,0.37504512071609497,-0.08232177793979645,0.24048586189746857,0.32237881422042847,-0.08669932186603546
F,0.7473108172416687,0.8519123196601868,3.806063659794745e-07,0.839356005191803,0.7759536504745483,-0.027320098131895065,0.9129006862640381,0.6446896195411682,-0.04482473433017731,0.9743576645851135,0.5442829132080078,-0.06817236542701721,1.006171464920044,0.45958343148231506,-0.08746908605098724,0.839746356010437,0.45370736718177795,-0.004561308305710554,0.903232216835022,0.3493919372558594,-0.06380077451467514,0.9510003924369812,0.3747103810310364,-0.10716992616653442,0.9793445467948914,0.4430025517940521,-0.12402483075857162,0.7847508192062378,0.4174957871437073,-0.0186263807117939,0.7971481084823608,0.24801503121852875,-0.04360654577612877,0.8201361298561096,0.14097511768341064,-0.05848443880677223,0.835321843624115,0.05155554413795471,-0.06547464430332184,0.7301831245422363,0.42663589119911194,-0.04483477398753166,0.7146443128585815,0.2624673843383789,-0.07587715238332748,0.722811222076416,0.1501181423664093,-0.09100187569856644,0.7329133152961731,0.056554704904556274,-0.09642938524484634,0.6783263087272644,0.4729413390159607,-0.07549840211868286,0.6109989285469055,0.3732273280620575,-0.10948213934898376,0.5705655217170715,0.29312634468078613,-0.11941675841808319,0.5416972041130066,0.217148095369339,-0.11962410807609558
F,0.7384869456291199,0.8465529680252075,4.0010675661505957e-07,0.8304988741874695,0.7761800289154053,-0.02474515326321125,0.9012154936790466,0.6405379772186279,-0.040207747370004654,0.964127779006958,0.5438010096549988,-0.06219679117202759,1.0135629177093506,0.478986531496048,-0.08076835423707962,0.8345587253570557,0.4545229971408844,-0.00029010168509557843,0.897580623626709,0.3525528907775879,-0.05629078298807144,0.9442428350448608,0.37635400891304016,-0.09794998914003372,0.971565306186676,0.4428170919418335,-0.11436523497104645,0.7796739935874939,0.4177359938621521,-0.014891968108713627,0.794519305229187,0.24949835240840912,-0.03707394003868103,0.8193022012710571,0.14367905259132385,-0.05022434517741203,0.8359106779098511,0.05497092008590698,-0.05590900778770447,0.7255658507347107,0.4245745837688446,-0.04132331907749176,0.711945116519928,0.26136088371276855,-0.06945405155420303,0.7216912508010864,0.15070316195487976,-0.08319810032844543,0.7326845526695251,0.05892676115036011,-0.0877232626080513,0.6730608940124512,0.468046635389328,-0.07217204570770264,0.6076576709747314,0.36707061529159546,-0.10279758274555206,0.5695433616638184,0.28765517473220825,-0.11084587126970291,0.5428696870803833,0.213557630777359,-0.11003295332193375
F,0.6344552040100098,0.8808276653289795,4.390901722217677e-07,0.7248722314834595,0.813728928565979,-0.027601594105362892,0.8058533668518066,0.7061273455619812,-0.0516287237405777,0.8792440295219421,0.6183301210403442,-0.0810333713889122,0.921358585357666,0.5318986773490906,-0.10739004611968994,0.7554163336753845,0.5156139731407166,-0.010422131046652794,0.8290873765945435,0.43951451778411865,-0.07072361558675766,0.8669084310531616,0.47771990299224854,-0.11778884381055832,0.8780285120010376,0.5498870611190796,-0.13772232830524445,0.7074741125106812,0.4751143455505371,-0.026646671816706657,0.7492146492004395,0.3145860433578491,-0.05305943265557289,0.7814162373542786,0.2070055603981018,-0.07417414337396622,0.8012760877609253,0.11408624053001404,-0.08740786463022232,0.6522067189216614,0.47604525089263916,-0.05403926596045494,0.662232518196106,0.3140103816986084,-0.08531475067138672,0.6820806264877319,0.20333272218704224,-0.10766161233186722,0.7008615732192993,0.11190128326416016,-0.12008450925350189,0.5950926542282104,0.515308678150177,-0.08508951216936111,0.5404231548309326,0.40507906675338745,-0.11576709896326065,0.5100136399269104,0.32344239950180054,-0.12530578672885895,0.4894592761993408,0.2498505413532257,-0.1278715580701828
F,0.6347976326942444,0.867073655128479,4.875940362580877e-07,0.7226260900497437,0.8032948970794678,-0.02650807425379753,0.8041115999221802,0.6967637538909912,-0.04968402162194252,0.8788236379623413,0.6108756065368652,-0.0784834548830986,0.9182441234588623,0.5255041122436523,-0.10468288511037827,0.7526598572731018,0.5090808868408203,-0.00879862904548645,0.8238762617111206,0.44205576181411743,-0.06624772399663925,0.864181399345398,0.46902939677238464,-0.11008798331022263,0.8808301687240601,0.5305418968200684,-0.12851466238498688,0.7056781649589539,0.46780845522880554,-0.025555482134222984,0.7448154091835022,0.30933111906051636,-0.0502854622900486,0.7771039605140686,0.20349109172821045,-0.06648577749729156,0.7990932464599609,0.1120331883430481,-0.07521749287843704,0.6515790224075317,0.46791815757751465,-0.05342898517847061,0.6613293290138245,0.3083709478378296,-0.08409125357866287,0.6804580092430115,0.19827130436897278,-0.10116981714963913,0.699135959148407,0.10744670033454895,-0.10904212296009064,0.595114529132843,0.5066543817520142,-0.0851990357041359,0.5423356294631958,0.39995867013931274,-0.11678049713373184,0.5128259658813477,0.318576455116272,-0.12437169253826141,0.49339643120765686,0.24430367350578308,-0.12452399730682373
F,0.6112691164016724,0.8618443012237549,3.7649186879207264e-07,0.7005789279937744,0.7954769134521484,-0.028854630887508392,0.7791111469268799,0.686897873878479,-0.0520101897418499,0.8496813178062439,0.6002070307731628,-0.08056598901748657,0.8891476988792419,0.5147994756698608,-0.1056830883026123,0.7353789806365967,0.501309871673584,-0.0069427769631147385,0.7994374632835388,0.4179590344429016,-0.06622535735368729,0.8315346837043762,0.4602109491825104,-0.11233736574649811,0.8403518795967102,0.5354704260826111,-0.13184168934822083,0.6860753297805786,0.46232128143310547,-0.02211206778883934,0.7249326109886169,0.30754852294921875,-0.048094991594552994,0.7545459270477295,0.20456072688102722,-0.06951514631509781,0.7746127843856812,0.11340975761413574,-0.08345657587051392,0.6302143931388855,0.46393394470214844,-0.04909117892384529,0.6431927680969238,0.30508196353912354,-0.0802784264087677,0.6625158190727234,0.1985139548778534,-0.10337641835212708,0.6815468668937683,0.10916811227798462,-0.11689259856939316,0.5727079510688782,0.5028650164604187,-0.07999212294816971,0.5226755142211914,0.39517349004745483,-0.11098574101924896,0.49347051978111267,0.3146200180053711,-0.12259592860937119,0.4738819897174835,0.24021127820014954,-0.12726637721061707
F,0.5825513601303101,0.8460395336151123,3.8450750139418233e-07,0.672044575214386,0.7819219827651978,-0.02747630514204502,0.7501171827316284,0.6704741716384888,-0.047623276710510254,0.8171181082725525,0.5830828547477722,-0.07304048538208008,0.8487349152565002,0.5009138584136963,-0.09604765474796295,0.7117702960968018,0.49671411514282227,-0.004765668883919716,0.768664538860321,0.4117996096611023,-0.0599442757666111,0.7947909832000732,0.43575477600097656,-0.10362497717142105,0.798937976360321,0.4990327060222626,-0.12260739505290985,0.6593488454818726,0.4561454653739929,-0.019111936911940575,0.6978968381881714,0.3028492331504822,-0.043412309139966965,0.7265750765800476,0.20233985781669617,-0.06311686336994171,0.7466425895690918,0.11593982577323914,-0.07573245465755463,0.6024391651153564,0.45450884103775024,-0.04493571072816849,0.6168758869171143,0.2990916967391968,-0.07485693693161011,0.6373974680900574,0.19415143132209778,-0.09824249148368835,0.6585007905960083,0.10693329572677612,-0.11239028722047806,0.5434793829917908,0.49021127820014954,-0.07448451220989227,0.4957502484321594,0.3864957094192505,-0.10529083758592606,0.465485155582428,0.30872058868408203,-0.11800787597894669,0.4451892077922821,0.23710787296295166,-0.12394510954618454
F,0.5468325614929199,0.8440396785736084,2.522878617128299e-07,0.6325262188911438,0.7954777479171753,-0.022144246846437454,0.7054643034934998,0.704484224319458,-0.038778163492679596,0.7670382261276245,0.6338958740234375,-0.06085316091775894,0.7934792637825012,0.5610777735710144,-0.0808391124010086,0.6853119730949402,0.542685866355896,-0.005971160251647234,0.7347291111946106,0.46577543020248413,-0.05580710247159004,0.752338707447052,0.5023317337036133,-0.09481572359800339,0.7512721419334412,0.5645500421524048,-0.11220178753137589,0.641327977180481,0.5048374533653259,-0.020754940807819366,0.6812790036201477,0.36712712049484253,-0.044095687568187714,0.7121040225028992,0.2756204903125763,-0.0644240453839302,0.7357145547866821,0.1903291940689087,-0.07879619300365448,0.5889728665351868,0.503098726272583,-0.04540564492344856,0.6086838841438293,0.3634294867515564,-0.07314769178628922,0.6299440860748291,0.26745182275772095,-0.09834566712379456,0.6510389447212219,0.18288654088974,-0.11524652689695358,0.5331707000732422,0.5338680148124695,-0.07305605709552765,0.49420034885406494,0.4358285665512085,-0.10210669040679932,0.4710538983345032,0.35836493968963623,-0.11729778349399567,0.4567304849624634,0.2846590280532837,-0.1264999359846115
F,0.5919442176818848,0.8249496221542358,2.94053194238586e-07,0.671315610408783,0.7832116484642029,-0.020940344780683517,0.739499032497406,0.7001572847366333,-0.0378057099878788,0.8007429838180542,0.6320635080337524,-0.06008513271808624,0.8325392007827759,0.5633231401443481,-0.08054262399673462,0.719510555267334,0.547459065914154,-0.0016966847470030189,0.77190762758255,0.4843064546585083,-0.047278717160224915,0.7916854619979858,0.5085691213607788,-0.08200633525848389,0.7926403880119324,0.5641657710075378,-0.09665817022323608,0.6796209812164307,0.5093651413917542,-0.015291175805032253,0.7193683385848999,0.38539665937423706,-0.03518221899867058,0.7495052814483643,0.30445003509521484,-0.04966690018773079,0.7744609117507935,0.23096954822540283,-0.05884229391813278,0.6324532628059387,0.5041103363037109,-0.03868398815393448,0.6536227464675903,0.3767165541648865,-0.06345104426145554,0.677108645439148,0.28960347175598145,-0.081736721098423,0.7006955742835999,0.21615740656852722,-0.09312953799962997,0.5821266174316406,0.5292292237281799,-0.06520942598581314,0.547076940536499,0.4378926753997803,-0.0919809564948082,0.5282838940620422,0.3656596541404724,-0.10342427343130112,0.5185131430625916,0.29831236600875854,-0.109224334359169
F,0.5949925184249878,0.8295871019363403,2.8942903895767813e-07,0.6751534938812256,0.7886620163917542,-0.024156158789992332,0.7452237606048584,0.7071412801742554,-0.04244130477309227,0.8069590330123901,0.6398528814315796,-0.06534980982542038,0.841632604598999,0.5712000131607056,-0.08591252565383911,0.7275711894035339,0.5501805543899536,-0.005380469374358654,0.7833494544029236,0.4827493727207184,-0.052859049290418625,0.8022158741950989,0.5114932656288147,-0.08890778571367264,0.8012083768844604,0.570462167263031,-0.10423681139945984,0.6874603033065796,0.5117384195327759,-0.01792396977543831,0.7275174856185913,0.385110080242157,-0.039665717631578445,0.7578758001327515,0.30377212166786194,-0.056500304490327835,0.7827798128128052,0.23167920112609863,-0.0675366148352623,0.6395047903060913,0.5069239139556885,-0.040424905717372894,0.6615763902664185,0.37933969497680664,-0.06661462038755417,0.685987651348114,0.2935117185115814,-0.08643154799938202,0.7108458876609802,0.2215871512889862,-0.09888622164726257,0.5880701541900635,0.5321797728538513,-0.06622112542390823,0.5535663962364197,0.4387497901916504,-0.09377558529376984,0.5355954766273499,0.3659094572067261,-0.10587627440690994,0.5267350673675537,0.29822519421577454,-0.11214640736579895
F,0.6225835680961609,0.8181571960449219,4.2407046407788584e-07,0.7133677005767822,0.7620589733123779,-0.040649134665727615,0.7978671193122864,0.6533900499343872,-0.06948719918727875,0.8781379461288452,0.5620031952857971,-0.10258200019598007,0.9211631417274475,0.470821738243103,-0.13168635964393616,0.7653982639312744,0.45574524998664856,-0.017099473625421524,0.8327513933181763,0.36458510160446167,-0.08156368881464005,0.8603053689002991,0.412302166223526,-0.12840500473976135,0.8640289306640625,0.4927140176296234,-0.14740027487277985,0.7143111228942871,0.41388067603111267,-0.028742516413331032,0.7561923265457153,0.24913416802883148,-0.05813800171017647,0.7907640337944031,0.1421966254711151,-0.07879981398582458,0.8169240355491638,0.04144704341888428,-0.09118806570768356,0.6564757823944092,0.4168228209018707,-0.053993452340364456,0.6726038455963135,0.2449583113193512,-0.09107018262147903,0.6934885382652283,0.12994888424873352,-0.11707817763090134,0.7150707244873047,0.030698835849761963,-0.13149972259998322,0.5975353717803955,0.45945462584495544,-0.08398828655481339,0.5490193367004395,0.34373319149017334,-0.12341289967298508,0.5177356004714966,0.2555399537086487,-0.14024971425533295,0.49538999795913696,0.1738872528076172,-0.14734257757663727
F,0.6248722076416016,0.8412734270095825,4.1646256931926473e-07,0.7178375124931335,0.7841384410858154,-0.03814024478197098,0.8045175671577454,0.6811055541038513,-0.06671446561813354,0.8836847543716431,0.5922520756721497,-0.09934474527835846,0.9301150441169739,0.5035780668258667,-0.1285397708415985,0.7713154554367065,0.4791966676712036,-0.0207764133810997,0.842724084854126,0.38792121410369873,-0.08332925289869308,0.8724027872085571,0.43283388018608093,-0.12919694185256958,0.8769088983535767,0.5113123059272766,-0.1485872119665146,0.7209903597831726,0.435599684715271,-0.033643774688243866,0.7657325267791748,0.2690688967704773,-0.06327435374259949,0.8016016483306885,0.15979492664337158,-0.08610934764146805,0.8269001841545105,0.05951857566833496,-0.10097494721412659,0.6624690890312195,0.43795567750930786,-0.058846209198236465,0.6790674924850464,0.2616627812385559,-0.0963672325015068,0.701006293296814,0.1438368558883667,-0.12528705596923828,0.7230868935585022,0.04313093423843384,-0.1424696296453476,0.602681040763855,0.48019522428512573,-0.08808891475200653,0.5533287525177002,0.3617714047431946,-0.12836138904094696,0.522307276725769,0.27357593178749084,-0.1464843899011612,0.49993157386779785,0.1924842894077301,-0.15500639379024506
F,0.6318473815917969,0.8361955881118774,4.3796319459943334e-07,0.7236848473548889,0.7811752557754517,-0.03783727437257767,0.808833658695221,0.6770264506340027,-0.06579094380140305,0.8880232572555542,0.5896323919296265,-0.09781885892152786,0.9332318902015686,0.5016222596168518,-0.12656596302986145,0.7770881652832031,0.4818986654281616,-0.01901230774819851,0.8490159511566162,0.3965296149253845,-0.08227412402629852,0.8776923418045044,0.4386349022388458,-0.12884949147701263,0.8804062604904175,0.5143810510635376,-0.14836536347866058,0.7260580658912659,0.43686702847480774,-0.031932760030031204,0.7689666152000427,0.2697838842868805,-0.061661358922719955,0.8063072562217712,0.16299894452095032,-0.08301962167024612,0.8336473107337952,0.06590491533279419,-0.09611794352531433,0.668088436126709,0.43821728229522705,-0.05743362754583359,0.6836064457893372,0.2664453387260437,-0.09445351362228394,0.7066497206687927,0.15139910578727722,-0.1209106370806694,0.7299009561538696,0.05255669355392456,-0.1358805000782013,0.6090033650398254,0.47873714566230774,-0.08714407682418823,0.5625447630882263,0.3632391691207886,-0.1260422319173813,0.5330936312675476,0.27656885981559753,-0.14200617372989655,0.5119848251342773,0.19653671979904175,-0.14879900217056274
F,0.6258363723754883,0.843302309513092,4.01533469585047e-07,0.7183464169502258,0.788550853729248,-0.0366450734436512,0.8039029240608215,0.6879374384880066,-0.06425491720438004,0.8818156123161316,0.6030488014221191,-0.09611276537179947,0.9264843463897705,0.5165499448776245,-0.12463222444057465,0.771882951259613,0.49316293001174927,-0.020115181803703308,0.8440292477607727,0.40621882677078247,-0.08258100599050522,0.8727193474769592,0.45052585005760193,-0.1280117630958557,0.8756828904151917,0.5264802575111389,-0.1469579041004181,0.7219942212104797,0.44959989190101624,-0.03341837227344513,0.7660857439041138,0.28526538610458374,-0.06324182450771332,0.802396833896637,0.17804759740829468,-0.08490471541881561,0.8282912373542786,0.07873031497001648,-0.0986538827419281,0.6645298600196838,0.4508606791496277,-0.05896035209298134,0.6805756688117981,0.27927374839782715,-0.09583364427089691,0.7032691836357117,0.16323283314704895,-0.12314330041408539,0.7258467674255371,0.06265372037887573,-0.1390438824892044,0.6056767106056213,0.4904436469078064,-0.08850550651550293,0.5586680769920349,0.3731500506401062,-0.12723515927791595,0.5289190411567688,0.2856181859970093,-0.14391934871673584,0.5073919296264648,0.2048998773097992,-0.15154780447483063
F,0.6235576272010803,0.84675133228302,3.8354821185748733e-07,0.7159268260002136,0.7934160232543945,-0.03693194314837456,0.8008372783660889,0.6907997131347656,-0.06349179148674011,0.8785039186477661,0.6057958006858826,-0.09396308660507202,0.9244763851165771,0.521551787853241,-0.12108658999204636,0.7702717185020447,0.4977756440639496,-0.021048707887530327,0.8424668312072754,0.4127521514892578,-0.08348251134157181,0.8695072531700134,0.45875295996665955,-0.1292264312505722,0.8715578317642212,0.5322577953338623,-0.1486126333475113,0.7197624444961548,0.45374274253845215,-0.03431889787316322,0.7633798122406006,0.2880915105342865,-0.06467042118310928,0.799316942691803,0.1819126009941101,-0.08629687130451202,0.8243948221206665,0.08339136838912964,-0.09966632723808289,0.6622897386550903,0.45582449436187744,-0.059793371707201004,0.6772633790969849,0.28346124291419983,-0.09768115729093552,0.7004416584968567,0.1689518392086029,-0.12515737116336823,0.7237836718559265,0.06793180108070374,-0.1406499147415161,0.6039303541183472,0.49679258465766907,-0.08921677619218826,0.5575788617134094,0.37818393111228943,-0.1287556141614914,0.5273770093917847,0.29130491614341736,-0.14552858471870422,0.5055136680603027,0.21015796065330505,-0.1529090851545334
F,0.6193410754203796,0.8475080728530884,3.952492590997281e-07,0.7103736996650696,0.7966615557670593,-0.03816428408026695,0.7935568690299988,0.6956034898757935,-0.06541352719068527,0.8696843385696411,0.6105647087097168,-0.09625120460987091,0.9161064028739929,0.5271473526954651,-0.12356144189834595,0.7642510533332825,0.5021947026252747,-0.022325564175844193,0.8339882493019104,0.4151427745819092,-0.08511184900999069,0.8596892356872559,0.46444079279899597,-0.13178876042366028,0.860686182975769,0.5399878621101379,-0.15207575261592865,0.7142895460128784,0.4565165042877197,-0.034946028143167496,0.7595190405845642,0.2931984066963196,-0.0660112053155899,0.7950831651687622,0.18536129593849182,-0.08990795165300369,0.8199316263198853,0.08463254570960999,-0.10548356920480728,0.6567472219467163,0.4563523828983307,-0.05969947203993797,0.6744149923324585,0.28446727991104126,-0.09787344187498093,0.6960475444793701,0.1710396111011505,-0.12749682366847992,0.7179321646690369,0.07081872224807739,-0.14509476721286774,0.5981229543685913,0.4952858090400696,-0.08840272575616837,0.5528942942619324,0.3786066770553589,-0.12758682668209076,0.5225089192390442,0.29378741979599,-0.14521782100200653,0.5005933046340942,0.21402177214622498,-0.15384480357170105
F,0.6616760492324829,0.7552170753479004,3.9917952676660207e-07,0.7229200601577759,0.7409467697143555,-0.024133002385497093,0.7834423780441284,0.7123126983642578,-0.04488139972090721,0.8360452651977539,0.6831528544425964,-0.0677986592054367,0.8470001220703125,0.6331859827041626,-0.08798668533563614,0.7501565217971802,0.5689737200737,-0.019157037138938904,0.7944759726524353,0.5427446365356445,-0.058619894087314606,0.8168365359306335,0.5788989067077637,-0.08644890040159225,0.8223689794540405,0.6213369369506836,-0.09720132499933243,0.7248312830924988,0.5320143699645996,-0.027175841853022575,0.7589064836502075,0.43421119451522827,-0.046385183930397034,0.7841550707817078,0.3719370365142822,-0.0565020851790905,0.8015130758285522,0.3146893382072449,-0.060732580721378326,0.6928361058235168,0.5206567049026489,-0.042132116854190826,0.6987492442131042,0.4195708632469177,-0.06505122035741806,0.7103586196899414,0.35258761048316956,-0.0771624892950058,0.7209331393241882,0.29733988642692566,-0.08150174468755722,0.6592352390289307,0.5344783663749695,-0.05982354283332825,0.6282554268836975,0.4650825560092926,-0.08002221584320068,0.6084970235824585,0.41548433899879456,-0.08515148609876633,0.5956413745880127,0.3706347346305847,-0.08495261520147324
F,0.6665922403335571,0.7618390321731567,3.6137427628091245e-07,0.7275551557540894,0.7454986572265625,-0.024171222001314163,0.7875885367393494,0.7155479192733765,-0.04551710560917854,0.8404108285903931,0.6890283226966858,-0.06905913352966309,0.8551817536354065,0.6380036473274231,-0.0897253081202507,0.7596615552902222,0.5665643215179443,-0.019256724044680595,0.8047442436218262,0.5433188676834106,-0.06060383468866348,0.8247047662734985,0.5874829888343811,-0.09075991809368134,0.8275483250617981,0.6335737109184265,-0.10315783321857452,0.7337130904197693,0.5293138027191162,-0.028209760785102844,0.7669528722763062,0.4308682084083557,-0.04939277097582817,0.7926194071769714,0.3679313659667969,-0.06226619705557823,0.8103677034378052,0.31041568517684937,-0.06852971017360687,0.6999579668045044,0.5197974443435669,-0.04427432641386986,0.7059555649757385,0.41559863090515137,-0.06984799355268478,0.7184795141220093,0.34647953510284424,-0.0854325219988823,0.7305516004562378,0.28794485330581665,-0.09205261617898941,0.6653991937637329,0.5371500253677368,-0.06277310103178024,0.6332647204399109,0.4657631814479828,-0.08590081334114075,0.6124954223632812,0.41415563225746155,-0.0933430939912796,0.5986543893814087,0.36629509925842285,-0.09464521706104279
F,0.6687721014022827,0.772226870059967,3.606286327340058e-07,0.7282145023345947,0.7557984590530396,-0.024396274238824844,0.7890336513519287,0.7245187759399414,-0.046226829290390015,0.8433622121810913,0.7015539407730103,-0.0697496309876442,0.8648349046707153,0.6562585234642029,-0.09024523198604584,0.7643705606460571,0.5707500576972961,-0.021632343530654907,0.8147256374359131,0.5498062968254089,-0.06392648071050644,0.8346876502037048,0.5982502698898315,-0.09563590586185455,0.8365175127983093,0.6452873349189758,-0.10970842093229294,0.7407074570655823,0.5331516861915588,-0.031411610543727875,0.7790716886520386,0.4329943358898163,-0.054951366037130356,0.8075854778289795,0.36631420254707336,-0.07198906689882278,0.8264132738113403,0.30559223890304565,-0.08186614513397217,0.7072232365608215,0.5239977836608887,-0.047826796770095825,0.7167052030563354,0.41496139764785767,-0.07519920915365219,0.7298765778541565,0.3442739248275757,-0.09419552981853485,0.7427319288253784,0.2822054624557495,-0.10371144860982895,0.6725476384162903,0.5424336791038513,-0.06640015542507172,0.6415932774543762,0.46828413009643555,-0.09053772687911987,0.6217101216316223,0.41549184918403625,-0.09906347095966339,0.6087321639060974,0.3646063208580017,-0.1016835868358612
F,0.6725384593009949,0.7701528668403625,3.682970941554231e-07,0.7350947856903076,0.7526103258132935,-0.026904113590717316,0.7974182963371277,0.719231367111206,-0.04991244897246361,0.8544682860374451,0.6947613954544067,-0.07448041439056396,0.8789393305778503,0.6471214890480042,-0.0959821492433548,0.7748771905899048,0.5639630556106567,-0.02417289838194847,0.8267386555671692,0.5396997928619385,-0.07057761400938034,0.8469384908676147,0.590105414390564,-0.10577196627855301,0.8498501181602478,0.6398157477378845,-0.12173628807067871,0.7481893301010132,0.5238734483718872,-0.0335310734808445,0.7868030071258545,0.4185540974140167,-0.05938228964805603,0.8172901272773743,0.3517877459526062,-0.07816634327173233,0.8384394645690918,0.2904702425003052,-0.08932734280824661,0.7122881412506104,0.5135499835014343,-0.05010063573718071,0.7228456139564514,0.40009450912475586,-0.07936999201774597,0.7378970384597778,0.3278958201408386,-0.10023719817399979,0.752838671207428,0.263886958360672,-0.11102395504713058,0.6758782863616943,0.5330025553703308,-0.0690758153796196,0.6437186002731323,0.4559584856033325,-0.09456648677587509,0.6239558458328247,0.40097111463546753,-0.10438638925552368,0.6112070083618164,0.3485221862792969,-0.10793252289295197
F,0.664790689945221,0.7623697519302368,4.5628510747519613e-07,0.7384534478187561,0.7443013191223145,-0.027918022125959396,0.8138724565505981,0.7037651538848877,-0.05376873165369034,0.8811383843421936,0.6771740913391113,-0.08249019086360931,0.9141752123832703,0.6191239356994629,-0.1079154908657074,0.7957966923713684,0.5175085067749023,-0.022621219977736473,0.8582969903945923,0.49551740288734436,-0.0754762664437294,0.8827628493309021,0.551815927028656,-0.11540007591247559,0.8874809741973877,0.6080397963523865,-0.13368886709213257,0.7671921849250793,0.47357645630836487,-0.036648012697696686,0.8151869773864746,0.35353219509124756,-0.06632799655199051,0.8555583953857422,0.2742314338684082,-0.08726625144481659,0.8854188919067383,0.19979864358901978,-0.09929906576871872,0.7255509495735168,0.4637722373008728,-0.05918712168931961,0.7448469996452332,0.32894882559776306,-0.09431440383195877,0.7645130157470703,0.2422279417514801,-0.11727608740329742,0.7835270762443542,0.16480594873428345,-0.1284431368112564,0.6818533539772034,0.4889192283153534,-0.08432484418153763,0.6497828960418701,0.39439457654953003,-0.1172293946146965,0.6304097175598145,0.32557567954063416,-0.12871311604976654,0.6178038120269775,0.2600017488002777,-0.1318831443786621
F,0.6066762208938599,0.8113704919815063,5.294893981044879e-07,0.7004024982452393,0.7858442068099976,-0.03713857755064964,0.7947289347648621,0.7364998459815979,-0.06931831687688828,0.877551794052124,0.7041640877723694,-0.10465658456087112,0.9150315523147583,0.6327935457229614,-0.13587267696857452,0.7695586681365967,0.4971698522567749,-0.031967733055353165,0.8446028828620911,0.4636862277984619,-0.10185438394546509,0.8679283857345581,0.547903299331665,-0.15588976442813873,0.8665703535079956,0.6253604292869568,-0.18031038343906403,0.7292594909667969,0.43995389342308044,-0.048463739454746246,0.7926986813545227,0.28438496589660645,-0.0858016386628151,0.8425391316413879,0.17989614605903625,-0.1150134727358818,0.8794177174568176,0.07907861471176147,-0.13276198506355286,0.6716008186340332,0.42826759815216064,-0.07600454241037369,0.700390636920929,0.25604623556137085,-0.12117642164230347,0.7249670624732971,0.14709654450416565,-0.1563502550125122,0.7478901743888855,0.0490763783454895,-0.17486417293548584,0.6105031371116638,0.46272963285446167,-0.10642200708389282,0.5682121515274048,0.34095972776412964,-0.14752605557441711,0.5383941531181335,0.2590164542198181,-0.16421370208263397,0.5171621441841125,0.1804656982421875,-0.1704917550086975
F,0.5590023398399353,0.9588816165924072,5.949950150352379e-07,0.6749393939971924,0.9252430200576782,-0.05657275766134262,0.7960191965103149,0.8556545972824097,-0.10348828136920929,0.8987529277801514,0.8221727013587952,-0.15141801536083221,0.943834125995636,0.7522813081741333,-0.19214428961277008,0.7632524371147156,0.5534008741378784,-0.060960713773965836,0.8639662861824036,0.5212015509605408,-0.15527255833148956,0.8802380561828613,0.6483891010284424,-0.22559316456317902,0.8671240210533142,0.7520533204078674,-0.25844496488571167,0.7045800685882568,0.4846555292606354,-0.07919973880052567,0.77986741065979,0.2949373126029968,-0.13883505761623383,0.8368324041366577,0.16345077753067017,-0.18576696515083313,0.8787203431129456,0.03703862428665161,-0.21561110019683838,0.628683865070343,0.4787311553955078,-0.11028837412595749,0.6583936810493469,0.26316723227500916,-0.17475616931915283,0.68522047996521,0.12532439827919006,-0.22360359132289886,0.7163681983947754,-0.004340469837188721,-0.2505292296409607,0.5530142784118652,0.5330420732498169,-0.1453811079263687,0.49317049980163574,0.387093186378479,-0.20034953951835632,0.4528541564941406,0.2855417728424072,-0.2237229347229004,0.4267083704471588,0.18125364184379578,-0.23407027125358582
F,0.5503700971603394,0.9925638437271118,5.846671342624177e-07,0.6696226000785828,0.9603776931762695,-0.0603133849799633,0.7939443588256836,0.8903799057006836,-0.10979379713535309,0.8962176442146301,0.8550230264663696,-0.16007168591022491,0.9540258049964905,0.7889935970306396,-0.20387212932109833,0.7626215815544128,0.575899064540863,-0.06800360232591629,0.8629327416419983,0.5406238436698914,-0.1634378731250763,0.8811255693435669,0.6691970825195312,-0.23513349890708923,0.870292067527771,0.7763311862945557,-0.2694843113422394,0.699712336063385,0.5040987730026245,-0.08533985167741776,0.7747025489807129,0.3136105537414551,-0.14639100432395935,0.8344045281410217,0.1778286099433899,-0.19551753997802734,0.8789743185043335,0.04736405611038208,-0.22780197858810425,0.6183191537857056,0.4977406859397888,-0.11540907621383667,0.648012101650238,0.272373765707016,-0.1815105676651001,0.6763056516647339,0.12425816059112549,-0.23378708958625793,0.7090907096862793,-0.01361781358718872,-0.2638709843158722,0.5352631211280823,0.5552588105201721,-0.14941300451755524,0.4711613059043884,0.4029596447944641,-0.20648153126239777,0.42928847670555115,0.2956153452396393,-0.23203884065151215,0.4016050398349762,0.18828323483467102,-0.24434439837932587
F,0.5668245553970337,0.9335384368896484,4.983369876754296e-07,0.6775657534599304,0.898987352848053,-0.046004243195056915,0.7870393991470337,0.8339093327522278,-0.08520060032606125,0.8794925212860107,0.7956750392913818,-0.12583598494529724,0.9400342702865601,0.736018180847168,-0.161306232213974,0.7608711123466492,0.5719162225723267,-0.051945917308330536,0.8555560111999512,0.5322282314300537,-0.12984506785869598,0.8798895478248596,0.6314975619316101,-0.18706418573856354,0.8759624361991882,0.7207117080688477,-0.2138134092092514,0.7144972085952759,0.509223222732544,-0.06851192563772202,0.7873363494873047,0.33282947540283203,-0.11475799977779388,0.8462215065956116,0.21278977394104004,-0.15161016583442688,0.88762366771698,0.10126790404319763,-0.17604129016399384,0.6505684852600098,0.5021762847900391,-0.09607838094234467,0.6838382482528687,0.29983893036842346,-0.150056391954422,0.7136170268058777,0.17341995239257812,-0.19459035992622375,0.743849515914917,0.058299481868743896,-0.2205970138311386,0.585269570350647,0.5478205680847168,-0.12662598490715027,0.5313035845756531,0.40985506772994995,-0.1780892163515091,0.4953577518463135,0.313022643327713,-0.20278674364089966,0.471183180809021,0.21795418858528137,-0.2149965614080429
F,0.6281678080558777,0.8368529677391052,4.412736700487585e-07,0.720670223236084,0.8144395351409912,-0.034059181809425354,0.8132752180099487,0.7631727457046509,-0.06359267979860306,0.8904199600219727,0.7321503162384033,-0.09586746245622635,0.9389291405677795,0.6775874495506287,-0.1244891807436943,0.791258692741394,0.5551390051841736,-0.03123084083199501,0.8712544441223145,0.5320371389389038,-0.09532792121171951,0.8947207927703857,0.6042878031730652,-0.1428145468235016,0.893456757068634,0.673090398311615,-0.16459764540195465,0.7570840120315552,0.5041000843048096,-0.04636724293231964,0.816816508769989,0.3677787780761719,-0.08496004343032837,0.8690195083618164,0.27816876769065857,-0.11380445212125778,0.9069700241088867,0.1950969398021698,-0.13118228316307068,0.7076236605644226,0.49492737650871277,-0.07111138105392456,0.7350660562515259,0.3358590304851532,-0.11582332849502563,0.7620601058006287,0.23346924781799316,-0.14848493039608002,0.7887145280838013,0.14047256112098694,-0.1656648963689804,0.6566330194473267,0.526192307472229,-0.09843025356531143,0.6178292036056519,0.41465818881988525,-0.14040257036685944,0.5950089693069458,0.33433541655540466,-0.15804822742938995,0.5801149010658264,0.2572798430919647,-0.1649022251367569
F,0.5660663843154907,0.8200671672821045,3.5412284660196747e-07,0.6681718230247498,0.768765926361084,-0.0028589428402483463,0.7550277709960938,0.6936283707618713,-0.019904669374227524,0.8284999132156372,0.6526233553886414,-0.04754099249839783,0.8802120685577393,0.5994406938552856,-0.07211713492870331,0.6969811916351318,0.49068301916122437,0.00866014789789915,0.7849752902984619,0.46189984679222107,-0.04983503744006157,0.8323082327842712,0.5258222818374634,-0.0944633036851883,0.8531289100646973,0.6011152267456055,-0.11351525038480759,0.6711421608924866,0.45311668515205383,-0.021587984636425972,0.7143889665603638,0.2983889579772949,-0.04953942820429802,0.7559142708778381,0.1956687569618225,-0.06976456195116043,0.7831318378448486,0.10756298899650574,-0.08115072548389435,0.6368083953857422,0.4567806124687195,-0.060870230197906494,0.6400601267814636,0.2862851321697235,-0.09388771653175354,0.6589490175247192,0.17367804050445557,-0.11358918249607086,0.6768091320991516,0.07794889807701111,-0.12251394987106323,0.6056846976280212,0.49574628472328186,-0.1017664298415184,0.5568027496337891,0.3760385811328888,-0.1351311057806015,0.531654953956604,0.28515714406967163,-0.1440921276807785,0.5145536661148071,0.2044028341770172,-0.14457085728645325
F,0.5491196513175964,0.8365980982780457,3.597970419377816e-07,0.6559574604034424,0.7791708111763,-0.0015280451625585556,0.7477320432662964,0.7018560171127319,-0.018875272944569588,0.8239172101020813,0.6648179292678833,-0.04756181314587593,0.8790805339813232,0.6164606213569641,-0.07309582084417343,0.6894698739051819,0.49708858132362366,0.011154872365295887,0.7806283831596375,0.4702872931957245,-0.04850437492132187,0.8288715481758118,0.5359933376312256,-0.09472841769456863,0.851987361907959,0.6109507083892822,-0.11545076221227646,0.6628607511520386,0.4591188430786133,-0.02043582871556282,0.7103708386421204,0.30418121814727783,-0.048952747136354446,0.7561277151107788,0.20139041543006897,-0.06910500675439835,0.7868216037750244,0.11454924941062927,-0.080612413585186,0.6271535158157349,0.4621916711330414,-0.06150829419493675,0.634113073348999,0.2845849394798279,-0.09516005218029022,0.6533825397491455,0.1690363585948944,-0.11584985256195068,0.6720415353775024,0.07216203212738037,-0.12561720609664917,0.5952916145324707,0.5026494264602661,-0.10424154996871948,0.5433178544044495,0.381533145904541,-0.13952167332172394,0.5158032774925232,0.2892691493034363,-0.15071889758110046,0.49789974093437195,0.20654034614562988,-0.1526709944009781
F,0.57105553150177,0.8144931197166443,4.0163345715882315e-07,0.6697012186050415,0.7767032384872437,-0.011998046189546585,0.757493257522583,0.7117419838905334,-0.03184893727302551,0.8322870135307312,0.6768906712532043,-0.059975914657115936,0.8876810669898987,0.6358847618103027,-0.08481878787279129,0.7106650471687317,0.5180126428604126,-0.00029538836679421365,0.7957944273948669,0.4920917749404907,-0.059226538985967636,0.838494598865509,0.5577846169471741,-0.10500361770391464,0.8563507199287415,0.630732536315918,-0.12509207427501678,0.6848194003105164,0.4744233191013336,-0.024014784023165703,0.7370967864990234,0.33444052934646606,-0.052187610417604446,0.7829529047012329,0.24222898483276367,-0.07242370396852493,0.8142650127410889,0.1619264781475067,-0.08412826061248779,0.6488267779350281,0.4678965210914612,-0.05711325258016586,0.6636857986450195,0.311432808637619,-0.0885331779718399,0.6876296401023865,0.2082328498363495,-0.10720832645893097,0.7098062634468079,0.12092697620391846,-0.11553331464529037,0.6129900217056274,0.49477145075798035,-0.09276187419891357,0.5737994313240051,0.3803980052471161,-0.12158561497926712,0.5531083345413208,0.2955794930458069,-0.12863807380199432,0.5400172472000122,0.22084259986877441,-0.12847065925598145
F,0.5684683322906494,0.8091445565223694,3.924841394109535e-07,0.6655440330505371,0.7719589471817017,-0.010787532664835453,0.7523999214172363,0.7058667540550232,-0.029504135251045227,0.8263474702835083,0.6704723834991455,-0.05693085119128227,0.8783167600631714,0.6288403868675232,-0.08113473653793335,0.7073231935501099,0.5093814730644226,0.003273407695814967,0.7915375828742981,0.4821696877479553,-0.05623152479529381,0.832626223564148,0.5473312735557556,-0.10396743565797806,0.8495945930480957,0.6205130219459534,-0.12542830407619476,0.680350124835968,0.4660167098045349,-0.020638175308704376,0.7325432896614075,0.3285508155822754,-0.04848523810505867,0.7781875133514404,0.2373260259628296,-0.06962353736162186,0.8102841377258301,0.15745162963867188,-0.08218957483768463,0.6434422135353088,0.46012383699417114,-0.0541694238781929,0.6602364182472229,0.30468496680259705,-0.08575497567653656,0.6827765107154846,0.20299723744392395,-0.10574640333652496,0.7037439942359924,0.11705267429351807,-0.11497905105352402,0.606774628162384,0.48843914270401,-0.09015257656574249,0.5668571591377258,0.377296507358551,-0.11957141757011414,0.54463130235672,0.2932034432888031,-0.12807731330394745,0.5301427841186523,0.21856600046157837,-0.12890729308128357
F,0.6424378156661987,0.788651704788208,3.251517739499832e-07,0.709865152835846,0.7769569158554077,-0.008545403368771076,0.7747474908828735,0.7455578446388245,-0.022801680490374565,0.8326406478881836,0.7240217328071594,-0.043299585580825806,0.8769671320915222,0.6928228735923767,-0.06116539612412453,0.7472237944602966,0.6011952757835388,0.006888400763273239,0.8101931214332581,0.5912570357322693,-0.031154515221714973,0.8388947248458862,0.6335026025772095,-0.05998545140028,0.8476748466491699,0.6834863424301147,-0.07171701639890671,0.7336403131484985,0.5620779395103455,-0.00940532423555851,0.7761083245277405,0.4700499176979065,-0.026904698461294174,0.8134770393371582,0.41327857971191406,-0.037273529917001724,0.8412171602249146,0.36281654238700867,-0.04200039803981781,0.711336612701416,0.5478160977363586,-0.03288559243083,0.7316168546676636,0.44080978631973267,-0.054132625460624695,0.756997287273407,0.3744024336338043,-0.06265073269605637,0.7785203456878662,0.32065150141716003,-0.06474307179450989,0.6872341632843018,0.5556380748748779,-0.05844651907682419,0.6698558330535889,0.47082656621932983,-0.07804602384567261,0.6617830395698547,0.41121548414230347,-0.08032803237438202,0.6580644845962524,0.3600921928882599,-0.0778823122382164
F,0.6220152378082275,0.7971290349960327,4.16896170918335e-07,0.703474760055542,0.7709802389144897,-0.011567369103431702,0.7813491225242615,0.7197098731994629,-0.03116682358086109,0.8505798578262329,0.6856805682182312,-0.05781162902712822,0.9041517376899719,0.6449898481369019,-0.08108720928430557,0.7347820997238159,0.5387207269668579,0.0006139973411336541,0.8092793822288513,0.5155009031295776,-0.05142420530319214,0.8498843312263489,0.5712571144104004,-0.09099458903074265,0.868445634841919,0.635219395160675,-0.1076873242855072,0.7123913764953613,0.4981704354286194,-0.02049623802304268,0.7558256983757019,0.3740254342556,-0.04585627093911171,0.7973992824554443,0.2922702431678772,-0.06214919313788414,0.826464831829071,0.22276121377944946,-0.07021501660346985,0.6818092465400696,0.4892160892486572,-0.05005310848355293,0.6980165243148804,0.3473438322544098,-0.08079971373081207,0.7240301966667175,0.2567192018032074,-0.09534097462892532,0.7462954521179199,0.18326959013938904,-0.0998646542429924,0.6525430679321289,0.5099265575408936,-0.0816342830657959,0.6200830936431885,0.40578562021255493,-0.11046387255191803,0.6015704870223999,0.3289869725704193,-0.11590580642223358,0.5890557169914246,0.261513352394104,-0.11375848948955536
F,0.5405274629592896,0.9626614451408386,5.805559339933097e-07,0.6606921553611755,0.8988634347915649,-0.014894237741827965,0.7739614844322205,0.8084905743598938,-0.04613251984119415,0.8759943842887878,0.769035816192627,-0.08811087906360626,0.9491784572601318,0.721481204032898,-0.12498334795236588,0.7052229642868042,0.5526787638664246,-0.009069778025150299,0.8238154053688049,0.5231747031211853,-0.09006165713071823,0.8827031850814819,0.6138935089111328,-0.15017327666282654,0.9101531505584717,0.7077429890632629,-0.17694373428821564,0.6720289587974548,0.5113754272460938,-0.045560259371995926,0.7391111850738525,0.31626901030540466,-0.08807207643985748,0.7920305728912354,0.18077266216278076,-0.11739794909954071,0.8265865445137024,0.06127631664276123,-0.13380949199199677,0.6251921653747559,0.5218766331672668,-0.09361357986927032,0.6473731398582458,0.29859089851379395,-0.14338192343711853,0.6741174459457397,0.15992578864097595,-0.17299827933311462,0.7001298666000366,0.03871786594390869,-0.18640516698360443,0.5820743441581726,0.5804488658905029,-0.14394496381282806,0.5167093873023987,0.4421811103820801,-0.19311238825321198,0.4778268337249756,0.329925000667572,-0.2089751958847046,0.4531231224536896,0.2224237322807312,-0.21194693446159363
F,0.5487970113754272,0.937279224395752,3.7010840969742276e-07,0.6761242747306824,0.871537446975708,-0.0013494999147951603,0.7849231958389282,0.7887922525405884,-0.024344224482774734,0.8777565956115723,0.74981290102005,-0.06103767827153206,0.9479500651359558,0.703538715839386,-0.09454945474863052,0.7220659852027893,0.5466141700744629,0.01113121211528778,0.8280231952667236,0.5279719233512878,-0.0572635680437088,0.8810253739356995,0.6131806969642639,-0.11124331504106522,0.9032732248306274,0.7025877833366394,-0.1365261971950531,0.6947761178016663,0.5109851360321045,-0.027581220492720604,0.7544090747833252,0.33446693420410156,-0.060681991279125214,0.807680070400238,0.21379849314689636,-0.0861370861530304,0.8419734239578247,0.10884445905685425,-0.10216538608074188,0.6551144123077393,0.5190041661262512,-0.07671978324651718,0.6745373606681824,0.3131883144378662,-0.11467164754867554,0.7027071714401245,0.18327373266220093,-0.140062153339386,0.7273961305618286,0.07323390245437622,-0.15400300920009613,0.6199332475662231,0.5670069456100464,-0.12778307497501373,0.5622189044952393,0.4290629029273987,-0.16868238151073456,0.5306237936019897,0.3239491879940033,-0.1821763664484024,0.5094699263572693,0.23032429814338684,-0.18562456965446472
F,0.6467486619949341,0.8032192587852478,3.091249993758538e-07,0.7258394360542297,0.7799793481826782,-0.0008459892706014216,0.7998262643814087,0.7327582836151123,-0.012870855629444122,0.8654332160949707,0.7032687664031982,-0.03464457020163536,0.9173547029495239,0.6678775548934937,-0.05413028970360756,0.7594906091690063,0.5768259167671204,0.020042892545461655,0.8288481831550598,0.5564802289009094,-0.01959899626672268,0.8657971024513245,0.603709876537323,-0.05033743754029274,0.8812320828437805,0.6617628931999207,-0.0626823827624321,0.7448161840438843,0.5376166701316833,-0.004243978299200535,0.7887704968452454,0.4266723394393921,-0.02066851034760475,0.8297421336174011,0.355035662651062,-0.031017117202281952,0.8600426912307739,0.293876975774765,-0.03619198873639107,0.7207135558128357,0.5246738195419312,-0.03674250468611717,0.7414868474006653,0.398650199174881,-0.057248469442129135,0.7695779204368591,0.3170892000198364,-0.06501758843660355,0.7929900884628296,0.2531803548336029,-0.0671609416604042,0.6961947679519653,0.5335068106651306,-0.07143599539995193,0.6765117645263672,0.42724812030792236,-0.09109688550233841,0.6676713228225708,0.3544485569000244,-0.09201472997665405,0.6635251641273499,0.294889897108078,-0.08893841505050659
F,0.6194076538085938,0.8489309549331665,3.145369191770442e-07,0.7151618003845215,0.8113962411880493,-0.004600116517394781,0.8039912581443787,0.7493698000907898,-0.021217025816440582,0.8800702095031738,0.710046112537384,-0.048134565353393555,0.9392829537391663,0.6613296866416931,-0.07207434624433517,0.7534992098808289,0.5618961453437805,0.016819939017295837,0.831210732460022,0.5339966416358948,-0.03198865056037903,0.8738259077072144,0.5909658670425415,-0.06897298246622086,0.8948661088943481,0.6625105142593384,-0.08419061452150345,0.7344536185264587,0.5258607864379883,-0.008798572234809399,0.7833278179168701,0.3943808674812317,-0.029522227123379707,0.8297991156578064,0.30986931920051575,-0.04155820980668068,0.8670598864555359,0.23538774251937866,-0.048090942203998566,0.7049209475517273,0.5196177959442139,-0.04415686056017876,0.727637529373169,0.3669251799583435,-0.06882518529891968,0.7598110437393188,0.2694477438926697,-0.07840974628925323,0.7894419431686401,0.19163942337036133,-0.08187884092330933,0.6754405498504639,0.5405147671699524,-0.0822078064084053,0.6455212235450745,0.42042386531829834,-0.10710365325212479,0.6332272887229919,0.3354591727256775,-0.11023999750614166,0.6270650029182434,0.2644709050655365,-0.10811775177717209
F,0.537152111530304,0.9811464548110962,4.4358910145092523e-07,0.6521504521369934,0.9228421449661255,-0.013870353810489178,0.7634578347206116,0.8314878344535828,-0.04092445969581604,0.8623433113098145,0.7858024835586548,-0.07776501774787903,0.9315191507339478,0.7264925241470337,-0.10941127687692642,0.698742151260376,0.5868698954582214,-0.0007093721069395542,0.8062718510627747,0.5517647862434387,-0.07382553070783615,0.8578190803527832,0.6312260031700134,-0.13118796050548553,0.8805531859397888,0.7177006006240845,-0.1576736718416214,0.6672557592391968,0.545863926410675,-0.03246897831559181,0.7304888963699341,0.3685888350009918,-0.06940622627735138,0.7895042896270752,0.25476378202438354,-0.09524451196193695,0.8358920812606812,0.15408703684806824,-0.11004048585891724,0.6234468221664429,0.551931619644165,-0.07578762620687485,0.6574693322181702,0.3470440208911896,-0.11837352812290192,0.700108528137207,0.22296100854873657,-0.14097194373607635,0.7424669861793518,0.11872225999832153,-0.1510678082704544,0.5831900238990784,0.5985152721405029,-0.12185085564851761,0.5325398445129395,0.46190035343170166,-0.16513466835021973,0.50272536277771,0.3539310395717621,-0.17786246538162231,0.48720061779022217,0.254204660654068,-0.17966093122959137
F,0.6319682002067566,0.8326244354248047,2.6573547984298784e-07,0.718399167060852,0.800750732421875,-0.0024626983795315027,0.7975739240646362,0.7504132390022278,-0.017483893781900406,0.8674989938735962,0.7121752500534058,-0.042113859206438065,0.9229205250740051,0.6626696586608887,-0.06416720896959305,0.7480213046073914,0.5836460590362549,0.01952093467116356,0.8179823160171509,0.5535295605659485,-0.023432787507772446,0.8571280241012573,0.5973917245864868,-0.0569053515791893,0.875803530216217,0.6554290652275085,-0.0709834098815918,0.7323342561721802,0.5458084344863892,-0.0045976778492331505,0.7776722311973572,0.42903560400009155,-0.023829413577914238,0.822287380695343,0.3563433289527893,-0.03604595363140106,0.8573401570320129,0.2931077182292938,-0.042911335825920105,0.7078589200973511,0.5327043533325195,-0.03744024038314819,0.733487069606781,0.3957495093345642,-0.05988888442516327,0.7668967843055725,0.31215956807136536,-0.06806866824626923,0.7971099615097046,0.246168315410614,-0.07105514407157898,0.6841052770614624,0.5424094200134277,-0.0726429671049118,0.6595478057861328,0.4289228916168213,-0.09343326091766357,0.6501874923706055,0.35144251585006714,-0.09511442482471466,0.6476199626922607,0.28745874762535095,-0.09310077875852585
F,0.45519259572029114,0.6932282447814941,3.8699371884831635e-07,0.5157591104507446,0.672486424446106,-0.03754851594567299,0.5661477446556091,0.6415531039237976,-0.0745730996131897,0.6044355034828186,0.6361976861953735,-0.11282651871442795,0.6323094964027405,0.6200540065765381,-0.14796790480613708,0.5852706432342529,0.4483272433280945,-0.05188920721411705,0.6350448131561279,0.4424011707305908,-0.12074967473745346,0.631999135017395,0.5242021679878235,-0.17352710664272308,0.610291600227356,0.5902063846588135,-0.19958072900772095,0.5443164110183716,0.4021219313144684,-0.06748572736978531,0.5868625640869141,0.26425105333328247,-0.10897228866815567,0.6196119785308838,0.16893330216407776,-0.14065581560134888,0.6456497311592102,0.0761072039604187,-0.16232967376708984,0.48694849014282227,0.39867398142814636,-0.09117411077022552,0.5103965997695923,0.257549911737442,-0.13401344418525696,0.5281029939651489,0.16537949442863464,-0.16841226816177368,0.5472758412361145,0.07600688934326172,-0.18897509574890137,0.42659246921539307,0.434381365776062,-0.1172829270362854,0.40165671706199646,0.3320891857147217,-0.15012159943580627,0.3855023980140686,0.2637341320514679,-0.16270796954631805,0.37520861625671387,0.19373950362205505,-0.16978053748607635
F,0.4420539140701294,0.6920492649078369,3.8010853131709155e-07,0.5025116205215454,0.667111337184906,-0.03882342576980591,0.5508333444595337,0.6323244571685791,-0.07678214460611343,0.5878969430923462,0.621647298336029,-0.11571967601776123,0.6185639500617981,0.6048911213874817,-0.15202894806861877,0.5691807866096497,0.443012535572052,-0.05484342575073242,0.6240418553352356,0.4285339415073395,-0.12381628155708313,0.6240002512931824,0.5047609806060791,-0.17734718322753906,0.6038154363632202,0.568006694316864,-0.20443950593471527,0.5289272665977478,0.39658987522125244,-0.06925712525844574,0.5735746622085571,0.25797969102859497,-0.11073672771453857,0.604428231716156,0.16267642378807068,-0.14372853934764862,0.6283708214759827,0.07030877470970154,-0.16686660051345825,0.472538560628891,0.3940697908401489,-0.09137558937072754,0.49493923783302307,0.255376935005188,-0.1323883831501007,0.5133574604988098,0.16208001971244812,-0.16606219112873077,0.5338807106018066,0.07266896963119507,-0.18702082335948944,0.412084698677063,0.4294087886810303,-0.11621811985969543,0.38620859384536743,0.3270241916179657,-0.14677132666110992,0.37098824977874756,0.2572278082370758,-0.1584669053554535,0.36348551511764526,0.1873682290315628,-0.16562768816947937
F,0.43192070722579956,0.7106406092643738,3.8459117490674544e-07,0.4921171963214874,0.6837912201881409,-0.03616876155138016,0.5429723262786865,0.6460148096084595,-0.07227319478988647,0.5821303725242615,0.6367521286010742,-0.10952944308519363,0.6150964498519897,0.62722247838974,-0.14411410689353943,0.5588561296463013,0.4606133699417114,-0.05160578340291977,0.6137167811393738,0.4512183964252472,-0.12027522176504135,0.6155665516853333,0.5265557765960693,-0.1734790802001953,0.5968310832977295,0.5880576968193054,-0.20028147101402283,0.516447126865387,0.41403794288635254,-0.06722144037485123,0.5612577199935913,0.2764259874820709,-0.10824310779571533,0.5912725925445557,0.18228286504745483,-0.1393258422613144,0.6141809225082397,0.09102395176887512,-0.1603316068649292,0.4585462510585785,0.41207242012023926,-0.09049932658672333,0.4801817238330841,0.27168893814086914,-0.1318688988685608,0.4968360960483551,0.1793387532234192,-0.16409549117088318,0.516583263874054,0.08918586373329163,-0.18326252698898315,0.3974654972553253,0.4487338364124298,-0.11625169962644577,0.36859050393104553,0.34814000129699707,-0.1480804979801178,0.35156720876693726,0.2796168923377991,-0.15922099351882935,0.34332436323165894,0.2089996039867401,-0.16511696577072144
F,0.4142043888568878,0.7332921028137207,3.563768018466362e-07,0.4718100130558014,0.7060468196868896,-0.037528663873672485,0.5220316648483276,0.664299726486206,-0.07351461797952652,0.5607501864433289,0.6498459577560425,-0.1103077083826065,0.5947083234786987,0.6330066919326782,-0.14437508583068848,0.5405928492546082,0.48196840286254883,-0.052312176674604416,0.5945367217063904,0.4616352319717407,-0.11852859705686569,0.5941787362098694,0.5308343172073364,-0.16909191012382507,0.5743663907051086,0.591130793094635,-0.19485382735729218,0.496873140335083,0.4346795082092285,-0.06685999780893326,0.5349206328392029,0.2951047420501709,-0.10852234810590744,0.5619989037513733,0.1994532346725464,-0.14090348780155182,0.5828461647033691,0.10723239183425903,-0.16312044858932495,0.4386352598667145,0.43356820940971375,-0.08891580998897552,0.45587387681007385,0.2933322787284851,-0.13194558024406433,0.4715246856212616,0.20006993412971497,-0.16654030978679657,0.4901348352432251,0.108711838722229,-0.18764592707157135,0.3791747987270355,0.47153764963150024,-0.1132546067237854,0.34863871335983276,0.3732689321041107,-0.14755529165267944,0.32885780930519104,0.3055383563041687,-0.16166499257087708,0.3170415163040161,0.2342463731765747,-0.1698550283908844
F,0.4248574376106262,0.7341266870498657,3.6113243595536915e-07,0.4835650324821472,0.7054276466369629,-0.035751719027757645,0.5355886816978455,0.6624454259872437,-0.07001952826976776,0.5739092826843262,0.6463896632194519,-0.10546734929084778,0.6018082499504089,0.6286286115646362,-0.1385023593902588,0.5488907098770142,0.48389458656311035,-0.0484938845038414,0.602695107460022,0.4631909430027008,-0.11335103958845139,0.6040067076683044,0.5301393270492554,-0.16373340785503387,0.5870925188064575,0.5888020992279053,-0.18969328701496124,0.5049705505371094,0.4375842809677124,-0.06365767866373062,0.5427117943763733,0.3003799319267273,-0.10410228371620178,0.5693275332450867,0.20467886328697205,-0.1362074613571167,0.5902706384658813,0.1123858094215393,-0.15843619406223297,0.4473550021648407,0.43691325187683105,-0.08641473203897476,0.46464112401008606,0.2977437674999237,-0.128183513879776,0.47881120443344116,0.2038840651512146,-0.16253693401813507,0.4965860843658447,0.11225038766860962,-0.1836981475353241,0.3887382745742798,0.4748035669326782,-0.11147766560316086,0.35694465041160583,0.37759578227996826,-0.14478451013565063,0.3367311358451843,0.3105838894844055,-0.1590241938829422,0.32499730587005615,0.24024048447608948,-0.16752418875694275
F,0.43018680810928345,0.7315620183944702,3.6964709693165787e-07,0.4895763099193573,0.7027734518051147,-0.035162828862667084,0.5410512685775757,0.6623222827911377,-0.07047588378190994,0.5798409581184387,0.6496519446372986,-0.10719244927167892,0.6142076253890991,0.6349388360977173,-0.14155897498130798,0.5562564134597778,0.4834384620189667,-0.050424423068761826,0.6119773983955383,0.4643854796886444,-0.11766728013753891,0.61418616771698,0.531581461429596,-0.1696527898311615,0.5961892008781433,0.5899032950401306,-0.1959584653377533,0.5126206874847412,0.4370579421520233,-0.06591611355543137,0.5529364943504333,0.29839327931404114,-0.10679920762777328,0.5801718831062317,0.20134282112121582,-0.13858447968959808,0.6005809307098389,0.107930988073349,-0.1602454036474228,0.455525666475296,0.43623054027557373,-0.08885299414396286,0.473911851644516,0.296689510345459,-0.1300167739391327,0.4887886643409729,0.20375150442123413,-0.16291813552379608,0.5064793229103088,0.11344429850578308,-0.18284352123737335,0.3964982330799103,0.47330397367477417,-0.11416742205619812,0.36517417430877686,0.375824898481369,-0.14644277095794678,0.34572792053222656,0.30864399671554565,-0.15900146961212158,0.33501195907592773,0.23898348212242126,-0.16597725450992584
F,0.44194459915161133,0.7357709407806396,3.578415146421321e-07,0.5050382614135742,0.7089765071868896,-0.03485998883843422,0.5615012645721436,0.6678340435028076,-0.06913573294878006,0.6046294569969177,0.6590520739555359,-0.10494044423103333,0.6379376649856567,0.647733211517334,-0.13809174299240112,0.5723282098770142,0.4865427613258362,-0.049070920795202255,0.6326066851615906,0.4746242165565491,-0.11586131155490875,0.6340800523757935,0.553082287311554,-0.16717611253261566,0.6157371997833252,0.6180768609046936,-0.19301001727581024,0.5300738215446472,0.4415012300014496,-0.06500769406557083,0.5727112889289856,0.306763231754303,-0.106444351375103,0.6019957065582275,0.21291989088058472,-0.1399112045764923,0.6250878572463989,0.12141034007072449,-0.16303418576717377,0.4732520580291748,0.4413503110408783,-0.08841446787118912,0.4948992133140564,0.3013680875301361,-0.13146084547042847,0.5113105773925781,0.20979386568069458,-0.1671641618013382,0.53104168176651,0.120319664478302,-0.18887455761432648,0.4154735803604126,0.4793204963207245,-0.11381670087575912,0.3848179578781128,0.3817644715309143,-0.1477905511856079,0.3654947876930237,0.3151164650917053,-0.1621166467666626,0.35462722182273865,0.24609987437725067,-0.17039982974529266
F,0.4443108141422272,0.7342863082885742,3.5458776892483e-07,0.5058991312980652,0.7078457474708557,-0.0354808047413826,0.5618820190429688,0.664948046207428,-0.06923564523458481,0.6046556830406189,0.6526850461959839,-0.10440405458211899,0.637071967124939,0.638517439365387,-0.1368485689163208,0.5732616186141968,0.48617252707481384,-0.04764050990343094,0.6329368948936462,0.47163695096969604,-0.11308827251195908,0.6352121233940125,0.5474412441253662,-0.16334350407123566,0.6178520917892456,0.6114637851715088,-0.18876570463180542,0.5319446325302124,0.4406156539916992,-0.06323429942131042,0.5730549097061157,0.3076503276824951,-0.1047777533531189,0.6024821996688843,0.21439343690872192,-0.13799268007278442,0.6251950263977051,0.12290281057357788,-0.1607636958360672,0.47520068287849426,0.43961015343666077,-0.08648179471492767,0.4963054060935974,0.29953476786613464,-0.1306278109550476,0.5116163492202759,0.20828363299369812,-0.16656170785427094,0.5292205214500427,0.11828732490539551,-0.18818256258964539,0.4171053469181061,0.47731584310531616,-0.11170054227113724,0.38719090819358826,0.38031142950057983,-0.14736241102218628,0.36709699034690857,0.3156275749206543,-0.16255155205726624,0.35396063327789307,0.24804335832595825,-0.1711949110031128
F,0.4488418698310852,0.73163902759552,3.852188399378065e-07,0.5094801187515259,0.7040688991546631,-0.03611372783780098,0.5636715888977051,0.6601483225822449,-0.07051144540309906,0.6036189198493958,0.6456647515296936,-0.10633042454719543,0.6353331804275513,0.631571888923645,-0.13976351916790009,0.5741794109344482,0.48366960883140564,-0.04791039600968361,0.6318597197532654,0.46941113471984863,-0.11371294409036636,0.6361005306243896,0.5412821173667908,-0.16480752825737,0.6210309267044067,0.6021084785461426,-0.1909182369709015,0.5313962697982788,0.43847593665122986,-0.06300855427980423,0.5710408687591553,0.30588498711586,-0.10468866676092148,0.6001103520393372,0.21199020743370056,-0.13774727284908295,0.6226986050605774,0.12068644165992737,-0.1602107435464859,0.4747048020362854,0.43804776668548584,-0.08580392599105835,0.49246761202812195,0.30022233724594116,-0.12922035157680511,0.5075169205665588,0.20857945084571838,-0.16415543854236603,0.5254814028739929,0.11881706118583679,-0.18498465418815613,0.4175119698047638,0.4758142828941345,-0.11083106696605682,0.3868185877799988,0.37934479117393494,-0.14502640068531036,0.36654454469680786,0.31437957286834717,-0.1590697020292282,0.3536824584007263,0.24650134146213531,-0.16697007417678833
F,0.42760056257247925,0.571367621421814,3.2138643746293383e-07,0.3627026081085205,0.5558460354804993,-0.023334763944149017,0.2966330349445343,0.5144109725952148,-0.04174868389964104,0.2381494641304016,0.4870927631855011,-0.06053810194134712,0.2078598439693451,0.44089484214782715,-0.07689014077186584,0.32473716139793396,0.35888394713401794,-0.024318872019648552,0.2682662904262543,0.3317703902721405,-0.07155796140432358,0.23772688210010529,0.3698446750640869,-0.11044198274612427,0.23105135560035706,0.4092719852924347,-0.13029715418815613,0.3571993112564087,0.32059577107429504,-0.030354846268892288,0.3401804566383362,0.20573940873146057,-0.058275867253541946,0.32902538776397705,0.12620285153388977,-0.07867893576622009,0.32333287596702576,0.05974659323692322,-0.09110789000988007,0.3964311182498932,0.3157363831996918,-0.04230085015296936,0.40767136216163635,0.21028488874435425,-0.06831009685993195,0.40962398052215576,0.14364048838615417,-0.08053150027990341,0.40508103370666504,0.086174875497818,-0.0853784829378128,0.4349660873413086,0.3416108787059784,-0.05674435943365097,0.4721440076828003,0.270897775888443,-0.07729750871658325,0.493586003780365,0.2181617021560669,-0.08008909225463867,0.5092511177062988,0.1695926934480667,-0.07766404747962952
F,0.4381049871444702,0.5981732606887817,3.213863237760961e-07,0.3726823329925537,0.5853402614593506,-0.0204534363001585,0.3084082305431366,0.545515775680542,-0.03949899971485138,0.2505401074886322,0.5274256467819214,-0.06043707951903343,0.2152009755373001,0.4959249794483185,-0.08064942806959152,0.3241526484489441,0.38600659370422363,-0.022907743230462074,0.2657657265663147,0.3626920282840729,-0.06998151540756226,0.24311308562755585,0.411431223154068,-0.11103355139493942,0.24535337090492249,0.4592600464820862,-0.133098304271698,0.3570750951766968,0.3417889475822449,-0.031895194202661514,0.3353416323661804,0.22430863976478577,-0.0596664659678936,0.3254965543746948,0.1416836977005005,-0.08322278410196304,0.3240596652030945,0.0726238489151001,-0.09935907274484634,0.39774513244628906,0.335732638835907,-0.04644360765814781,0.4099649488925934,0.2218991369009018,-0.07411133497953415,0.4104585647583008,0.15326668322086334,-0.09214800596237183,0.40734928846359253,0.09313535690307617,-0.10214708745479584,0.4382082223892212,0.36240482330322266,-0.06275290995836258,0.4788742959499359,0.28592541813850403,-0.08630189299583435,0.5022863149642944,0.2297520637512207,-0.09254451096057892,0.5209863185882568,0.1772812008857727,-0.09344630688428879
F,0.46240097284317017,0.680546760559082,3.242928130475775e-07,0.40613797307014465,0.6741703748703003,-0.016301225870847702,0.3524143397808075,0.6531907320022583,-0.03372436761856079,0.3050004541873932,0.6503404378890991,-0.05320022255182266,0.2727620601654053,0.6290901899337769,-0.07222980260848999,0.35876378417015076,0.5000215172767639,-0.02399512566626072,0.304801881313324,0.503428041934967,-0.06368765234947205,0.28128859400749207,0.5519392490386963,-0.09831005334854126,0.2819790542125702,0.5959965586662292,-0.11809507012367249,0.3828970491886139,0.4587180018424988,-0.03466254845261574,0.3593732416629791,0.3581526279449463,-0.060784876346588135,0.34606364369392395,0.28312867879867554,-0.08295619487762451,0.34418201446533203,0.22034066915512085,-0.09905044734477997,0.4144030213356018,0.4533791244029999,-0.04928458854556084,0.4264295697212219,0.34690070152282715,-0.07446518540382385,0.4285101592540741,0.2830590009689331,-0.08966968953609467,0.4276970326900482,0.22499778866767883,-0.09888587892055511,0.4486512541770935,0.47796374559402466,-0.06525503844022751,0.4868702292442322,0.4085678160190582,-0.08749980479478836,0.5078609585762024,0.3574373722076416,-0.09237806499004364,0.5239365100860596,0.30922120809555054,-0.09321935474872589
F,0.4700051546096802,0.7091377377510071,3.4107580404452165e-07,0.4137870669364929,0.695793628692627,-0.012804259546101093,0.36496981978416443,0.6711559891700745,-0.029128599911928177,0.3212876617908478,0.66239333152771,-0.04819045960903168,0.28948360681533813,0.6436372399330139,-0.06727903336286545,0.3802206814289093,0.5291708111763,-0.01810312271118164,0.33227986097335815,0.5221547484397888,-0.05338447540998459,0.3078097105026245,0.568062961101532,-0.08554041385650635,0.3040623068809509,0.6113754510879517,-0.10417919605970383,0.4032437801361084,0.494795560836792,-0.029089555144309998,0.3928869366645813,0.39484459161758423,-0.05334338918328285,0.38519173860549927,0.3246150612831116,-0.07453525811433792,0.38629239797592163,0.26556044816970825,-0.08993156999349594,0.4300630986690521,0.4934263527393341,-0.043608468025922775,0.45032399892807007,0.39341437816619873,-0.0661807730793953,0.4555935859680176,0.3309517502784729,-0.08083568513393402,0.45821118354797363,0.27668774127960205,-0.08986771106719971,0.4565647840499878,0.5184317231178284,-0.05929885059595108,0.49352338910102844,0.45301011204719543,-0.07621065527200699,0.5129912495613098,0.40687257051467896,-0.07883377373218536,0.5290964245796204,0.36564233899116516,-0.07908722013235092
F,0.4618911147117615,0.7111380100250244,3.1271693501366826e-07,0.4061640501022339,0.6985269784927368,-0.010162332095205784,0.35867899656295776,0.6707446575164795,-0.022834235802292824,0.31623584032058716,0.6617429256439209,-0.03881174698472023,0.2867082953453064,0.6440402269363403,-0.05467582494020462,0.3739453852176666,0.5329264402389526,-0.010986506938934326,0.3257460594177246,0.5305567383766174,-0.04470684751868248,0.3012201488018036,0.572830319404602,-0.07592760026454926,0.29823243618011475,0.6127341985702515,-0.09374500811100006,0.396313339471817,0.49868595600128174,-0.02199724316596985,0.38453635573387146,0.4009964168071747,-0.04502617195248604,0.37547728419303894,0.33124762773513794,-0.06562961637973785,0.37529733777046204,0.2744848430156708,-0.08017570525407791,0.4226981997489929,0.4959201514720917,-0.03669925406575203,0.43898946046829224,0.3963090181350708,-0.057894643396139145,0.4442102909088135,0.3343404531478882,-0.0710594579577446,0.44593214988708496,0.2819017469882965,-0.07860816270112991,0.4489119052886963,0.5174290537834167,-0.05258995667099953,0.48521265387535095,0.45103883743286133,-0.0696166530251503,0.505499005317688,0.40447938442230225,-0.07275791466236115,0.5212893486022949,0.3639231324195862,-0.07278559356927872
F,0.4641246497631073,0.7130197286605835,3.278596523159649e-07,0.41063591837882996,0.7022013068199158,-0.013503017835319042,0.36316385865211487,0.6752059459686279,-0.02821573056280613,0.3192019760608673,0.665427565574646,-0.045660316944122314,0.2889809012413025,0.6471689939498901,-0.06278477609157562,0.37721407413482666,0.5374912619590759,-0.014688958413898945,0.33099111914634705,0.5326465964317322,-0.050925176590681076,0.3052231967449188,0.5732604265213013,-0.08404324948787689,0.3005034327507019,0.6121480464935303,-0.10293027758598328,0.4007900059223175,0.5008151531219482,-0.024433840066194534,0.3908304274082184,0.4040873348712921,-0.04922236502170563,0.38062378764152527,0.3340989351272583,-0.07039135694503784,0.3788999021053314,0.27720704674720764,-0.08494410663843155,0.42809656262397766,0.49681147933006287,-0.038175757974386215,0.44532695412635803,0.3984981179237366,-0.060458287596702576,0.4499971866607666,0.3374582529067993,-0.072670578956604,0.4517950713634491,0.2854631543159485,-0.07901982218027115,0.45508384704589844,0.5180093050003052,-0.05347614735364914,0.4909428656101227,0.4528276324272156,-0.07063411921262741,0.510461151599884,0.4073432981967926,-0.07285641878843307,0.5260800123214722,0.3675357699394226,-0.07175654917955399
F,0.4660167396068573,0.7119330167770386,3.030821460470179e-07,0.4102104604244232,0.6970394253730774,-0.010082832537591457,0.36224600672721863,0.6675271987915039,-0.023131312802433968,0.3189375102519989,0.6556280255317688,-0.0393986776471138,0.28841301798820496,0.6374959349632263,-0.055335018783807755,0.37938448786735535,0.526331901550293,-0.011270853690803051,0.331344872713089,0.5255666375160217,-0.04680720344185829,0.30507123470306396,0.5676933526992798,-0.07957186549901962,0.30075445771217346,0.6075671911239624,-0.09810057282447815,0.40163010358810425,0.4935964345932007,-0.022392993792891502,0.38951146602630615,0.3969688415527344,-0.04619457200169563,0.3785499334335327,0.32585418224334717,-0.06645110249519348,0.375877320766449,0.2683062255382538,-0.08034911006689072,0.4284816384315491,0.4921586215496063,-0.03731956705451012,0.444943368434906,0.39220231771469116,-0.05885768309235573,0.4491215646266937,0.3288026750087738,-0.07050500810146332,0.44964420795440674,0.27572911977767944,-0.0765351951122284,0.45539557933807373,0.5155751705169678,-0.05353908985853195,0.49204739928245544,0.44854965806007385,-0.07039693742990494,0.5109399557113647,0.4010966420173645,-0.07252738624811172,0.5254673957824707,0.3599507510662079,-0.07141068577766418
F,0.42693644762039185,0.6842666268348694,3.9240416072061635e-07,0.3543984591960907,0.6714127063751221,-0.016011212021112442,0.2837876081466675,0.6414459347724915,-0.036115314811468124,0.21456286311149597,0.6405644416809082,-0.05910521000623703,0.16410508751869202,0.6258525252342224,-0.0814380943775177,0.29868870973587036,0.44466230273246765,-0.02252165414392948,0.22930395603179932,0.45482388138771057,-0.0729788988828659,0.1965199112892151,0.5189763307571411,-0.12028297781944275,0.18978556990623474,0.5757955312728882,-0.147084578871727,0.3263382613658905,0.40343570709228516,-0.034495219588279724,0.30265212059020996,0.28672170639038086,-0.06250961124897003,0.2926485538482666,0.19991040229797363,-0.08656562119722366,0.2934107780456543,0.13103613257408142,-0.10353187471628189,0.3661762773990631,0.4006939232349396,-0.05149383842945099,0.37934625148773193,0.2784004807472229,-0.07644311338663101,0.38577112555503845,0.20173263549804688,-0.08836190402507782,0.3877800703048706,0.13686531782150269,-0.09466259926557541,0.40655550360679626,0.42883428931236267,-0.07064212113618851,0.4493459165096283,0.3456811308860779,-0.09316945821046829,0.47450482845306396,0.28593748807907104,-0.0945889875292778,0.49284034967422485,0.22984091937541962,-0.09111049026250839
F,0.40246111154556274,0.7071743011474609,3.3954910350075806e-07,0.3144349455833435,0.6951030492782593,-0.012877869419753551,0.23093576729297638,0.6696420907974243,-0.03257866948843002,0.1529170572757721,0.6689358949661255,-0.056316230446100235,0.09804388880729675,0.6509180665016174,-0.07870601862668991,0.25558340549468994,0.4498947858810425,-0.02031063660979271,0.1758004128932953,0.47015276551246643,-0.07556832581758499,0.13823729753494263,0.5382338166236877,-0.1282493621110916,0.13039763271808624,0.599286675453186,-0.1586158126592636,0.2863447070121765,0.40047112107276917,-0.0357874371111393,0.25523319840431213,0.2765464782714844,-0.06562507152557373,0.24158814549446106,0.1853041648864746,-0.0919586718082428,0.24219173192977905,0.11520382761955261,-0.11130093038082123,0.3282468318939209,0.39223501086235046,-0.05649076774716377,0.34175145626068115,0.2580288350582123,-0.08062677085399628,0.34849417209625244,0.17677870392799377,-0.08931387215852737,0.34939730167388916,0.10675355792045593,-0.09436087310314178,0.3718947768211365,0.4194689989089966,-0.07974275946617126,0.42127975821495056,0.3277648091316223,-0.10181829333305359,0.4498072862625122,0.26087385416030884,-0.10090859234333038,0.4695740342140198,0.1980692446231842,-0.09576600790023804
F,0.3946528136730194,0.715530276298523,3.4183094044237805e-07,0.30733001232147217,0.7013745903968811,-0.014403925277292728,0.2229783535003662,0.6718785762786865,-0.03447990119457245,0.14580567181110382,0.6686689257621765,-0.05846576765179634,0.09010049700737,0.650017499923706,-0.08131185919046402,0.2514111399650574,0.45471540093421936,-0.02150725945830345,0.17138119041919708,0.47146424651145935,-0.07638447731733322,0.13274849951267242,0.5393528938293457,-0.1278671771287918,0.12461911141872406,0.5991076231002808,-0.15694661438465118,0.2824555039405823,0.4052375853061676,-0.0362609326839447,0.253473699092865,0.27899378538131714,-0.06577669084072113,0.24230392277240753,0.18665042519569397,-0.08992566913366318,0.24572908878326416,0.11638528108596802,-0.10686517506837845,0.32539045810699463,0.3978005051612854,-0.056515198200941086,0.34078675508499146,0.26401031017303467,-0.08193790912628174,0.34853485226631165,0.179762601852417,-0.09044211357831955,0.3510827422142029,0.10819977521896362,-0.09419295936822891,0.36932992935180664,0.42628058791160583,-0.07930471748113632,0.41824090480804443,0.33354467153549194,-0.1013074442744255,0.44594070315361023,0.2650882601737976,-0.09945907443761826,0.4661937355995178,0.2021850049495697,-0.09316851198673248
F,0.38690632581710815,0.7041531205177307,3.0695809982717037e-07,0.3011401295661926,0.6929657459259033,-0.012405294924974442,0.2194562703371048,0.662717878818512,-0.029393384233117104,0.14316728711128235,0.6575415134429932,-0.049829237163066864,0.08713605999946594,0.6418999433517456,-0.06857148557901382,0.24400438368320465,0.450194776058197,-0.01929425448179245,0.1647673100233078,0.4707017242908478,-0.07139226049184799,0.12688882648944855,0.5313877463340759,-0.12198984622955322,0.1169649213552475,0.5839559435844421,-0.15175114572048187,0.2745683789253235,0.40287432074546814,-0.03407707437872887,0.2433929443359375,0.2802976667881012,-0.06395701318979263,0.23199164867401123,0.1908356249332428,-0.09182946383953094,0.2349359691143036,0.12514570355415344,-0.11214958131313324,0.316333144903183,0.3966177701950073,-0.053487543016672134,0.3269904553890228,0.26266366243362427,-0.07662264257669449,0.3352280259132385,0.18098241090774536,-0.08546292781829834,0.33588963747024536,0.10954016447067261,-0.0907575860619545,0.35885706543922424,0.4219457507133484,-0.07535546272993088,0.40367981791496277,0.3309956192970276,-0.09552362561225891,0.43088507652282715,0.26461106538772583,-0.09431400150060654,0.44882822036743164,0.20247384905815125,-0.08944183588027954
F,0.3824405074119568,0.7011640071868896,3.163852397847222e-07,0.2956298291683197,0.6868648529052734,-0.01145689282566309,0.21399548649787903,0.6549477577209473,-0.027632562443614006,0.13772401213645935,0.6506208181381226,-0.04752957448363304,0.0844951719045639,0.6322119235992432,-0.0658576488494873,0.24404610693454742,0.44757235050201416,-0.016558360308408737,0.1658918261528015,0.4636293947696686,-0.06764964014291763,0.1272430568933487,0.524988055229187,-0.11732996255159378,0.11589987576007843,0.5785555839538574,-0.14629332721233368,0.2735697329044342,0.40075182914733887,-0.030974147841334343,0.24334484338760376,0.2781026065349579,-0.060430675745010376,0.23054638504981995,0.1888016164302826,-0.08725325763225555,0.2309558093547821,0.1212712824344635,-0.10657216608524323,0.31320637464523315,0.39492231607437134,-0.05012165382504463,0.32630500197410583,0.2632334530353546,-0.07286626845598221,0.3337092995643616,0.1819966435432434,-0.08110710978507996,0.3333854079246521,0.11166051030158997,-0.08563979715108871,0.352282851934433,0.42105719447135925,-0.07167011499404907,0.3967474699020386,0.32962268590927124,-0.09130623191595078,0.4234303832054138,0.2632558345794678,-0.08953747898340225,0.44145816564559937,0.2017163336277008,-0.08420336991548538
F,0.3811236321926117,0.7072423696517944,3.213904165022541e-07,0.2935493588447571,0.6910157799720764,-0.009159303270280361,0.2151952087879181,0.6648674011230469,-0.02565702050924301,0.14267610013484955,0.6645381450653076,-0.046798840165138245,0.0919644683599472,0.6474558711051941,-0.06654608994722366,0.244879350066185,0.45745590329170227,-0.013505254872143269,0.1683119535446167,0.48079606890678406,-0.0651165246963501,0.1321353316307068,0.5423703193664551,-0.1156037226319313,0.12421703338623047,0.596379280090332,-0.1449020355939865,0.27295905351638794,0.4129902124404907,-0.029296251013875008,0.24417312443256378,0.29238927364349365,-0.058593787252902985,0.231533020734787,0.20285385847091675,-0.08503497391939163,0.23198583722114563,0.1358439326286316,-0.10382356494665146,0.3134098947048187,0.4086013734340668,-0.04991574212908745,0.32488423585891724,0.27982306480407715,-0.07183882594108582,0.33053192496299744,0.19901558756828308,-0.07880378514528275,0.32918429374694824,0.13085439801216125,-0.08216255158185959,0.35260653495788574,0.4358980357646942,-0.07295844703912735,0.3942610025405884,0.34644871950149536,-0.0911586657166481,0.4177529811859131,0.2807314693927765,-0.08809562772512436,0.4337345361709595,0.2205226719379425,-0.08167105168104172
F,0.383623868227005,0.7047005295753479,3.1551377333016717e-07,0.2960692346096039,0.6907316446304321,-0.00984328892081976,0.2191765308380127,0.6690810322761536,-0.026309184730052948,0.14497753977775574,0.6699678301811218,-0.04658382385969162,0.09380249679088593,0.6534867882728577,-0.06474299728870392,0.24129582941532135,0.46161866188049316,-0.01731211319565773,0.16344526410102844,0.4855925440788269,-0.06899696588516235,0.1310177892446518,0.5494082570075989,-0.11885819584131241,0.125807985663414,0.6033405065536499,-0.14781807363033295,0.26871031522750854,0.41688379645347595,-0.03184263035655022,0.23612579703330994,0.297591894865036,-0.06279747933149338,0.22219377756118774,0.20923873782157898,-0.08982742577791214,0.22108976542949677,0.14186140894889832,-0.1089349016547203,0.3090634346008301,0.4114043414592743,-0.05073338374495506,0.3178093433380127,0.282192587852478,-0.07279911637306213,0.3236389756202698,0.20246481895446777,-0.07869870960712433,0.321320503950119,0.13530418276786804,-0.08129749447107315,0.3488767147064209,0.43604347109794617,-0.07205770909786224,0.3887164890766144,0.3443845510482788,-0.09019654244184494,0.4121581017971039,0.27787989377975464,-0.08693444728851318,0.4280349910259247,0.2175556719303131,-0.0802120789885521
F,0.38044050335884094,0.7105978727340698,3.4535204918029194e-07,0.2925434708595276,0.6977437734603882,-0.011385452933609486,0.21313253045082092,0.6735585927963257,-0.029216071590781212,0.13894164562225342,0.6770354509353638,-0.05114555358886719,0.08743369579315186,0.662920355796814,-0.07176394015550613,0.23650696873664856,0.46379297971725464,-0.01768018677830696,0.15844595432281494,0.49094390869140625,-0.07011634111404419,0.12355048954486847,0.558670699596405,-0.12130586057901382,0.11575186252593994,0.6161144971847534,-0.1514022946357727,0.26413431763648987,0.4186260998249054,-0.03261183947324753,0.23211164772510529,0.2992503046989441,-0.063646599650383,0.21830062568187714,0.210365891456604,-0.09150347113609314,0.21807414293289185,0.1418168544769287,-0.11137404292821884,0.30494004487991333,0.4141426682472229,-0.05225016176700592,0.31673160195350647,0.28407710790634155,-0.07630331069231033,0.3214598596096039,0.202726811170578,-0.08509841561317444,0.31936952471733093,0.1335914134979248,-0.08961237967014313,0.34476664662361145,0.44211074709892273,-0.07421665638685226,0.38527148962020874,0.35197722911834717,-0.09433528035879135,0.40753841400146484,0.2855282723903656,-0.09237267822027206,0.4227294921875,0.22332331538200378,-0.08672644197940826
F,0.3864355683326721,0.7174755930900574,3.0430416586568754e-07,0.3075674772262573,0.6985301971435547,-0.013598483055830002,0.23179584741592407,0.6667639017105103,-0.030934784561395645,0.16125941276550293,0.6643771529197693,-0.052032262086868286,0.109342560172081,0.6502087712287903,-0.07270370423793793,0.25814056396484375,0.4745788276195526,-0.014191637746989727,0.1856406182050705,0.48481473326683044,-0.06563802063465118,0.14681801199913025,0.5459946990013123,-0.11503089964389801,0.1361525058746338,0.6000158786773682,-0.1430516541004181,0.2856917083263397,0.42886805534362793,-0.027772778645157814,0.2559185326099396,0.3086124658584595,-0.05632692575454712,0.2425476759672165,0.21892476081848145,-0.08118847012519836,0.2417868673801422,0.14667454361915588,-0.09849574416875839,0.32498082518577576,0.42225581407546997,-0.047048162668943405,0.3367049992084503,0.2957885265350342,-0.07339269667863846,0.3393067717552185,0.21551001071929932,-0.08673512935638428,0.33845779299736023,0.1470431387424469,-0.0933157205581665,0.364488422870636,0.45022812485694885,-0.06839196383953094,0.4054356813430786,0.3632189631462097,-0.08956596255302429,0.42701131105422974,0.29964298009872437,-0.0900241881608963,0.4429851770401001,0.24083763360977173,-0.08625654876232147
F,0.44248783588409424,0.7303698062896729,2.810056969337893e-07,0.3767210841178894,0.7153680324554443,-0.011017203330993652,0.3156191408634186,0.6805537939071655,-0.02511562965810299,0.25995323061943054,0.6750282645225525,-0.04285581037402153,0.2185281217098236,0.664231538772583,-0.06046667322516441,0.3321211338043213,0.5210164189338684,-0.010120708495378494,0.27063971757888794,0.5191253423690796,-0.05090094730257988,0.2381572127342224,0.5742536783218384,-0.0910298302769661,0.2283385843038559,0.6233540177345276,-0.11431507021188736,0.35506704449653625,0.48100441694259644,-0.02163059450685978,0.33419156074523926,0.37354257702827454,-0.04651917517185211,0.32245752215385437,0.29569658637046814,-0.0698336586356163,0.31935378909111023,0.22968775033950806,-0.08673877269029617,0.38581568002700806,0.476036012172699,-0.037620775401592255,0.3971664309501648,0.36445558071136475,-0.059605129063129425,0.40048617124557495,0.2946935296058655,-0.07338156551122665,0.4002237617969513,0.2339177131652832,-0.08138194680213928,0.41726750135421753,0.5004706382751465,-0.05519082769751549,0.45009371638298035,0.42233774065971375,-0.07187709212303162,0.469889760017395,0.36702069640159607,-0.07290798425674438,0.4860326051712036,0.31752723455429077,-0.07127350568771362
F,0.46331560611724854,0.6806829571723938,3.271168509400013e-07,0.40792685747146606,0.6680115461349487,-0.0032953761983662844,0.35855597257614136,0.6423061490058899,-0.014650149270892143,0.303720086812973,0.6368552446365356,-0.030819877982139587,0.26502421498298645,0.6311898231506348,-0.04610086604952812,0.3703784942626953,0.5066239833831787,-0.0027529695071280003,0.3156443238258362,0.5261515378952026,-0.03795185685157776,0.2852172553539276,0.5695949196815491,-0.07437024265527725,0.2763614058494568,0.6055426001548767,-0.09705894440412521,0.3842560648918152,0.4790697395801544,-0.014851889573037624,0.36888840794563293,0.3870941996574402,-0.03760089725255966,0.3583039939403534,0.3152621388435364,-0.05966344103217125,0.3583403527736664,0.2615986764431,-0.07648128271102905,0.4044250547885895,0.48045292496681213,-0.030034422874450684,0.41717466711997986,0.3790993094444275,-0.043741822242736816,0.4231708347797394,0.315457284450531,-0.04742729663848877,0.42509180307388306,0.26208052039146423,-0.05017666891217232,0.4240570068359375,0.4984380602836609,-0.04695563390851021,0.4529139995574951,0.43166887760162354,-0.0569598414003849,0.4681898355484009,0.3829846978187561,-0.05424590781331062,0.477630078792572,0.33675625920295715,-0.05080486834049225
F,0.46039319038391113,0.6862713098526001,2.9782225396957074e-07,0.4004642367362976,0.6636701822280884,0.005762818269431591,0.3539953827857971,0.6430769562721252,-0.003356974571943283,0.3006722331047058,0.6383115649223328,-0.018575219437479973,0.2623102068901062,0.6324902176856995,-0.03286594897508621,0.3728732764720917,0.5084667205810547,-0.00014749761612620205,0.31340470910072327,0.5306344032287598,-0.03283024951815605,0.2848673164844513,0.5740342736244202,-0.06716395914554596,0.2768993675708771,0.609257698059082,-0.0891399085521698,0.38495171070098877,0.48591527342796326,-0.015299170278012753,0.3664344251155853,0.3918296992778778,-0.04031505808234215,0.3553408086299896,0.3211037516593933,-0.06460835784673691,0.35503265261650085,0.2688855826854706,-0.08340495824813843,0.4022996723651886,0.49064943194389343,-0.031644802540540695,0.412737101316452,0.3857284486293793,-0.043306153267621994,0.41940373182296753,0.32202789187431335,-0.04531887173652649,0.4204351305961609,0.26939907670021057,-0.047949254512786865,0.41763514280319214,0.5093050003051758,-0.0488879457116127,0.4449644088745117,0.43889057636260986,-0.05554606020450592,0.4583840072154999,0.3893495500087738,-0.05110158026218414,0.46617910265922546,0.343183696269989,-0.047414474189281464
F,0.4272211790084839,0.7158036828041077,3.2381132086811704e-07,0.3365805745124817,0.6936625242233276,0.025825312361121178,0.2688262164592743,0.6568703651428223,0.021857747808098793,0.20099394023418427,0.6598728895187378,0.003360786009579897,0.14790277183055878,0.6581850647926331,-0.0151661466807127,0.28750237822532654,0.47450587153434753,0.04591282829642296,0.22073674201965332,0.49914616346359253,0.011085053905844688,0.18022041022777557,0.5683066248893738,-0.03199711814522743,0.16493849456310272,0.622401237487793,-0.056943364441394806,0.29887357354164124,0.4407046139240265,0.015313048847019672,0.27948442101478577,0.3251373767852783,0.007563681807368994,0.2634492814540863,0.23206406831741333,-0.00570918433368206,0.2616322636604309,0.16217666864395142,-0.017930902540683746,0.3161814510822296,0.44009116291999817,-0.02060008980333805,0.32216426730155945,0.3053484261035919,-0.020209822803735733,0.32893726229667664,0.21237045526504517,-0.01184358261525631,0.3382236361503601,0.14283421635627747,-0.007919789291918278,0.3293120563030243,0.46004077792167664,-0.05853487551212311,0.3490162789821625,0.35763877630233765,-0.058746565133333206,0.3610510230064392,0.27964210510253906,-0.046065498143434525,0.3705742657184601,0.21368539333343506,-0.03512988239526749
F,0.4143070578575134,0.7428710460662842,3.4637258750080946e-07,0.35497739911079407,0.7466618418693542,-0.028902430087327957,0.2918981611728668,0.7222330570220947,-0.051411207765340805,0.23869982361793518,0.7123754620552063,-0.07511210441589355,0.20074298977851868,0.68622225522995,-0.09730486571788788,0.26773160696029663,0.5671601891517639,-0.021334685385227203,0.22086048126220703,0.5440635681152344,-0.07239056378602982,0.2131105661392212,0.5842626094818115,-0.11480417847633362,0.2252195179462433,0.6228898763656616,-0.13633331656455994,0.29543986916542053,0.5093303918838501,-0.029096174985170364,0.24950356781482697,0.3953251540660858,-0.056992847472429276,0.22131624817848206,0.3214242160320282,-0.0790722668170929,0.20105770230293274,0.257247656583786,-0.09316905587911606,0.3399621844291687,0.4859793186187744,-0.0446121022105217,0.30922988057136536,0.38490045070648193,-0.0711696445941925,0.2862173020839691,0.32362669706344604,-0.08673674613237381,0.26261106133461,0.2694917619228363,-0.09516306966543198,0.3935852348804474,0.4952584207057953,-0.06338247656822205,0.3972618877887726,0.4174981117248535,-0.07830680161714554,0.399829238653183,0.366224467754364,-0.07775493711233139,0.4010500907897949,0.3224276304244995,-0.07576169073581696
F,0.4171954393386841,0.728420078754425,3.9448437405553705e-07,0.36142498254776,0.7343276739120483,-0.031281787902116776,0.3033609688282013,0.7164218425750732,-0.05854513496160507,0.259787380695343,0.707248330116272,-0.0871981605887413,0.2257167398929596,0.6917598247528076,-0.1145278587937355,0.2665494382381439,0.5563845038414001,-0.027403324842453003,0.22071395814418793,0.5385483503341675,-0.08187402784824371,0.21880203485488892,0.5886754393577576,-0.12642662227153778,0.23517683148384094,0.6362068057060242,-0.14901399612426758,0.2926892936229706,0.49760761857032776,-0.03643782436847687,0.2432757019996643,0.38484933972358704,-0.06700096279382706,0.21175724267959595,0.3129947781562805,-0.09148426353931427,0.18734893202781677,0.24697700142860413,-0.10671240836381912,0.33738723397254944,0.47394850850105286,-0.053331151604652405,0.3087320625782013,0.36595338582992554,-0.08617156744003296,0.2843141257762909,0.29951632022857666,-0.10901741683483124,0.26108238101005554,0.24048298597335815,-0.12156707793474197,0.3926871418952942,0.4851835072040558,-0.07304695248603821,0.41116803884506226,0.4053783416748047,-0.09669332206249237,0.42229098081588745,0.35057252645492554,-0.10301189124584198,0.4316365420818329,0.29997095465660095,-0.10455974191427231
F,0.40336892008781433,0.7235957384109497,4.696772180068365e-07,0.3529703617095947,0.7280592918395996,-0.03790401667356491,0.2991214692592621,0.7129859924316406,-0.07020068913698196,0.25813257694244385,0.7093127369880676,-0.10319022834300995,0.22971972823143005,0.6988121867179871,-0.134573832154274,0.25182485580444336,0.5553683042526245,-0.030708469450473785,0.21202413737773895,0.5463700294494629,-0.08783765882253647,0.21727275848388672,0.6011871099472046,-0.13593284785747528,0.2379869967699051,0.6502164602279663,-0.1606578528881073,0.27539634704589844,0.4974174201488495,-0.037538088858127594,0.2192637324333191,0.38642215728759766,-0.06658973544836044,0.18599286675453186,0.31223851442337036,-0.0901835560798645,0.16248726844787598,0.2424057424068451,-0.10545191913843155,0.3198850750923157,0.473271906375885,-0.05333276093006134,0.28422364592552185,0.3645501136779785,-0.08274585008621216,0.2564539909362793,0.2980600595474243,-0.1032155305147171,0.23138689994812012,0.23965996503829956,-0.11511101573705673,0.37602823972702026,0.48139631748199463,-0.07321007549762726,0.38848185539245605,0.4023694396018982,-0.09203704446554184,0.395785927772522,0.3496338129043579,-0.09523598849773407,0.400595486164093,0.3003898561000824,-0.09568411111831665
F,0.4013673961162567,0.7159994840621948,4.539442386430892e-07,0.35049012303352356,0.7196071743965149,-0.036648109555244446,0.29772549867630005,0.7010747790336609,-0.06942711025476456,0.2602468430995941,0.6920579075813293,-0.10301143676042557,0.2318638563156128,0.6763664484024048,-0.13555318117141724,0.2573120892047882,0.53977370262146,-0.03347285836935043,0.2176436334848404,0.5248637199401855,-0.09032657742500305,0.22032640874385834,0.577818751335144,-0.13830173015594482,0.23877424001693726,0.6258657574653625,-0.16370290517807007,0.283774733543396,0.4819164276123047,-0.04200137406587601,0.23172754049301147,0.36766812205314636,-0.0714898630976677,0.19994689524173737,0.2939442992210388,-0.09679543972015381,0.17706425487995148,0.22343581914901733,-0.11381545662879944,0.32903411984443665,0.46047118306159973,-0.05888807028532028,0.2960329055786133,0.3493839502334595,-0.08982937783002853,0.2704589068889618,0.27918508648872375,-0.11289176344871521,0.24691690504550934,0.21546250581741333,-0.12717333436012268,0.38506853580474854,0.47327864170074463,-0.07938190549612045,0.4020121395587921,0.3941960334777832,-0.1013575941324234,0.4118873178958893,0.3396477699279785,-0.10695544630289078,0.4187292456626892,0.2873440384864807,-0.10927577316761017
F,0.4015677571296692,0.7159169316291809,4.463385039343848e-07,0.348531574010849,0.719417154788971,-0.03362961485981941,0.29394492506980896,0.700727105140686,-0.06362662464380264,0.25312891602516174,0.6899060010910034,-0.0951019898056984,0.22480446100234985,0.6718475818634033,-0.1254509538412094,0.25687992572784424,0.542663037776947,-0.02787550538778305,0.21431973576545715,0.52549147605896,-0.08351591229438782,0.21174468100070953,0.5727352499961853,-0.13006648421287537,0.22773633897304535,0.6200993657112122,-0.15431390702724457,0.2834618389606476,0.48274675011634827,-0.036660484969615936,0.23295864462852478,0.3668781518936157,-0.06668998301029205,0.2020222246646881,0.2925800681114197,-0.09172255545854568,0.17967456579208374,0.22423055768013,-0.10778048634529114,0.3285669684410095,0.4596855044364929,-0.05363950878381729,0.2978876531124115,0.34862086176872253,-0.08449859917163849,0.2742171883583069,0.2791481614112854,-0.10579630732536316,0.25174933671951294,0.21723386645317078,-0.1179967075586319,0.38429129123687744,0.47213274240493774,-0.07398286461830139,0.4022056758403778,0.39301547408103943,-0.09424587339162827,0.4123699367046356,0.3394663333892822,-0.09818431735038757,0.419577956199646,0.2894931137561798,-0.09895031154155731
